CustomerID,FirstName,LastName,Phone,Email,Address,JoinDate,State
1,Dustin,Diaz,(107) 429-6508,jenniferbaker@montgomery-cardenas.com,"198 Elizabeth Bypass, Allenmouth, IN 60876",12/8/2019,Indiana
2,Jessica,Anderson,(936) 234-0473 ext 4335,vanessamoses@velasquez.com,"PSC 6146, Box 0055, APO AE 83600",3/3/2016,Army
3,Jeremy,Wagner,(593) 321-1624 ext 10444,johntrujillo@golden.com,"636 John Oval Apt. 207, Angelfurt, HI 24913",6/20/2023,Hawaii
4,Crystal,Roberts,(502) 211-0360 ext 097,stewartsean@gmail.com,"8398 Carter Views, North Austinhaven, RI 17496",4/17/2020,Rhode Island
5,Anna,Bryant,(776) 228-1583 ext 2038,jacobcantrell@gmail.com,"52819 Craig Springs Apt. 576, Steventown, MD 27048",3/23/2025,Maryland
6,Stephanie,Anderson,(818) 932-3502,wsmith@hotmail.com,"3075 Woods Trafficway Apt. 950, Lake Davidshire, OH 06361",5/3/2017,Ohio
7,Andrew,Watson,(152) 150-3661 ext 885,vazquezjill@campbell.biz,"74734 Anne Harbors Suite 931, New Lisaside, AZ 44407",4/10/2025,Arizona
8,Charles,Leach,(396) 447-2700 ext 079,sward@yahoo.com,"1428 Acevedo Trail, Petersonport, AK 27348",1/2/2024,Alaska
9,Tracy,Dominguez,(636) 293-1712,molly55@gmail.com,"709 Stephanie Path, Carterhaven, TX 04617",5/14/2022,Texas
10,Patricia,Wilcox,(971) 601-5512,yhernandez@johnson-ball.com,"98020 Miller Ridges, West Edwinside, MA 74375",7/16/2022,Massachusetts
11,Christopher,Baker,(002) 797-3791 ext 10944,paige20@gmail.com,"152 Dickerson Inlet, East Kimland, CO 80914",4/2/2016,Colorado
12,Veronica,Patton,(544) 170-6633 ext 099,angelabrown@tanner.com,"203 Byrd Summit Suite 337, Port Karen, NH 07518",11/17/2024,New Hampshire
13,Melissa,Santiago,(795) 341-9299 ext 36670,tamaramartin@house.com,"933 James Route, Henryberg, DC 61086",2/1/2021,District of Columbia
14,Ernest,Davis,(551) 279-1868 ext 833,john69@gmail.com,"Unit 1605 Box 1940, DPO AP 31755",12/23/2023,Army
15,Steven,Ramos,(852) 380-9613 ext 3841,timothywright@ramirez.com,"0046 Ruth Street, New Matthewtown, AK 97325",6/4/2019,Alaska
16,Thomas,Sharp,(271) 444-8482,navarrokenneth@hotmail.com,"855 Joanne Walks Suite 544, Juliabury, NJ 26432",4/9/2018,New Jersey
17,Michelle,Erickson,(597) 754-3113,petersonstephen@yahoo.com,"28607 Glenn Summit, Johnsonhaven, TN 73545",8/6/2020,Tennessee
18,Rachael,Adams,(855) 020-6084 ext 8992,jessica66@gmail.com,"91533 Andrew Rapid, Caseybury, DC 66543",10/10/2016,District of Columbia
19,Chad,Young,(840) 863-4594 ext 935,heather39@yahoo.com,"29233 Thomas Lane Apt. 268, Loganborough, NH 28400",4/26/2022,New Hampshire
20,Charles,Gibbs,(212) 911-9870 ext 304,johnmoore@hotmail.com,"1573 Smith Mount Suite 938, East Jason, AZ 08718",5/27/2015,Arizona
21,William,Erickson,(719) 489-3911,jerry15@perry-gray.com,"7151 Parrish Turnpike Suite 363, Lake Shannon, NE 58967",9/15/2024,Nebraska
22,Jennifer,Campbell,Invalid Data,nkim@gmail.com,"USNS Rivera, FPO AA 11263",12/12/2017,Army
23,Monique,Bryan,(784) 268-2286 ext 487,iphillips@moore.info,"7877 Riddle Fall Suite 674, East Sheriton, ME 31222",8/27/2017,Maine
24,Tara,Reed,(112) 706-1267,jonespaul@gmail.com,"4771 Yoder Dam, Warrenfurt, NJ 22788",11/18/2023,New Jersey
25,Daniel,Smith,(631) 446-4207 ext 113,amy63@gmail.com,"USNS Johnson, FPO AA 17247",6/27/2020,Army
26,Rachael,Mcclure,(013) 626-1236 ext 5728,samanthacarrillo@hotmail.com,"0299 Morales Center, New Jody, ID 84917",3/31/2022,Idaho
27,Caleb,Cherry,(520) 152-3479 ext 4034,smithjordan@hotmail.com,"2469 Bethany Circles Suite 553, South Kimberlystad, CA 89911",1/1/2018,California
28,Katherine,Clements,(889) 653-2108 ext 58428,randallmorris@williams.biz,"237 Stephens Manors, New Marcusfort, ME 92190",12/25/2023,Maine
29,Brenda,Garcia,(032) 943-8671,utapia@yahoo.com,"9279 Claire Extensions Apt. 723, South Robert, LA 72632",12/4/2016,Louisiana
30,Steven,Russo,(586) 371-3757 ext 4444,juanrice@peterson-sanders.org,"9397 Jordan Hill, North Jerry, OK 35102",1/4/2017,Oklahoma
31,Dale,Porter,(640) 840-7173,brandon65@foley.biz,"7037 Young Well, Josephview, AR 29278",8/31/2023,Arkansas
32,Benjamin,Cowan,(201) 471-1996,michael05@hotmail.com,"35656 Barker Route Apt. 790, Katrinaside, IA 48391",5/16/2015,Iowa
33,Casey,Frederick,(370) 181-3450 ext 218,martinezpatricia@yahoo.com,"7252 Yolanda Centers, Beckshire, AZ 53167",1/18/2025,Arizona
34,Nicole,Miller,(691) 545-7065,alexis77@gmail.com,"1228 Smith Station Apt. 729, Craigburgh, OK 86417",6/1/2015,Oklahoma
35,Andrew,Hood,(476) 726-8163,paul33@green.com,"01658 Montes Path Apt. 944, New Danielton, RI 57343",5/23/2024,Rhode Island
36,Jennifer,Mann,(066) 686-4589,timothycuevas@joyce.com,"USNS Brennan, FPO AP 81242",3/31/2020,Army
37,Michael,Henderson,(120) 845-7436 ext 63493,davidmccarthy@gmail.com,"8345 Potter Groves, Robertmouth, CO 11203",8/18/2024,Colorado
38,Chad,Holland,(737) 660-9862 ext 169,jason86@acosta.net,"70557 Bishop Dam, Riceshire, TX 40922",8/3/2023,Texas
39,Daniel,Collins,(933) 057-0467,wjohnson@herrera.com,"9778 Jacob Mountain, Wrightburgh, TX 63338",3/11/2025,Texas
40,Jason,Rogers,(556) 950-4345 ext 7451,bonniemartin@yahoo.com,"14683 Autumn Spring Suite 640, West Erika, VA 97403",7/2/2016,Virginia
41,Sharon,Day,(295) 846-9665,gregory02@brown.info,"0508 Bobby Squares, Kramerburgh, IL 83278",4/3/2020,Illinois
42,Stephanie,Chambers,(858) 589-2167 ext 808,jamesprice@hotmail.com,"USCGC Hardin, FPO AA 27606",6/21/2023,Army
43,Heidi,Perry,(053) 351-7435 ext 46557,martineznicholas@bennett-juarez.net,"58338 Torres Plains, Marcton, PA 32614",4/6/2022,Pennsylvania
44,Ryan,Allen,(203) 245-1569,angela56@hotmail.com,"56421 Roberts Harbor, New Corey, MS 25204",11/15/2021,Mississippi
45,Kristy,Harris,(390) 092-7119 ext 91974,annacoffey@yahoo.com,"3001 Donna Place, East Shirleyland, DE 66198",7/21/2023,Delaware
46,Michelle,Hart,(618) 081-7343 ext 547,hallcindy@jones-fernandez.com,"9691 Amber Burgs Apt. 590, Archerberg, IN 15629",8/8/2022,Indiana
47,Michael,Carrillo,(633) 450-2776 ext 810,ebartlett@yahoo.com,"568 Keith Route, New Nicole, VT 13093",1/13/2022,Vermont
48,Roger,Cohen,(182) 938-6532,lgraham@gmail.com,"3419 Margaret Mills Apt. 077, North James, IA 45064",1/23/2016,Iowa
49,Frank,Barr,(693) 239-3139 ext 573,stephanie72@gmail.com,"32282 Catherine Islands Suite 786, New Rachelfort, WY 70288",3/18/2021,Wyoming
50,Vanessa,Gutierrez,(828) 073-1418 ext 0280,sandovaljohn@clark.com,"Unit 4049 Box 0104, DPO AA 50369",8/21/2019,Army
51,John,Thomas,Invalid Data,bcochran@yahoo.com,"949 Nguyen Forge Apt. 347, South Steven, FL 07435",2/14/2025,Florida
52,Kelly,Joseph,(960) 306-3768,lutzvictoria@hotmail.com,"1872 Bryant Summit Apt. 348, Lake Corey, OH 59848",9/21/2019,Ohio
53,Michael,Brown,(195) 472-4985,billy84@yahoo.com,"9141 Haas Meadows, Watsonfort, ME 31866",6/14/2018,Maine
54,Kristen,Taylor,(542) 770-8768 ext 116,frankoneill@acevedo-ashley.biz,"1124 Phillips Crescent Apt. 913, Emilyland, VA 47071",5/11/2022,Virginia
55,Alexis,Coleman,(242) 132-6488 ext 831,lawrenceevans@gmail.com,"34185 Boyle Streets Apt. 826, Johnsonstad, NM 06909",5/17/2020,New Mexico
56,Rodney,Martinez,(118) 638-6460 ext 913,hailey93@gmail.com,"723 Cooper Crescent, Woodside, NC 30885",3/26/2022,North Carolina
57,Kevin,Johnson,(125) 960-9197 ext 5110,youngmonica@yahoo.com,"Unit 1002 Box 1097, DPO AA 15588",9/10/2020,Army
58,Jason,White,(741) 209-1107 ext 059,jonesdavid@daniels-sandoval.com,"22173 Larry Camp, West Kevin, MS 02869",10/27/2015,Mississippi
59,Christopher,Jenkins,(337) 010-0383 ext 3658,rodney08@yahoo.com,"80054 Connie Bypass Apt. 413, East Angela, AL 13771",4/27/2018,Alabama
60,Jonathan,Ware,(661) 597-5417 ext 75315,ifleming@walsh.com,"PSC 1454, Box 6638, APO AP 92627",2/19/2021,Army
61,Melissa,Riley,(004) 840-8921 ext 45062,anthonylewis@gmail.com,"354 Hill Hills, Lake Michele, VA 83015",1/27/2025,Virginia
62,Roberto,Taylor,(611) 709-1623 ext 89155,turnerjoann@herring-smith.com,"4567 Trevor Pass Apt. 318, East Lauren, MA 72835",8/24/2017,Massachusetts
63,Courtney,Wise,(845) 021-0155 ext 831,tmontes@hotmail.com,"661 Jennifer Coves Suite 868, Hartmanstad, OH 68880",3/30/2018,Ohio
64,Mark,Luna,(187) 691-4769,wanda13@hotmail.com,"4803 Scott Meadow, Reynoldsmouth, RI 63224",7/9/2017,Rhode Island
65,Clifford,Lopez,(477) 757-1417 ext 97936,dlittle@fields.com,"7821 Marcus Shore Suite 109, New Nicholasmouth, NE 61727",6/14/2022,Nebraska
66,Hannah,Alvarez,(277) 083-6205 ext 3332,lmoore@hotmail.com,"0357 Hunter Harbor Apt. 172, Oneillfurt, SC 70400",3/3/2024,South Carolina
67,David,Johnson,(125) 947-7015 ext 73129,morgansharon@gmail.com,"5473 Megan Pass, Reneemouth, KS 51761",9/9/2020,Kansas
68,Jacob,York,(930) 517-4841,zjohnson@yahoo.com,"5749 Warren Glens Suite 817, Morganberg, AL 65930",8/13/2018,Alabama
69,Patricia,Brooks,(058) 330-2572 ext 2078,qmartinez@yahoo.com,"90677 Cody Fords, South Christine, NE 55008",7/13/2016,Nebraska
70,Julie,James,(301) 177-6471 ext 9711,mforbes@gmail.com,"680 Carlson Port, Christensenchester, NH 27425",9/21/2024,New Hampshire
71,Dylan,Kim,(670) 311-0715 ext 7363,victor57@gmail.com,"7126 Adrian Stravenue Suite 129, Port Jasontown, KY 84490",2/19/2024,Kentucky
72,Melissa,Holt,(657) 765-0136 ext 27457,andrew28@hotmail.com,"5107 Wilson Estate Apt. 675, West Matthewchester, CO 03102",12/19/2021,Colorado
73,Ashley,Robinson,(962) 528-7923 ext 744,carl76@gmail.com,"761 Jacqueline Groves Suite 420, Michaelborough, DC 46737",3/27/2023,District of Columbia
74,David,Odom,(237) 161-3991 ext 82900,othomas@lawson.com,"69763 Skinner Ridges, South Karl, LA 53341",8/20/2020,Louisiana
75,Rebecca,Novak,(466) 968-4144,lisa67@allen-smith.org,"546 Angela Meadows Apt. 677, Dunnhaven, FL 28820",9/9/2019,Florida
76,James,Robles,(964) 939-4501,deborah21@hotmail.com,"8015 Lee Drives, Savageton, ND 64287",1/1/2019,North Dakota
77,Willie,Dominguez,(306) 047-1316 ext 655,tylerruiz@gmail.com,"468 Delacruz Branch Suite 861, Jamesland, NM 48079",10/12/2020,New Mexico
78,Philip,Ramos,(984) 760-1767,byrdjeremy@hotmail.com,"0617 Jennifer Falls Apt. 865, Mckinneyview, OR 36986",11/1/2015,Oregon
79,Heather,Barber,(720) 508-7478 ext 760,oaguilar@yahoo.com,"2189 James Harbors Apt. 541, Cookville, LA 66006",2/4/2019,Louisiana
80,Christopher,Marshall,(583) 207-0160,cruztammy@burgess.org,"6464 Darren Row, Robertside, NY 91707",11/28/2023,New York
81,Grace,Davis,Invalid Data,richard06@yahoo.com,"4401 Anthony Ridge Apt. 986, Mataberg, AK 98677",8/25/2024,Alaska
82,Jennifer,Santiago,(582) 882-8369,smithgina@morton.info,"74074 Robinson Knolls Apt. 824, Robertsonburgh, WI 77372",9/25/2023,Wisconsin
83,Miguel,Montgomery,(583) 871-9852 ext 799,cheryl11@wilcox.biz,"472 Pham Valley Apt. 641, Lake Samanthachester, MI 24654",11/27/2015,Michigan
84,Jeffrey,Hobbs,(026) 715-1324,martinezstephanie@williams-ryan.com,"067 Davis Prairie, Phamland, FL 86029",10/20/2015,Florida
85,Scott,Hunt,(188) 521-9116,jasonramirez@massey.org,"2206 English Common Suite 175, Nelsonview, MS 09671",5/18/2021,Mississippi
86,Elizabeth,Myers,(910) 772-2129 ext 802,carlsonrenee@cisneros-wagner.com,"Unit 9704 Box 9894, DPO AP 53675",9/19/2020,Army
87,Brianna,Kim,(262) 160-3336,rogerstara@brown-horton.net,"629 Turner Vista, Gonzalezshire, VT 43927",5/15/2016,Vermont
88,Amanda,Fisher,(926) 393-1916 ext 5594,timothyharris@sharp.com,"2280 Andrew Estate, South Jon, KS 88282",11/26/2021,Kansas
89,Daniel,Joseph,(450) 780-4935 ext 8701,gbrown@miller.info,"8864 Rose Branch, Cobbberg, WI 55062",4/27/2025,Wisconsin
90,Justin,Case,(581) 809-0627 ext 06283,hdavis@pitts.net,"46900 Carlson Vista, Georgeshire, OR 14269",3/5/2020,Oregon
91,Bonnie,Burch,(897) 847-4452 ext 426,xtaylor@gmail.com,"44583 Davis View Suite 435, East Kristinhaven, SC 76737",3/4/2025,South Carolina
92,George,Tucker,(569) 513-6144 ext 6760,smithbrandon@gmail.com,"5470 Jeffery Parks, East Zacharyside, TN 80915",8/17/2017,Tennessee
93,Jonathan,Jimenez,(420) 878-1442,samanthacruz@gay.com,"39531 Aguirre Underpass Apt. 128, South Christopher, AL 61195",4/22/2018,Alabama
94,Mark,Martin,(363) 869-2657,shane56@guzman-hernandez.com,"019 Amy Forks Suite 910, Port Jasonhaven, GA 40115",7/30/2018,Georgia
95,Natalie,Hall,(001) 701-5858 ext 30017,ymartinez@hotmail.com,"77169 Jimenez Field, Port Nina, OK 77248",4/26/2025,Oklahoma
96,Sandra,Gray,(418) 164-6646 ext 98839,kflores@smith.com,"9103 Branch Ports Apt. 894, Stevenport, GA 29639",9/17/2015,Georgia
97,Allison,Wright,(114) 893-4792,keith37@barnes-koch.com,"08815 Smith View Suite 790, Kristenchester, KS 45174",2/27/2022,Kansas
98,Wesley,Bailey,(567) 081-6932 ext 431,smithlarry@young.com,"631 Murphy Garden, Howardborough, RI 96151",9/27/2017,Rhode Island
99,Victoria,Willis,(331) 988-7464,kristenmeyer@yahoo.com,"575 Peters Lodge, Lisafort, MA 79213",1/2/2023,Massachusetts
100,Troy,Nguyen,(488) 875-4221,burnettellen@hotmail.com,"021 Nixon Shore Apt. 831, Caseyhaven, AZ 68196",9/25/2021,Arizona
101,Jennifer,Sutton,(897) 806-9941,ferrellhayden@williams.org,"334 Jack Crossroad Suite 069, Brownmouth, NJ 03371",3/7/2024,New Jersey
102,Laurie,Petersen,(968) 202-6281,carolrojas@hotmail.com,"63798 Aaron Drive Apt. 552, Lewisview, MN 70194",8/15/2021,Minnesota
103,Isaac,Moore,(557) 960-5625 ext 99394,davidsavage@gmail.com,"58904 Anderson Junctions, Snydershire, ND 05865",8/30/2021,North Dakota
104,Scott,Gordon,(288) 653-6495 ext 8152,katelynmann@yahoo.com,"350 Foster Key Suite 649, Kimville, NE 59271",10/13/2016,Nebraska
105,Manuel,Lester,(795) 469-5438 ext 518,james35@kent.biz,"887 Rhonda Viaduct Suite 892, East Monique, IA 30363",9/19/2018,Iowa
106,Kathleen,Walker,(296) 438-4322 ext 367,taylorabigail@gmail.com,"320 Anthony Rue Apt. 838, Meganview, OR 03870",9/9/2016,Oregon
107,Jason,Parker,(660) 259-9797,calebking@hines.biz,"619 Robinson Courts Suite 576, West Michelle, MD 46665",4/16/2020,Maryland
108,Grant,Taylor,(931) 891-1284 ext 443,theresa52@garcia.com,"0053 Gomez Run, Jamestown, LA 17586",12/17/2018,Louisiana
109,Corey,Alexander,(235) 461-6357 ext 065,michael50@hotmail.com,"842 Larry Skyway Apt. 873, Carrshire, DE 56250",10/3/2015,Delaware
110,Donna,Fox,(887) 836-7659 ext 95862,leeerica@yahoo.com,"84752 Jones Shores, East Alan, GA 46922",11/16/2016,Georgia
111,Daniel,Little,(525) 397-5850 ext 38312,escobarlinda@yahoo.com,"372 Martin Bridge, Michaelmouth, CA 55377",5/27/2018,California
112,Scott,Lopez,(253) 416-3559,brian14@espinoza.com,"77176 Kenneth Heights Apt. 947, Gaychester, MD 20165",11/25/2018,Maryland
113,Chad,Johnson,(787) 531-4838 ext 67053,adriankerr@yahoo.com,"525 Renee Islands, Melissastad, IA 93944",1/8/2024,Iowa
114,Stephanie,Robertson,(129) 399-3715 ext 4043,cmayer@yahoo.com,"61474 Espinoza Crescent, Lake Ianchester, HI 91709",7/17/2016,Hawaii
115,Kelly,Lawson,92247502,daniel33@yahoo.com,"233 Stephanie Extension, West Morganchester, AL 94517",9/18/2018,Alabama
116,Erin,Matthews,(999) 294-2881 ext 8366,haroldcox@burns.info,"77425 Steven Isle Suite 187, Daviston, IA 76083",6/2/2021,Iowa
117,Amber,Spencer,Invalid Data,ybarnett@yahoo.com,"92863 Oneal Cove Apt. 305, Davidfort, ND 71982",3/6/2018,North Dakota
118,Deborah,Gray,(554) 560-6828 ext 3702,sabrinawhite@hotmail.com,"04463 Casey Lights Apt. 365, Sarahland, MS 86743",1/9/2023,Mississippi
119,Joan,Savage,(903) 476-3372 ext 954,kimberlyramirez@yahoo.com,"230 Kelly Branch, South Daniel, KY 46250",7/1/2015,Kentucky
120,Terri,Scott,(329) 954-0258,wilsonmartin@swanson.org,"USS Ritter, FPO AE 79081",5/11/2020,Army
121,Mark,Lawson,Invalid Data,yshort@smith.com,"5020 Montes Harbors Suite 387, Brendaville, WY 69076",7/23/2021,Wyoming
122,Shane,Robbins,(586) 495-7316,peterbass@davis.com,"33764 Mack Fields, Mileshaven, PA 70910",4/1/2025,Pennsylvania
123,Stephanie,Thompson,(414) 452-8763,kaylafox@yahoo.com,"681 Edwards Crossroad, West Kevinfurt, TN 67040",4/10/2020,Tennessee
124,Andrew,Lowery,(861) 587-9387 ext 134,brandonschmitt@richardson-murray.com,"628 Sharp Branch, Gardnerside, AR 79281",1/5/2020,Arkansas
125,Adam,Gonzalez,(437) 606-2769 ext 0886,rachel54@flores.com,"4508 Jay Spurs Apt. 538, Klinebury, SD 63166",2/16/2023,South Dakota
126,Erica,Watts,(722) 895-1646 ext 58495,uowen@burns.com,"PSC 1644, Box 0092, APO AE 86333",5/22/2015,Army
127,Jessica,Welch,(486) 145-6059 ext 33953,martinezheather@yahoo.com,"415 John River Suite 607, Hughesfurt, WI 09379",4/3/2021,Wisconsin
128,Christopher,Russell,(508) 366-3798 ext 9921,cody74@franklin.biz,"23637 Murphy Prairie Apt. 648, New Jaimemouth, LA 98576",6/27/2024,Louisiana
129,Joshua,Atkins,(966) 454-4833 ext 0840,freemanlee@grant.org,"Unit 0431 Box 4393, DPO AP 24171",12/25/2020,Army
130,Jonathan,Kramer,(503) 587-6245 ext 229,tuckerelizabeth@gmail.com,"665 Campbell Village Apt. 584, Lake Jamesburgh, MI 63896",12/23/2016,Michigan
131,Jesse,Ferguson,(069) 579-4224 ext 1680,kyle22@gmail.com,"582 Barrett Corners Suite 427, Brownbury, NE 23885",9/15/2015,Nebraska
132,Ryan,Fisher,(937) 044-8921,christine43@espinoza-alvarez.com,"1190 Kim Divide, East Douglas, UT 59798",8/18/2024,Utah
133,Jeremiah,Pham,(621) 703-0758,brittney88@yahoo.com,"498 Edwards Village Suite 119, West Christopherside, DE 10331",11/3/2021,Delaware
134,John,Chandler,(075) 964-2425 ext 6937,stoneloretta@yahoo.com,"280 Charles Mission Suite 017, West Masonchester, ND 43378",10/21/2017,North Dakota
135,Sara,Henderson,(378) 201-8420 ext 916,moralesdonna@hotmail.com,"2192 Long Lane, West Nicole, SD 26920",10/18/2024,South Dakota
136,Kristin,Hansen,(026) 326-6493 ext 027,crawfordamanda@gmail.com,"6707 Cynthia Mountain Apt. 726, Douglaschester, GA 34589",8/25/2022,Georgia
137,Joseph,Mathews,(590) 151-3715,bakeraaron@ross.biz,"88332 Anthony Spurs, South Blake, NJ 41662",11/29/2016,New Jersey
138,Samuel,Howard,(996) 922-0068,danielle01@hotmail.com,"7872 Miranda Center, Nicholasfurt, HI 40862",4/4/2022,Hawaii
139,Dan,Rojas,(670) 869-0740 ext 9560,jeffreyrodriguez@carson-williams.com,"9620 Kara Cliff Suite 896, East Gregoryside, WY 99375",8/23/2020,Wyoming
140,Elizabeth,Callahan,(933) 860-1636 ext 36989,jefferyramos@yahoo.com,"601 Bridges Ville, Port Nicholasport, GA 35285",7/22/2019,Georgia
141,Elizabeth,Stark,(129) 083-8614 ext 81875,dawn26@gmail.com,"13017 Michael Cliff Suite 849, Lake Corey, MT 24771",4/19/2018,Montana
142,Sherri,Peterson,(702) 831-7865 ext 3014,robert93@gonzalez-mccarty.info,"PSC 9963, Box 7640, APO AA 02728",8/20/2017,Army
143,Ryan,Montes,(943) 868-0729,marquezbrian@logan-glass.com,"1999 Nash Mills, North Andrewtown, MI 50899",10/29/2016,Michigan
144,Katrina,Walls,(618) 147-1169,erica76@valencia-morrow.com,"013 Jenny Stravenue Apt. 833, Leetown, GA 22152",12/6/2020,Georgia
145,April,Taylor,(035) 776-0085 ext 813,xbush@hotmail.com,"378 Shane Street, Morganchester, VT 34569",2/7/2018,Vermont
146,Blake,Hogan,(280) 633-5150 ext 84913,stephaniemarsh@serrano.com,"863 Moore Brooks Suite 412, New Robert, CT 82775",4/23/2018,Connecticut
147,Andrea,Lynch,(751) 581-5669,lisataylor@glass.com,"02185 Deanna Springs, Hernandezchester, ME 80505",9/29/2015,Maine
148,James,Avery,(484) 893-3999 ext 6798,jonesrobert@smith.info,"431 Sarah Way Suite 650, Meyerburgh, CT 69138",9/29/2019,Connecticut
149,Brandy,Gomez,(366) 341-6071 ext 07758,kyleguzman@gmail.com,"7271 Mindy Junction, North Madeline, KS 27603",2/10/2016,Kansas
150,Caitlin,Todd,(146) 705-3546 ext 6464,yateseric@hotmail.com,"5314 Marie Path, Flynntown, AK 59247",12/16/2020,Alaska
151,Joseph,Nicholson,(646) 859-9880 ext 25953,alexanderalex@hotmail.com,"USNS Lee, FPO AA 49825",11/28/2020,Army
152,Austin,Russell,Invalid Data,kylethomas@wilson.com,"9675 Gonzales Stream, Port Davidhaven, CT 05923",4/2/2022,Connecticut
153,Joseph,Smith,(470) 975-0020 ext 6200,timothy41@yahoo.com,"8556 Lindsay Hills, Lake Carlamouth, GA 11792",8/4/2021,Georgia
154,Tiffany,Estrada,(795) 443-2814,annettesmith@gmail.com,"38372 David Stream, New Johnburgh, IA 58694",4/3/2024,Iowa
155,Laura,Perkins,(108) 784-2503 ext 2664,michellealvarado@ritter.org,"8881 Carter Village Apt. 629, Stacyfort, OK 47441",11/19/2022,Oklahoma
156,Lauren,Vega,(851) 723-2108 ext 87705,hughesmary@gmail.com,"73983 Miller Greens, North Jenniferstad, NH 79025",2/8/2021,New Hampshire
157,Martha,Bruce,(796) 045-5523 ext 4932,tracey59@giles-mcdaniel.com,"6903 Shirley Parkway, Perezfort, IL 70569",12/24/2024,Illinois
158,Eric,Kane,(885) 303-1504 ext 351,lnorton@hotmail.com,"Unit 3506 Box 2364, DPO AE 13191",11/27/2015,Army
159,Heather,Garcia,(189) 951-8822 ext 363,mcculloughchristy@kramer.biz,"307 Adrian Isle, Lake Ellen, OH 33491",10/9/2017,Ohio
160,Jennifer,Martinez,(772) 258-6504 ext 059,jose81@yahoo.com,"34996 Michelle Glen, Lake Carly, WY 19241",2/5/2025,Wyoming
161,Kevin,Diaz,Invalid Data,samanthayates@cabrera.net,"88632 Foster Highway, Chenmouth, PA 81554",2/28/2018,Pennsylvania
162,Timothy,Gray,(991) 744-4232,danielbailey@yahoo.com,"Unit 0377 Box 3765, DPO AA 63585",8/12/2022,Army
163,Larry,White,(923) 557-8755 ext 74858,michael08@gmail.com,"52970 Bonilla Lock Apt. 382, West Dennis, MT 75326",2/3/2021,Montana
164,James,Brown,(602) 801-8905 ext 777,anoble@gmail.com,"816 Black Cliffs, Willisstad, TN 77065",7/18/2023,Tennessee
165,Tina,West,(987) 179-0420 ext 3604,brian86@greer.biz,"668 Thomas Circle Suite 547, Fergusonton, IL 96579",1/3/2017,Illinois
166,Heather,Bennett,(934) 264-0699,williamslori@yahoo.com,"3773 Rangel Trafficway, Lake James, NV 69073",9/2/2019,Nevada
167,Christine,Woods,(475) 654-7460 ext 295,mitchellthomas@hotmail.com,"39896 Davis Lane, Juarezstad, LA 56954",2/2/2025,Louisiana
168,Ashley,Chavez,(117) 687-6618,charles82@gmail.com,"282 Andrea Estates Suite 113, East Kyle, MS 75253",9/1/2023,Mississippi
169,Nicholas,Becker,(696) 559-2933 ext 8918,laurawilliams@yahoo.com,"1003 Walters Cliff, South Samuel, CT 34991",6/13/2021,Connecticut
170,Victoria,Miller,(797) 829-5999,madisonmiller@reyes.biz,"4554 Donald Fork Apt. 798, Kellyhaven, VA 51925",7/7/2024,Virginia
171,Jill,Terrell,(146) 597-1487 ext 81560,efoster@gmail.com,"92331 Martin Plaza, East Jessicafurt, GA 24632",1/12/2024,Georgia
172,Sonya,Ramirez,(076) 516-9700 ext 8306,josephwright@rivers-lopez.net,"038 Matthew Harbor Apt. 533, West Sarahhaven, TN 31281",9/20/2020,Tennessee
173,Philip,Solis,(735) 639-4609 ext 549,joanna71@gmail.com,"558 Mendez Ports Apt. 024, Bethanytown, PA 03931",8/31/2015,Pennsylvania
174,Andrew,Schmidt,(709) 366-2216 ext 43708,jenniferjordan@weiss-hall.com,"47561 Sarah Groves Suite 165, Hammondmouth, LA 13901",6/25/2020,Louisiana
175,David,Higgins,(794) 542-0732 ext 2642,yjimenez@cook.com,"1750 Tamara Mission Apt. 369, Lake Laura, AK 68737",4/1/2025,Alaska
176,Richard,Blackwell,(653) 929-2120 ext 178,thall@mejia.com,"305 Vickie Light, Danielleberg, VA 12631",10/30/2022,Virginia
177,Christopher,Summers,(617) 375-2401 ext 53744,wdavis@gmail.com,"8893 Rodney Prairie Apt. 741, Bennettfurt, MS 09272",9/10/2017,Mississippi
178,John,Hendrix,(080) 142-3407 ext 3408,williamswayne@yahoo.com,"0867 Benjamin Drive, Lake Tiffanystad, NH 26082",2/10/2017,New Hampshire
179,Jennifer,Brooks,(681) 779-0688 ext 505,jacqueline85@bailey.com,"212 Wright Flats, Clarkhaven, ME 02585",3/23/2022,Maine
180,Michelle,Shaw,(721) 165-8100 ext 247,wwilliams@yahoo.com,"55428 Compton Burgs, Port Stacey, KY 37571",6/22/2017,Kentucky
181,Nicole,Jacobs,(778) 918-0411 ext 90161,eanderson@conway.com,"895 Paula Track, North Michaelville, IL 17818",3/21/2024,Illinois
182,Christopher,Shaw,(288) 312-9346,rodriguezjohn@hotmail.com,"812 James Mountain Apt. 972, East Rachel, OK 72504",5/25/2018,Oklahoma
183,Nicole,Baker,(100) 877-2446,andersonjonathan@gmail.com,"4430 Patrick Burgs, Nicholasbury, NM 50863",8/18/2017,New Mexico
184,Chloe,Garner,(611) 209-1649 ext 138,megantownsend@collins-marsh.com,"9532 Karen Flat Apt. 514, Port Robert, VT 74970",10/28/2020,Vermont
185,Daniel,Clark,(455) 581-7027 ext 75227,tanya84@walker-medina.info,"6345 Chapman Lodge, Perryland, SC 07272",2/12/2017,South Carolina
186,Christian,Moore,(416) 444-0762,hcolon@avila.biz,"USNS Thompson, FPO AP 35747",2/13/2024,Army
187,Ernest,Avila,(200) 978-9704 ext 354,jonathan94@hotmail.com,"280 Donald Ville, Brittneyside, MD 06470",6/5/2020,Maryland
188,Jason,Knox,(074) 440-7558 ext 82461,grahamisabel@hotmail.com,"8350 Leah Lane, Guerraview, NJ 51222",9/26/2019,New Jersey
189,Michelle,Pearson,(445) 377-9131,jessicatran@yahoo.com,"2912 Ortiz Motorway, Aaronmouth, NE 39976",6/10/2018,Nebraska
190,William,Ashley,(305) 424-4402,michaelreed@gmail.com,"839 Jodi Throughway Suite 805, Lake Angel, WA 23402",1/8/2017,Washington
191,Angela,Brown,(603) 067-8186,jmorris@flores.net,"3621 Mark Knolls Apt. 740, Taylorbury, OK 75640",5/10/2025,Oklahoma
192,Edward,Allen,(006) 626-7109 ext 88915,peterwright@mccann.com,"45202 Brenda Rue, West Jordanbury, AR 23473",3/19/2019,Arkansas
193,Robin,Shepherd,(895) 975-1476 ext 9791,ysolomon@gmail.com,"8483 Price Extensions Suite 293, Port David, NE 08699",10/18/2022,Nebraska
194,Kathryn,Mercer,(248) 933-3709,williamclayton@yahoo.com,"209 Mary Bridge, New Kimberlyview, WY 19950",3/18/2016,Wyoming
195,Janice,Johnson,(301) 919-7173,williamsemily@yahoo.com,"4613 Erickson Road Apt. 143, Maryside, UT 64071",10/3/2023,Utah
196,Richard,Baker,(116) 245-6099,rodgersandrew@donovan-henry.biz,"5819 Richard Center, Nicoleland, VA 98374",6/23/2021,Virginia
197,Collin,Prince,(212) 214-2107 ext 301,quinnrandy@young.com,"6115 Katherine Mall Apt. 903, South Ericachester, OR 18719",3/16/2019,Oregon
198,Danny,Anderson,(609) 701-3500 ext 756,mary51@yahoo.com,"2271 Herring Loaf Suite 077, Andrealand, KY 39950",11/27/2021,Kentucky
199,David,Cunningham,Invalid Data,hollandmorgan@gmail.com,"3518 Jamie Well, Laurenberg, NH 26612",11/24/2021,New Hampshire
200,William,Gentry,(957) 136-8623 ext 82042,walterjeanne@yahoo.com,"6201 Knox Brooks Suite 402, Jillburgh, IA 64153",8/6/2021,Iowa
201,Steven,Sullivan,(924) 972-8593 ext 7417,richardsoncheryl@lopez.info,"5711 Torres Ridges, East David, NY 84927",11/6/2024,New York
202,Joseph,Powell,(457) 798-5986,william56@hotmail.com,"8772 Kenneth Drive, North Danielle, AL 85978",5/18/2015,Alabama
203,Francisco,Huff,(409) 453-5228,kenneth27@yahoo.com,"95707 Wu Glen, South Christopher, KS 86498",4/5/2023,Kansas
204,Lauren,Flynn,(196) 943-4822 ext 5095,christydominguez@hotmail.com,"PSC 5876, Box 0566, APO AE 16500",12/24/2017,Army
205,Karina,Barker,(836) 312-1581,faulknerheidi@yahoo.com,"11033 Gary Cliffs Suite 846, East Rebeccaport, OK 91792",4/6/2017,Oklahoma
206,Kara,Mueller,(079) 834-3645 ext 2637,ronald66@hotmail.com,"93447 Michelle Well Suite 164, South Emilyport, NY 85159",1/27/2021,New York
207,Morgan,Sims,(844) 350-8799 ext 24478,plarson@gmail.com,"784 Sims Roads, East Justinbury, SD 45752",2/23/2023,South Dakota
208,Greg,Jacobson,(369) 281-7992 ext 112,wheelerbrett@gmail.com,"27827 Robin Ports, Port Erin, IA 10407",1/25/2016,Iowa
209,Elizabeth,Webb,(496) 213-8156 ext 26938,fwright@lopez.com,"9816 Martin Route, Jasonbury, PA 65499",7/10/2019,Pennsylvania
210,John,Sanchez,(255) 039-8541 ext 59499,derrickmarshall@gmail.com,"673 Rebecca Lodge Suite 397, Michelletown, IN 34445",6/27/2016,Indiana
211,Mercedes,Knapp,(746) 970-3307 ext 21316,wpeterson@yahoo.com,"7617 Jesse Trace Suite 997, Lake Nicholeport, NH 24864",1/16/2016,New Hampshire
212,Kelsey,Gray,(070) 720-3916 ext 70970,hoffmanmatthew@carroll.org,"5034 Salinas Field Apt. 761, Wrightburgh, NC 43889",5/8/2024,North Carolina
213,William,Murphy,(846) 230-7398 ext 99456,collinmorales@douglas.net,"34091 Sanchez Mission, Shanechester, NC 06226",1/10/2018,North Carolina
214,Wendy,Warren,(546) 430-2759 ext 93209,mullinskelly@martin.com,"693 Grimes Orchard Apt. 869, New Deanburgh, OH 56508",6/14/2021,Ohio
215,Robert,Moore,(821) 857-8383,jesus90@yahoo.com,"3049 Dean Grove, Johnsonborough, MT 45898",1/9/2020,Montana
216,Amanda,Delgado,(275) 328-2289,natalie11@wright.com,"511 Matthew Forest, Matthewsstad, AR 90967",12/9/2015,Arkansas
217,Jason,Ray,(938) 070-2733 ext 49622,cody38@hotmail.com,"22724 Aaron Road, Lake Melissachester, MA 04477",5/27/2019,Massachusetts
218,Rebecca,Griffin,(112) 608-1397,campbellsamantha@hotmail.com,"Unit 0003 Box 6611, DPO AA 79468",4/7/2023,Army
219,Samuel,Mendez,(574) 136-7616 ext 2571,mdavila@lowe.com,"7721 Phillip Stravenue Suite 396, Danielton, WV 74660",8/13/2017,West Virginia
220,Ryan,Green,(889) 378-1544,lmccarthy@duffy.net,"0502 Luis Springs Apt. 307, New Brandiport, ND 25892",12/6/2018,North Dakota
221,Michael,Huynh,Invalid Data,rileytracy@gmail.com,"89582 Ruiz Run, New Paula, AR 33094",7/10/2023,Arkansas
222,Adam,Stephens,(561) 766-4513,craigjodi@hotmail.com,"7751 Samantha Dam, South Hollybury, HI 80448",5/14/2023,Hawaii
223,Sarah,Thomas,(087) 426-1212 ext 766,frenchkyle@jones-martinez.info,"5461 Wood Island, West Jamie, MA 55262",11/20/2024,Massachusetts
224,Shelby,Reid,(919) 456-5054 ext 01881,jessicagamble@griffin-henry.biz,"394 John Bridge Apt. 711, Clarenceburgh, CT 44278",9/4/2019,Connecticut
225,John,Payne,(451) 969-8819,lopezchad@dunn-lewis.com,"551 Alyssa Circle, North Tony, CO 85082",3/11/2018,Colorado
226,Scott,Walls,(499) 994-2102 ext 450,sampsonjoshua@hotmail.com,"8944 Tiffany Garden, South Maurice, OK 96617",11/16/2019,Oklahoma
227,Shawn,Ward,(905) 868-6968,scottandrew@casey.com,"4241 Keller Flats, Port Melvinton, CO 92389",3/24/2021,Colorado
228,Michael,Davidson,(763) 452-8657 ext 9519,emeyer@erickson-burns.net,"434 Brooks Rest, West Georgeside, HI 46355",11/19/2020,Hawaii
229,Megan,Norman,(189) 445-3271 ext 945,mitchellbeltran@yahoo.com,"1572 John Lock, South Amber, ID 56872",5/6/2021,Idaho
230,Sally,York,(127) 375-3165 ext 90311,george44@carpenter.com,"3118 Rodney View, Lake Dustinmouth, IA 02861",1/7/2021,Iowa
231,Leah,Reed,(751) 790-1888 ext 80673,emily13@yahoo.com,"8853 Russell Route Suite 589, Port Waynebury, OK 32078",1/4/2020,Oklahoma
232,Laura,Brewer,(773) 676-9843 ext 1468,tgreen@yahoo.com,"976 Carroll Forges, South Jasonview, MO 40262",2/3/2016,Missouri
233,Lisa,Williams,Invalid Data,ryanturner@gmail.com,"USNV Alexander, FPO AA 78773",8/11/2016,Army
234,Scott,Castro,(471) 222-0772 ext 6192,thomas16@yahoo.com,"61013 Tiffany Row, North Patricia, NH 65322",4/27/2020,New Hampshire
235,Jason,Williams,(422) 884-4668,andrewsullivan@gmail.com,"0683 Shannon Plaza, Stevensontown, ME 56083",3/4/2019,Maine
236,Patrick,Rodgers,(713) 413-6121 ext 653,lmoore@yahoo.com,"1493 Melissa Shores Apt. 871, Callahantown, TN 52842",3/15/2017,Tennessee
237,Rhonda,Taylor,(162) 085-6542 ext 115,sullivannatalie@lopez-charles.com,"23554 Hayes Forest, West Jeremy, NV 75372",8/14/2023,Nevada
238,Colin,Snyder,(920) 876-8108 ext 8370,cjones@gmail.com,"0350 Samantha Valley, North Kimberlymouth, IL 28745",6/25/2015,Illinois
239,Randy,Payne,(110) 902-7928 ext 4778,roweanthony@gmail.com,"83397 Hurley Ville, Brownmouth, DC 27277",12/23/2024,District of Columbia
240,Dale,Hill,(857) 637-9815 ext 8907,staceybrown@morales-hancock.info,"617 Short Valleys Apt. 480, Bonniestad, NY 05952",8/5/2020,New York
241,Vincent,Thompson,(118) 538-9892,willisjohn@gmail.com,"3556 Jenkins Skyway, Gillville, AR 47166",12/7/2017,Arkansas
242,Kenneth,Buck,(517) 590-3483 ext 069,robert93@nelson-bates.info,"976 Brown Villages Apt. 102, Port Courtney, NY 10549",4/9/2024,New York
243,Benjamin,Watson,(322) 618-2533 ext 7833,rachel78@wright.com,"176 Ashley Drives, Nancychester, SD 95987",11/27/2016,South Dakota
244,Melissa,Chen,(370) 028-0808 ext 588,jenkinsmelanie@austin-collins.com,"224 Alex Way Suite 770, East Maria, TN 46997",1/24/2017,Tennessee
245,Patrick,Cook,(528) 703-2224,elizabethwilliams@gmail.com,"16260 Collier Forge, Simmonsmouth, DE 69524",12/21/2024,Delaware
246,Steven,Anderson,(048) 407-3943 ext 87818,dmayo@burns-faulkner.com,"2161 Becker Neck Suite 380, Barryton, UT 29606",7/31/2021,Utah
247,Christopher,Fernandez,(838) 238-6827,justin00@yahoo.com,"40727 John Summit, Brucemouth, DC 76089",1/7/2025,District of Columbia
248,Heather,Butler,Invalid Data,hodgesnatalie@riley.org,"312 Brandy Ramp Suite 488, Javierberg, CT 54854",8/15/2015,Connecticut
249,Alex,Martinez,(402) 228-0466 ext 611,kathy63@yahoo.com,"575 James Ford, Edwardfort, MT 55617",10/4/2018,Montana
250,James,Nunez,(214) 110-7795,jasonellison@hotmail.com,"5239 Smith Stravenue, North Erin, ID 84095",4/14/2024,Idaho
251,Elizabeth,Stanley,(658) 684-5489,martinezkayla@yahoo.com,"7083 Reynolds Summit Suite 179, Lake Andrew, CO 11540",12/3/2016,Colorado
252,Jenny,Morgan,(897) 237-5376,hannahreid@gmail.com,"588 Nathaniel Lodge Apt. 782, Port Laurie, FL 71705",9/23/2024,Florida
253,Jordan,Castro,Invalid Data,shelby06@gmail.com,"6378 Bennett Expressway, South Mary, SC 37485",6/15/2023,South Carolina
254,Jason,Martinez,(074) 635-7280,chelseamiller@hotmail.com,"04425 Chapman View Suite 971, Jacquelinehaven, MA 90140",2/7/2017,Massachusetts
255,Nathan,Jordan,(093) 822-5563 ext 47615,wedwards@fuentes.com,"82386 David Well Apt. 575, Jessicafurt, OK 67675",12/16/2019,Oklahoma
256,Barbara,Christian,(910) 749-0715 ext 76246,stacyburton@hotmail.com,"433 Taylor Pike Apt. 106, East Rhondachester, MN 38494",10/14/2023,Minnesota
257,Keith,Reid,(377) 877-3705 ext 54427,dwilliams@ferguson-richard.net,"0677 Anthony Ville Suite 449, Jenniferton, MD 38459",4/14/2022,Maryland
258,Joshua,Petersen,(818) 151-2960 ext 7810,diana34@moore.com,"68184 Phillips Isle Suite 348, Julieport, HI 61995",11/14/2018,Hawaii
259,Cindy,Carter,(509) 649-4660,iwebb@miller-moore.com,"PSC 9217, Box 6897, APO AA 95411",8/31/2020,Army
260,Antonio,Barnett,(215) 562-6506 ext 266,adriana76@gmail.com,"20834 Warren Forges, East Ginaview, PA 29431",8/10/2023,Pennsylvania
261,Joanna,Hamilton,(700) 442-7078,jose88@hotmail.com,"44071 Gutierrez Pass, West Nancy, AK 96615",4/29/2023,Alaska
262,Eric,Cross,(763) 475-9210 ext 443,andrewbrown@hansen-bean.com,"193 Benjamin Isle Suite 443, Greenville, AR 24912",12/17/2022,Arkansas
263,Amy,Hernandez,(982) 494-9411 ext 0332,stephen91@yahoo.com,"71955 Pearson Fort, Port Jonathanside, NV 51856",2/9/2019,Nevada
264,Richard,Fritz,(919) 028-5697 ext 472,robertmccann@lin.info,"485 Cole Orchard, Ashleyside, NH 50781",6/16/2016,New Hampshire
265,Adam,Andrews,(968) 313-2072 ext 910,thomasmorgan@mendoza.com,"006 Ross Mount, Benjaminfort, NM 79477",5/20/2023,New Mexico
266,Walter,Dodson,(052) 665-5845 ext 19742,frankmorgan@yahoo.com,"6861 Jones Extensions, Berryfort, KY 64428",10/31/2020,Kentucky
267,David,Contreras,(331) 167-1660 ext 30897,benjamin22@mcdonald-anderson.com,"35491 Susan Dale Apt. 865, Lake Shellyfort, TX 08029",7/4/2023,Texas
268,Bryan,Maddox,(867) 770-9869 ext 66393,shieldsmelanie@fleming.org,"90729 Alexander Lights, Suzanneville, MD 77287",11/8/2023,Maryland
269,Richard,Moore,(825) 793-1362 ext 05184,michelle26@schmidt.com,"5446 Jeff Plain Apt. 927, Dustinfort, AZ 56149",10/2/2016,Arizona
270,Joseph,Murray,(709) 833-7345 ext 0891,jorgewilson@luna.info,"958 Hunter Place Suite 975, Staciestad, VT 11929",9/26/2023,Vermont
271,Cynthia,Miller,(709) 797-3854 ext 6087,pwilliams@yahoo.com,"4358 Hall Summit Apt. 301, Jenniferport, MS 41066",12/3/2022,Mississippi
272,Dylan,Mcmillan,(129) 373-6815,rbolton@alvarez.biz,"03813 Samantha Ways, Kanechester, TN 54504",1/22/2021,Tennessee
273,Debra,Dawson,(487) 979-3927,carol27@dean.com,"416 Kimberly Ridges Apt. 957, Craigfort, RI 77182",2/18/2021,Rhode Island
274,George,Potter,(688) 642-0880 ext 0254,zimmermanchristy@murray-king.net,"PSC 1322, Box 6974, APO AE 23702",4/29/2016,Army
275,Aaron,Tate,(695) 673-8658 ext 6718,boltontricia@tyler-brown.com,"9119 Adriana Fields, Adammouth, NE 66319",5/18/2022,Nebraska
276,Amanda,Peters,(790) 226-7668 ext 78027,tyler24@patterson.biz,"9394 Baird Cape, Jenniferburgh, NM 32354",1/22/2022,New Mexico
277,Jeffrey,Robinson,(993) 068-8210 ext 7634,lynchamy@gmail.com,"7602 Eric Garden Suite 564, Lake Kathleenland, MD 35606",5/17/2017,Maryland
278,Craig,Thompson,(329) 707-0450,sonyapalmer@yahoo.com,"50319 Martin Walks Apt. 036, Julieburgh, AR 58466",6/9/2017,Arkansas
279,Emily,Brown,(203) 414-9243 ext 979,hahnthomas@hotmail.com,"27725 Jasmine Port, Port Reginald, NC 21134",7/21/2020,North Carolina
280,James,Richards,(962) 999-2610 ext 7716,davidsonmichael@wallace-wilkins.org,"USNS Buchanan, FPO AP 52183",10/17/2020,Army
281,Ryan,Lewis,(071) 954-8226 ext 049,sullivanjustin@hotmail.com,"4981 Christopher Springs, New Cathyville, NV 13312",11/5/2019,Nevada
282,John,Thompson,(184) 822-3072,paulrobinson@gmail.com,"469 Sara Squares Apt. 415, North Matthewstad, MN 39909",9/14/2023,Minnesota
283,Karen,Smith,(952) 924-8276,deborahprice@dunlap.com,"USNV Lee, FPO AE 44617",7/29/2021,Army
284,Andre,Mccall,Invalid Data,richard42@bennett.com,"561 Hernandez Streets Suite 779, Gomezview, NV 79275",9/27/2018,Nevada
285,Jeffery,Hayden,Invalid Data,nathanadams@adams.com,"7821 Jennifer Vista Apt. 440, Lake Amy, ME 53259",2/23/2019,Maine
286,Daryl,Johnson,(803) 696-9883 ext 26032,christine82@gmail.com,"376 Kristine Terrace Suite 776, Warrenville, MD 94874",1/12/2021,Maryland
287,Susan,Vincent,(109) 393-9541 ext 96517,parkercory@hotmail.com,"065 Christopher Burg, Port Jessica, IA 64569",4/2/2021,Iowa
288,David,Sanchez,(289) 783-0061 ext 2980,lopezrichard@mejia.com,"0747 Johnson Trail, West Brittanyville, MI 27457",12/7/2022,Michigan
289,Tracy,Case,(651) 058-4962 ext 6877,emilymay@gmail.com,"579 Clements Shoal, South Franciscoville, WI 41245",4/17/2018,Wisconsin
290,Sean,Fisher,(910) 466-9254 ext 734,mario39@hotmail.com,"048 Mack Flats Apt. 882, Lake Aaron, MN 63393",12/30/2015,Minnesota
291,Maria,Bryant,(634) 689-0312,lroman@duncan.biz,"140 Lozano Causeway Apt. 591, Chadstad, ND 53982",11/26/2018,North Dakota
292,Jeremiah,Schwartz,Invalid Data,jessica11@yahoo.com,"92630 Emily Summit Suite 873, North Jasonland, LA 92889",1/8/2016,Louisiana
293,Mike,Patel,(723) 114-8164,mdiaz@gamble-garrison.info,"8940 Walsh Plains, Andreaton, NY 95605",11/22/2022,New York
294,Tyler,Watkins,(230) 052-7738 ext 5222,deckermichael@griffith.org,"926 Kylie Plain Suite 316, Weissberg, LA 17152",9/5/2018,Louisiana
295,Nicholas,Ellis,(161) 295-1795 ext 5672,ohuerta@douglas.com,"024 Ronald Lane Suite 540, South Timothy, CO 92226",5/8/2019,Colorado
296,Allison,Martin,(298) 319-3910 ext 36529,michellecain@salinas.org,"282 James Rest, Lake Janet, NH 18166",5/21/2022,New Hampshire
297,Joseph,Thompson,(022) 125-0945,keith26@hotmail.com,"893 Penny Rapid Suite 011, Stevenhaven, SC 34307",9/9/2016,South Carolina
298,Ryan,Alvarado,(377) 745-8145,jackcruz@james-cook.net,"36143 Neal Plains, Adkinsstad, FL 96066",12/20/2015,Florida
299,Jose,Cooke,(356) 676-2325,brenda76@yahoo.com,"USS West, FPO AA 27307",12/23/2021,Army
300,Jessica,Simpson,(710) 940-0965,cynthia66@sandoval.com,"97998 Christopher Greens Apt. 921, New Mariafurt, MT 64321",12/20/2024,Montana
301,Alexander,Weber,(354) 976-4223,martinwhite@gmail.com,"0842 Meredith Corner Suite 617, Lake Samuelstad, WV 08108",8/23/2024,West Virginia
302,Zachary,Roberts,(672) 969-8176 ext 241,nbutler@gmail.com,"35020 April Field, North Jonathanside, MI 20341",6/2/2017,Michigan
303,Paige,Hale,(653) 281-7271 ext 8250,wardbruce@gmail.com,"085 Armstrong Keys, Erikport, HI 37701",6/9/2024,Hawaii
304,Kenneth,Montes,(883) 360-9228 ext 25914,ndiaz@yahoo.com,"8965 Olson Rapids Suite 540, Marcusville, NH 46771",6/17/2018,New Hampshire
305,Brandon,Deleon,(024) 995-7342 ext 303,swansonanne@stone.net,"87833 Butler Square, South Jessica, IN 38911",3/20/2019,Indiana
306,Amy,Lopez,(743) 863-3489 ext 3835,xhouse@hotmail.com,"65511 Meyer River Apt. 033, Hillmouth, NJ 36506",10/6/2024,New Jersey
307,Robert,Navarro,(452) 788-1891 ext 692,prestonkeith@hotmail.com,"62238 Marshall Plaza Suite 768, Chambersville, AR 86063",10/31/2020,Arkansas
308,Brittany,Armstrong,(015) 172-3592 ext 41150,iboyer@hotmail.com,"17808 Salazar River Suite 328, West Kristy, NM 28955",2/16/2022,New Mexico
309,Rodney,Klein,(648) 623-1312 ext 896,fcarr@vargas.info,"USS Simpson, FPO AA 93764",2/6/2019,Army
310,Margaret,Mooney,(719) 279-8749,iriggs@smith.com,"938 Martinez Village Apt. 275, Silvamouth, NY 38668",2/27/2017,New York
311,Jack,Frank,(698) 583-1336 ext 3255,kristen33@rodriguez-avila.com,"038 Matthews Plain Apt. 736, Phillipstown, KY 47267",8/21/2016,Kentucky
312,Donald,Salinas,(921) 314-3846 ext 211,joshua52@hotmail.com,"427 George Summit Suite 507, New Kimberlyfort, OR 11446",7/29/2024,Oregon
313,Allen,Allen,(002) 682-6797 ext 28211,heathermitchell@lopez.com,"8765 Debbie Track, Madisonmouth, TX 03812",9/7/2015,Texas
314,Debra,Weiss,(038) 971-5771,flopez@yahoo.com,"PSC 9170, Box 2764, APO AP 37457",5/20/2017,Army
315,Christopher,Franklin,(927) 828-7581 ext 9786,david27@robinson.net,"PSC 7533, Box 9920, APO AE 46554",7/8/2015,Army
316,Beth,Baker,(367) 699-9933 ext 5810,deborahbarnett@yahoo.com,"95072 Oneal Fork, Lake Donna, NJ 12109",5/27/2018,New Jersey
317,Donna,Herrera,(083) 930-5602,xhenderson@gmail.com,"Unit 7962 Box 0597, DPO AE 84711",12/24/2019,Army
318,Joseph,Mccarthy,(328) 205-3968,amandabrown@hotmail.com,"1271 Ashley Mill, Evansshire, WA 64403",8/2/2021,Washington
319,Victor,Johnson,(241) 450-9132 ext 6917,montgomeryjessica@hotmail.com,"5672 Thomas Isle Apt. 878, Lauraville, MA 19939",10/21/2015,Massachusetts
320,Neil,Williams,(715) 690-0835 ext 477,jacksonblake@mcbride.com,"0913 Brandi Plaza Apt. 314, Maryport, NM 10552",1/13/2023,New Mexico
321,Robert,Robinson,(313) 967-0362,mjackson@hotmail.com,"Unit 8624 Box 0240, DPO AP 13709",2/7/2016,Army
322,Matthew,Montgomery,(128) 514-5540 ext 3467,staceycarr@brown.com,"06450 Koch Trafficway Suite 545, Owenburgh, ID 03474",3/9/2025,Idaho
323,Elizabeth,Benton,(757) 577-3879,johnny71@yahoo.com,"USNS Briggs, FPO AE 65516",4/3/2023,Army
324,Scott,Frazier,(396) 518-1696 ext 00875,reedamber@hotmail.com,"27379 Johnson Mills, West Terry, LA 29897",11/16/2023,Louisiana
325,Michelle,Chen,(668) 703-1650 ext 8577,davidlewis@gmail.com,"040 James Pines Suite 811, Matthewborough, KY 56774",11/29/2016,Kentucky
326,Travis,Smith,(769) 906-0559 ext 518,awilson@davis-nichols.com,"91993 Rose Dale Suite 863, South Brent, ND 45429",11/22/2024,North Dakota
327,Bradley,Gay,(534) 890-9164,warrenleslie@gmail.com,"82229 Julie Plain Suite 536, East Brianburgh, WY 72012",9/12/2015,Wyoming
328,Matthew,Jordan,Invalid Data,odunn@gmail.com,"4478 Adam Lake, North Shannonmouth, VT 69881",12/20/2020,Vermont
329,Karen,Guerrero,(605) 696-5130 ext 79130,billy70@yahoo.com,"0263 Charles Cove Apt. 503, Lake Jon, IL 61906",3/7/2023,Illinois
330,Kelli,Glover,(181) 379-9040 ext 17460,mckinneypamela@russo-perkins.net,"663 Norman Club, Lake Robert, SC 68836",7/14/2024,South Carolina
331,Anthony,Kelly,(818) 197-6120 ext 23651,jacob52@yahoo.com,"0958 Short Parkways, South Andres, ID 03084",7/14/2016,Idaho
332,Kenneth,Hardin,(369) 571-8489 ext 31739,wilsonkelly@gmail.com,"154 Melissa Lock Suite 156, West Jill, WY 93463",4/14/2022,Wyoming
333,Daniel,Ford,(545) 762-3800 ext 684,svelazquez@bailey.org,"4895 Richard Springs Suite 070, Port Mario, VT 20337",8/1/2017,Vermont
334,Samuel,Obrien,(199) 897-4642 ext 1869,glenduran@yahoo.com,"3980 Lynn Meadows, Mooreville, LA 56633",6/27/2018,Louisiana
335,Gina,Clark,(722) 530-1097,dcobb@villa.info,"28914 Williams Ranch Suite 031, Weaverside, NM 57119",11/20/2019,New Mexico
336,Pamela,Allen,(006) 771-0565,zacharywolfe@yahoo.com,"PSC 2842, Box 2802, APO AE 94100",10/9/2016,Army
337,Charles,Dean,(597) 819-2947 ext 417,adrienne51@wilson-ward.com,"9448 Bruce Drives, East Sarahville, TX 69797",5/28/2017,Texas
338,Sharon,Fuller,(560) 412-1028,annelawson@rush.com,"80776 Joseph Cliffs Suite 471, West Brandonland, HI 37613",7/19/2022,Hawaii
339,Victoria,Johnson,(670) 858-3756,bhoward@gomez.info,"Unit 5072 Box 9092, DPO AP 53040",6/20/2019,Army
340,Emily,Stanley,(401) 793-5135,ashleyjones@hotmail.com,"950 Brian Mountains Suite 316, Willisland, NM 28558",1/4/2024,New Mexico
341,Belinda,Wall,(101) 305-3409 ext 410,joshua22@gmail.com,"23132 Theodore Roads, Terryberg, IN 66923",2/22/2018,Indiana
342,Michael,Barrett,(591) 555-1549 ext 20067,andrecalderon@jackson.com,"42178 Travis Inlet, East Tanyaside, WV 73782",5/22/2015,West Virginia
343,Donald,Weber,(659) 920-7544,cartermatthew@erickson-edwards.com,"835 Watts Shoals, Riveraborough, IA 59523",2/20/2024,Iowa
344,Dominique,Holt,(168) 742-9485,marymartin@jones.com,"2695 Smith Dam, Pamelaport, OH 76234",4/16/2016,Ohio
345,Kimberly,Alvarado,(934) 424-6506 ext 14000,clarktoni@wheeler.com,"536 Donna Expressway, West Timothytown, TX 50643",2/2/2024,Texas
346,Ethan,Santiago,(151) 669-2076 ext 6398,peter45@yahoo.com,"628 Miller Lodge, New Jason, MN 56566",4/8/2019,Minnesota
347,Jennifer,Wilkins,(312) 228-2607 ext 50650,kswanson@yahoo.com,"995 Smith Bridge Suite 023, West Anaton, MD 16031",11/14/2018,Maryland
348,Tiffany,Nelson,(593) 396-6534 ext 52872,troywilliams@yahoo.com,"00734 Reed Grove Apt. 379, Garrettside, NH 91917",6/10/2019,New Hampshire
349,Melanie,Travis,(937) 321-5917 ext 00751,jasonparker@yahoo.com,"Unit 6035 Box 9418, DPO AA 49626",1/4/2022,Army
350,Katie,Alexander,(421) 256-2286 ext 418,matthewcollins@gmail.com,"574 Keith Knoll Suite 238, East Randy, MO 82930",8/26/2022,Missouri
351,Chad,Mcintyre,(737) 919-2054,susan65@carroll.com,"Unit 5233 Box 0759, DPO AP 02945",8/31/2019,Army
352,Bryan,Willis,(952) 126-2509,fitzgeraldelizabeth@gmail.com,"24235 Hunter Station Suite 086, South Johnny, KY 52298",3/19/2016,Kentucky
353,Samantha,Long,(043) 343-9345,bellmichelle@hotmail.com,"PSC 4131, Box 8232, APO AA 22502",12/3/2020,Army
354,James,Tanner,(132) 407-0302 ext 284,judy03@mitchell-smith.biz,"90163 Johnson Gateway, West Michaelberg, WA 39501",8/23/2024,Washington
355,Walter,Davis,(772) 101-1469,yroy@gmail.com,"685 Foster Corner, Payneville, PA 57143",6/15/2020,Pennsylvania
356,Sara,Gonzalez,(794) 704-9153 ext 3588,diazwalter@yahoo.com,"27967 Jesse Streets, Port Ashleyport, TN 66122",1/8/2019,Tennessee
357,Ryan,Pollard,(460) 210-6912 ext 69544,qsmith@hotmail.com,"427 Kevin Square, Ruizberg, NC 05066",10/19/2022,North Carolina
358,Tiffany,Harris,(681) 784-9419 ext 4268,trogers@williams.net,"359 Ferguson Drives Apt. 432, West Anthonychester, NM 88528",5/20/2024,New Mexico
359,Margaret,Leonard,(292) 565-8475 ext 668,ulandry@gmail.com,"1381 Cassandra Islands Suite 232, New John, ME 33199",12/22/2024,Maine
360,Jennifer,Reed,(090) 031-9493 ext 84579,zlopez@yahoo.com,"61380 Smith Common, Danielfort, IN 42268",8/21/2023,Indiana
361,Kimberly,Downs,(522) 044-6703 ext 6054,johnsmith@gmail.com,"4707 West Crossroad, South Beckytown, RI 06283",1/2/2018,Rhode Island
362,Rebecca,Gallagher,(454) 777-0441 ext 769,lindsey66@collins.com,"669 Sandoval Dale, East Christopher, CA 84808",3/3/2017,California
363,Elizabeth,Rosales,(514) 659-7291,travis65@olsen.com,"4841 Thomas Ways Suite 185, Nelsonton, IL 07140",7/25/2020,Illinois
364,Jessica,Edwards,(193) 907-0888 ext 4316,crystalcampbell@mooney.net,"8915 Smith Trafficway, Hubbardton, CT 64128",7/18/2016,Connecticut
365,Catherine,Nelson,(847) 423-2403 ext 958,dillonsarah@quinn-alvarez.net,"9452 Elizabeth Plaza, Allenland, SC 00670",1/10/2020,South Carolina
366,Connie,Green,(314) 278-5820,robersonfrank@moore.net,"47539 Rose Isle, Justinside, MS 89946",3/30/2022,Mississippi
367,James,Robertson,(660) 421-6928 ext 8874,davidbrett@conner-potter.org,"09496 James Tunnel Suite 435, Brianview, OK 56361",3/12/2018,Oklahoma
368,Shannon,Singh,(682) 571-6764 ext 214,tracyburnett@hotmail.com,"PSC 5240, Box 4090, APO AE 42652",6/22/2023,Army
369,Arthur,Scott,Invalid Data,yolandachang@gmail.com,"641 Brown Islands Apt. 834, Leonardchester, TX 53850",7/16/2017,Texas
370,Donald,Terrell,(367) 809-4017,beardjohn@cook.net,"Unit 7599 Box 5114, DPO AP 57211",4/4/2017,Army
371,Heather,Long,(457) 675-6274,brittanyobrien@walton.com,"990 Brandon Stream, Rodriguezbury, AR 32826",3/30/2020,Arkansas
372,Steven,Davila,(909) 372-8134,nthomas@hotmail.com,"20921 John Row Apt. 680, South Jocelynmouth, ME 71572",4/2/2024,Maine
373,Alexander,Gibbs,(218) 785-8114 ext 383,sandraday@sullivan.com,"08669 Oneill Junctions, Goodwinview, HI 65064",12/27/2015,Hawaii
374,Julia,Ferguson,(187) 322-6722 ext 41699,barry12@jimenez.com,"PSC 7952, Box 1270, APO AA 22197",8/21/2015,Army
375,Corey,Henry,(013) 447-3712 ext 67164,schneiderjacob@davis.com,"641 Donald Valleys Suite 810, Andrewstad, HI 17013",5/26/2022,Hawaii
376,Danny,Carrillo,(632) 441-8397 ext 80697,brownlaura@gmail.com,"7901 Reed Coves Suite 933, North Carolfort, SC 65514",4/22/2018,South Carolina
377,Daniel,Mckinney,(441) 734-7627,terriwebb@flores.info,"5705 Hughes Lane, West Sheryl, WV 78624",12/19/2018,West Virginia
378,Felicia,Brown,(311) 693-8321 ext 85572,erikaholland@kline-burns.com,"316 Clark Dale, North Stacie, SD 09987",6/2/2020,South Dakota
379,William,Warner,(566) 946-6353,bsmith@thomas.com,"362 Charles Heights Suite 927, Anthonyhaven, KS 25295",6/5/2018,Kansas
380,Linda,Sosa,(583) 595-3312,reneemercer@hotmail.com,"4474 Gomez Haven Apt. 812, Josephton, TN 39705",4/27/2018,Tennessee
381,Julie,Cruz,(688) 088-9471 ext 196,nicholashernandez@gmail.com,"669 Davenport Union Apt. 820, North Thomas, OH 56965",12/11/2015,Ohio
382,Phillip,Ross,(189) 374-7964 ext 216,smithangela@parker.com,"6958 Chavez Gateway, Jacksonside, KY 84709",11/30/2019,Kentucky
383,Timothy,Bryant,(357) 325-3157 ext 311,larry29@hunter-cooper.info,"9646 Jon Plaza Apt. 981, Robertburgh, HI 07135",8/9/2015,Hawaii
384,Mark,Scott,(132) 991-4099 ext 4870,jonford@kline.com,"993 Richard River, Lake Donnamouth, KY 67798",8/19/2017,Kentucky
385,Michelle,Mullins,(850) 736-5093 ext 1138,ovega@perry-weaver.com,"5038 Cook Well Apt. 212, North Bryce, MI 52910",2/17/2024,Michigan
386,Susan,Simmons,Invalid Data,parkermichael@gmail.com,"74849 Deborah Crescent, Caseyview, KS 64911",12/7/2021,Kansas
387,Erika,Barnes,(162) 772-8984 ext 9951,alee@hotmail.com,"340 Webb Circles, New Stephentown, PA 48859",8/31/2015,Pennsylvania
388,Deborah,Murphy,(637) 172-0711 ext 062,paguirre@alexander.net,"81572 Kelly Trail, East Anna, IA 07236",1/23/2018,Iowa
389,Kristina,Thomas,(616) 538-8465 ext 820,vramirez@yahoo.com,"8293 Lin Estate, Lake Stephanie, LA 70039",11/2/2017,Louisiana
390,Destiny,Pollard,(044) 542-4198 ext 970,cynthia52@larsen.com,"1068 Bruce Rest, Dianebury, NC 09382",6/24/2016,North Carolina
391,Duane,Mclaughlin,(765) 543-4585 ext 359,ckelly@lopez.com,"1286 Patrick Greens, Lake Kimberlymouth, WI 26648",7/21/2018,Wisconsin
392,Jennifer,Wood,(221) 015-1626 ext 6544,vbrooks@chan.info,"03352 Moody Prairie Suite 499, Moniquemouth, NM 08753",3/22/2018,New Mexico
393,Dana,Mccoy,(160) 204-0101 ext 9301,heidi23@hernandez-chapman.com,"499 John Trafficway, Natashachester, CT 75157",7/9/2022,Connecticut
394,Benjamin,Anderson,(375) 957-5123 ext 86949,hmartin@gmail.com,"2385 West Corners Suite 444, Leefort, SC 21673",1/16/2018,South Carolina
395,Keith,Houston,(747) 977-9383 ext 962,summermartin@johnson-schultz.com,"227 Lisa Locks, Banksfurt, AL 66613",12/29/2018,Alabama
396,James,Petersen,(203) 871-4476,juancarlson@yahoo.com,"729 Jessica Prairie Apt. 271, Sabrinamouth, NM 54243",6/25/2015,New Mexico
397,Daniel,King,(988) 132-2093,smithrebecca@moreno.com,"4363 Bryan Spur, Smallland, PA 35225",6/13/2021,Pennsylvania
398,Miguel,Malone,(859) 107-6081 ext 587,lwilliams@mendoza.com,"3382 Robert Forks Suite 387, New Janice, PA 48060",12/18/2023,Pennsylvania
399,Jennifer,Cowan,(732) 892-9843,matthew94@hotmail.com,"093 Fisher Island, Hudsonfort, KY 92069",11/7/2015,Kentucky
400,Natasha,Perez,(021) 554-5326,michelle28@graham.com,"580 Samantha Avenue, Bradton, TN 85673",5/17/2018,Tennessee
401,Nicole,Joseph,(448) 192-9599 ext 023,ijones@jones.com,"744 Cody Canyon Apt. 328, Lake Jessicaberg, SD 73127",10/30/2023,South Dakota
402,John,Wagner,(707) 933-0426 ext 57215,qford@brown-smith.biz,"13648 Lindsey Ramp, Lake Pamelamouth, WV 89974",5/19/2024,West Virginia
403,Hannah,Taylor,505706280,bairdvanessa@williams-stout.biz,"19002 Aaron Crossroad Apt. 411, Brendachester, NC 58232",3/15/2019,North Carolina
404,Stephen,Hudson,(670) 839-4746 ext 98131,garzasharon@jones.com,"2173 Frazier Walk Apt. 247, Lake Marvinstad, MI 37629",11/1/2017,Michigan
405,Matthew,Williams,(158) 993-4574 ext 00740,kathyanderson@hotmail.com,"41606 Andrew Terrace Apt. 207, Nicolehaven, OH 49506",5/2/2016,Ohio
406,Meredith,Diaz,(450) 384-5233,brianlin@williams.com,"918 Katelyn Bridge Suite 815, West Daniel, ND 08537",11/22/2022,North Dakota
407,Brandon,Smith,(147) 841-9791 ext 695,brianhartman@bell.com,"5795 Sullivan Motorway, Gibsonfort, ME 68397",5/31/2017,Maine
408,Thomas,Williams,(565) 322-8971,aguilarrebecca@gmail.com,"76847 Harris Plains, West Chadton, VT 06642",7/8/2015,Vermont
409,Tracy,Walker,(618) 575-3250,nicholaswashington@gmail.com,"185 Anderson Plains, Williamburgh, NC 00505",1/3/2023,North Carolina
410,Jerome,Parks,(961) 420-6328 ext 5941,tabbott@gmail.com,"928 Jordan Lane, East Thomasland, IL 97287",8/12/2015,Illinois
411,Dustin,Luna,(100) 610-5327 ext 67459,daniel55@nunez.info,"4461 Carey Garden, South Carla, WV 94922",5/3/2023,West Virginia
412,Audrey,Dillon,(974) 976-3278,brittany87@castaneda.net,"USNV Miller, FPO AA 77198",2/9/2024,Army
413,Matthew,Davis,(195) 910-2177 ext 867,hsmith@yahoo.com,"06928 Perez Spurs, Pachecoport, DC 55905",4/28/2021,District of Columbia
414,Jennifer,Young,(469) 918-6143,sierra76@mccullough-shea.info,"46642 Lee Unions, Port Christina, WI 88738",8/15/2020,Wisconsin
415,Mark,Sampson,(926) 252-1681 ext 66740,xdaniel@campos-villarreal.com,"38699 Patel Valleys, Williamsburgh, MT 51387",5/5/2019,Montana
416,Chad,Short,(467) 728-6049 ext 26175,smithcourtney@herman.com,"3754 Laurie Orchard, Jimenezshire, MA 38289",1/16/2025,Massachusetts
417,Brandi,Morrison,Invalid Data,eugene55@rivera-smith.com,"2597 Matthew Fall, Port Evelyn, AR 15697",5/20/2024,Arkansas
418,Christopher,Morales,492455106,keith44@gmail.com,"10373 William Keys, Lake Jennytown, WA 57579",11/8/2020,Washington
419,Alexandra,Bartlett,(430) 270-6465,arogers@gmail.com,"78233 Perkins Burg Apt. 246, Port Kathryn, WI 81625",4/11/2017,Wisconsin
420,Jessica,Johnson,(662) 830-2183 ext 7146,lori27@hotmail.com,"4881 Cook Creek Apt. 403, East Taylorville, VA 69536",5/18/2020,Virginia
421,Jared,Francis,(299) 883-5565 ext 09307,fibarra@reed.net,"9869 Kathryn Port Suite 613, Jasminemouth, VA 32037",11/29/2018,Virginia
422,Steve,Schmidt,(029) 550-9156 ext 091,shaneaguirre@gmail.com,"41574 Joseph Branch Suite 965, West Michaelberg, WA 15128",12/7/2016,Washington
423,George,Ward,(112) 748-4448 ext 77968,lcooper@hotmail.com,"32150 Glover Village, Port Rebecca, NE 68328",11/13/2020,Nebraska
424,Gary,Schmidt,(919) 678-9224 ext 3231,warren56@yahoo.com,"PSC 0017, Box 9204, APO AE 81786",2/14/2022,Army
425,Kathleen,Thomas,(704) 737-1845,dawngray@yahoo.com,"742 Brown Summit, South Michaelstad, SD 51100",6/8/2021,South Dakota
426,Nicole,Price,(214) 866-4905 ext 684,dawnhorton@hotmail.com,"87154 Mary Crescent Apt. 217, Smithland, AL 54673",5/11/2024,Alabama
427,Shane,Ellis,(269) 861-7596 ext 00770,scott84@hotmail.com,"52919 Daniel Fork, Bowenborough, HI 05513",1/4/2016,Hawaii
428,Karen,Bishop,(144) 942-7787,joshuawallace@weiss.org,"65232 Hannah Shore Apt. 990, Lawsonfurt, KY 93769",3/12/2022,Kentucky
429,Daniel,Berry,(550) 840-2701,stonemichael@gonzalez.com,"1212 Petersen Walk Apt. 706, Tylerview, WI 22375",10/19/2021,Wisconsin
430,Elizabeth,Cox,(262) 756-2678,troy89@gmail.com,"1857 Mills Meadow, East Laura, WV 84507",9/8/2018,West Virginia
431,Brian,Powers,(524) 114-5215,douglasstephens@guzman.org,"36206 Wilcox Rue Apt. 176, Stevenview, NC 20342",4/13/2016,North Carolina
432,Summer,Villanueva,(265) 161-9180,dylanmclean@yahoo.com,"0121 Jackson Burg Apt. 056, Stoneside, NY 03951",6/18/2024,New York
433,Chelsea,Collier,(722) 707-7966 ext 6308,jeanettelowe@yahoo.com,"91699 Pierce Neck Apt. 310, Goodwinport, TN 02946",7/12/2022,Tennessee
434,Justin,Spencer,(300) 120-7755 ext 3699,maldonadosandra@yahoo.com,"37069 Mary Skyway, West Edwardland, AR 35055",10/19/2023,Arkansas
435,Dawn,Marks,(583) 353-6783 ext 73051,timothy67@gmail.com,"1721 Thomas Street, South Jose, VT 41392",3/29/2023,Vermont
436,Amanda,Owen,(298) 747-2938 ext 401,zcarr@johnson.com,"584 Ian View, West Rachel, CA 41455",5/13/2024,California
437,Alison,Martin,(825) 275-6957,sheilaperkins@baldwin.com,"43748 Linda Locks, Morrismouth, AK 94965",6/28/2021,Alaska
438,Mark,Hunter,(045) 215-2852,thorton@nelson.com,"16681 Taylor Underpass Suite 740, New Jodistad, NY 93051",11/3/2019,New York
439,Jerry,Wilson,(254) 145-7021,austin45@sanchez.com,"USNS Robles, FPO AE 74966",4/30/2016,Army
440,Victoria,Acosta,(825) 340-5960 ext 99671,seanodom@hotmail.com,"4464 Brandy Mount, Butlertown, MT 95696",9/24/2015,Montana
441,Michael,Davis,(872) 154-3578 ext 20744,lisamann@lopez.com,"1494 Timothy Skyway, Barbaratown, SC 55743",12/15/2021,South Carolina
442,Paula,Garcia,(196) 346-9750 ext 254,manuelwalters@yahoo.com,"31175 Woods Garden, Elizabethville, UT 10907",11/6/2016,Utah
443,Robert,Burnett,(293) 676-2352 ext 952,gmoody@mcdaniel-whitaker.biz,"166 Samantha Ports Suite 197, Hughesview, NM 09127",12/8/2020,New Mexico
444,Teresa,Miller,(373) 869-7557,brookspamela@melton.com,"19356 Warner Spring Apt. 081, Kimberlybury, DC 54193",9/20/2022,District of Columbia
445,Michelle,Watson,(043) 407-4407 ext 230,scoleman@jennings.com,"86741 Matthew Meadow, Lake Laura, NE 72252",12/5/2018,Nebraska
446,Vincent,White,(590) 109-2004 ext 5495,candice15@gmail.com,"80243 Crystal Lane, West Stephanieville, MS 65011",12/14/2017,Mississippi
447,John,Mitchell,(928) 388-2551,sandra72@bryant.org,"621 Lisa Village, Martinshire, TN 43346",4/30/2016,Tennessee
448,Matthew,Baker,(143) 663-5718,juliaaguilar@hotmail.com,"092 Brian Parkway, Micheleview, KS 06756",6/8/2020,Kansas
449,Samantha,Dean,(753) 466-8778 ext 1913,kellymccarthy@gmail.com,"850 Hart Port, Stevenborough, SC 17425",8/21/2015,South Carolina
450,Dylan,Vasquez,(318) 404-0015,zrodgers@hotmail.com,"633 Perez Lake, Port Anthony, NV 05644",4/4/2019,Nevada
451,Philip,Rogers,(556) 703-3614,lance91@gmail.com,"22664 Tucker Union Suite 868, Lake Meganton, KY 83123",6/4/2019,Kentucky
452,Rodney,Mason,(219) 264-9395,mary34@bishop.com,"272 Mcknight Path, Suzannetown, WY 96180",3/25/2020,Wyoming
453,Christine,Williams,(845) 528-9981 ext 05291,johnsonmichael@yahoo.com,"416 Rogers Shoal, New Jenniferfort, MT 52398",9/11/2018,Montana
454,Marc,Andrews,(952) 567-5399 ext 2827,ledwards@jackson.com,"1763 Lee Squares, Wrightfurt, PA 44008",11/2/2016,Pennsylvania
455,Heather,Jones,(597) 655-3986 ext 183,cindygarcia@johnson.info,"716 Wilson Garden, Bentonshire, MA 47113",7/25/2021,Massachusetts
456,Stacy,Melendez,(002) 878-3050,jose16@yahoo.com,"Unit 2173 Box 3538, DPO AE 85660",6/26/2023,Army
457,Ashley,Hoffman,(848) 694-3575,jacqueline83@jones.com,"22331 Wright Forest, North Shannonhaven, CT 67278",1/2/2016,Connecticut
458,Brent,Johnson,(920) 206-2999,brianserrano@yahoo.com,"41253 Oneill Cove, Claudiahaven, NH 68721",6/5/2018,New Hampshire
459,Ivan,Donaldson,(264) 619-9285 ext 272,odavis@hotmail.com,"5150 Nguyen Fields Suite 300, Jenningsfort, IN 58741",1/20/2022,Indiana
460,Diana,Odonnell,(528) 204-7369 ext 414,steven41@leon.info,"521 Franklin Isle, North Ronniestad, IA 47620",1/24/2019,Iowa
461,Madeline,Hendrix,(419) 686-1635,amycrawford@hotmail.com,"254 Cassandra Loaf, Ericaton, AL 97633",8/31/2024,Alabama
462,Elizabeth,Leblanc,(944) 698-1243,amybaker@hotmail.com,"543 Jones Flat, Moraleston, AR 05174",3/7/2018,Arkansas
463,Monica,Johnson,(496) 226-8933,lawsondaniel@alvarez-bennett.com,"2105 Burgess Tunnel, Lake Raymond, UT 40150",3/11/2021,Utah
464,Kenneth,Woodward,(578) 585-9438,lsutton@holden.net,"7951 Heidi Heights, Lake Amy, TN 55009",7/22/2015,Tennessee
465,Amanda,Garcia,(953) 881-4381 ext 0391,brian40@yahoo.com,"5695 David Row Apt. 257, Port James, KY 98086",1/27/2021,Kentucky
466,Amanda,Sanchez,(831) 822-2259 ext 90554,deanna67@evans.biz,"2827 Andrew Squares, East Jerry, CT 43285",4/8/2017,Connecticut
467,Madison,Fernandez,(432) 893-2077,richardsashley@poole.com,"54717 Cruz Plains Apt. 693, Lake Erinview, VT 79553",3/4/2025,Vermont
468,Robert,Montgomery,(424) 526-9656 ext 3998,jessicasmith@yahoo.com,"2852 Davis Extension, New Ambermouth, SD 44434",4/20/2024,South Dakota
469,Gregory,Richardson,(673) 065-2035 ext 24110,samanthacastro@gmail.com,"403 Howard Loop Suite 524, Tabithaburgh, NE 26824",2/25/2023,Nebraska
470,Angelica,Griffin,(100) 780-3696 ext 23342,elizabeth60@yahoo.com,"4465 Watson Lane Suite 476, North Katherineville, SD 09967",8/23/2018,South Dakota
471,Melody,Miller,(677) 137-5919,annmartinez@yahoo.com,"52816 Gina Trace Suite 385, Jonathanburgh, VT 82267",1/4/2018,Vermont
472,Michael,Davis,(285) 191-3132 ext 99928,kwalker@yahoo.com,"303 Smith Spur Suite 485, New John, WY 58530",5/30/2018,Wyoming
473,Brittney,Leach,(649) 269-4321 ext 399,scott92@kelly.biz,"110 Joan Wall, West Heather, NM 17053",11/15/2021,New Mexico
474,Daniel,Hansen,(296) 817-2496 ext 747,scottjames@carroll.com,"890 Andrea Islands Apt. 855, North Jasminemouth, IA 31272",6/10/2018,Iowa
475,Mercedes,Pitts,(038) 965-2414 ext 19831,traci93@jones.biz,"300 Ian Trail Suite 988, Ayalabury, WI 61953",3/26/2020,Wisconsin
476,John,Bailey,Invalid Data,crivas@yahoo.com,"0957 Patel Corner, Milesburgh, NM 20133",2/5/2022,New Mexico
477,Robin,Henderson,(312) 330-3885 ext 58033,laurenbarron@hotmail.com,"2060 Barker Union, East Benjaminville, OK 52935",4/27/2019,Oklahoma
478,Nicholas,Flynn,(030) 784-8539 ext 894,royhannah@rodriguez.org,"38323 Johnson Road, Matthewmouth, DC 02710",11/2/2016,District of Columbia
479,Kathleen,Montoya,(632) 501-9648 ext 468,williamsamanda@yahoo.com,"0424 Keith Groves, New Dwaynefort, CT 18591",4/5/2021,Connecticut
480,Dale,Thomas,(134) 280-2532,harrisondaniel@palmer.org,"4447 Howard Trail Apt. 562, West Jenniferchester, SD 26498",7/8/2018,South Dakota
481,Jeffrey,Sanchez,(460) 910-1031,matthewhughes@williams-rodriguez.com,"158 Eric Burg, Jenniferville, CT 70458",10/15/2015,Connecticut
482,Shane,Horn,(011) 885-2718,scott47@gross.com,"Unit 0268 Box 6619, DPO AA 48201",3/5/2019,Army
483,Melissa,Roach,(741) 407-5610 ext 97872,kennethjacobs@williams.com,"929 Oconnor Forge Suite 006, Josephville, MD 73039",4/7/2020,Maryland
484,Veronica,Williams,(924) 713-2652,colecarlos@lloyd.com,"USS Cardenas, FPO AA 20453",7/9/2020,Army
485,Angela,Gordon,(047) 660-8080 ext 9840,jason01@gmail.com,"USNS Hale, FPO AP 62189",11/17/2021,Army
486,Charles,Franklin,(558) 266-2703 ext 754,kyle81@yahoo.com,"2839 Shane Summit Apt. 167, Heidiville, WI 21328",3/27/2021,Wisconsin
487,John,Gray,(596) 743-0731 ext 85454,birdrobert@hotmail.com,"USCGC Shepherd, FPO AP 71737",2/10/2022,Army
488,Cynthia,Phillips,(020) 679-7655 ext 02508,mason67@yahoo.com,"421 Smith Turnpike Suite 732, New Deanna, AR 10170",4/14/2022,Arkansas
489,Jack,Hansen,(725) 332-1648,richmondheather@gmail.com,"942 Stanley Rapid, Valenciachester, MA 03903",1/13/2021,Massachusetts
490,Jonathan,Lewis,(810) 548-0487,jamie65@evans-oneal.com,"366 Ross Plains, New Lindseymouth, AK 89667",2/2/2025,Alaska
491,Shane,Steele,(814) 198-5173 ext 1168,xgeorge@gmail.com,"PSC 5163, Box 8750, APO AE 98776",2/28/2024,Army
492,Andrew,Holland,(993) 867-4758 ext 31089,ryanmiller@montes.com,"80631 Moreno Plaza Suite 715, Buckborough, ND 96467",8/15/2024,North Dakota
493,Emily,Gonzales,(715) 130-8109 ext 1753,rossbrad@williams.info,"86396 Aaron Flats Apt. 130, Daisytown, WV 89853",1/14/2016,West Virginia
494,Meredith,Maldonado,(467) 865-3006 ext 27416,dylancohen@powell.biz,"41696 Glenn Courts, Lake Tammy, ND 48471",7/18/2016,North Dakota
495,Victor,Price,(450) 920-4699 ext 79891,aburke@yahoo.com,"6280 Webster Key Apt. 484, Haleton, KS 29629",9/15/2017,Kansas
496,Melissa,Johnson,(678) 893-9915 ext 01349,susan90@hurley.com,"087 Martin Ridge, Estradamouth, CT 26097",10/3/2017,Connecticut
497,Tyler,Brewer,(369) 660-1595,herringtiffany@scott.com,"399 Clark Rapids, Lake Jessica, WV 96328",4/16/2022,West Virginia
498,Shawn,Williams,(115) 244-7855 ext 4750,robinsonkyle@yahoo.com,"8063 Reeves Spur, Meredithfort, DC 55999",3/2/2018,District of Columbia
499,Joseph,Ferguson,(563) 547-9541 ext 88419,lopezderek@yahoo.com,"0802 Ewing Springs, Danfort, VT 79092",1/3/2023,Vermont
500,Bernard,Acosta,(989) 588-1189 ext 7754,gallen@yahoo.com,"04941 Nathan Loop, Michaelborough, IL 39310",8/1/2021,Illinois
501,Jason,Lopez,(750) 522-2218 ext 02837,jeffery52@gmail.com,"1176 Jones Cape, South Sandra, CT 99891",12/25/2021,Connecticut
502,Amanda,Harris,(029) 436-5049 ext 91340,franklinpatricia@hotmail.com,"288 Robert Mews Apt. 852, Alexberg, MA 56298",10/27/2015,Massachusetts
503,Jessica,Jackson,(348) 123-9546,ugoodwin@burns-mccall.com,"46196 Hall Ramp Suite 108, Johnland, SD 58808",4/17/2023,South Dakota
504,Timothy,Moran,(482) 103-3264 ext 651,annahuerta@yahoo.com,"15919 Barron Coves, East Melissamouth, MN 41048",2/20/2020,Minnesota
505,Laurie,Moran,(671) 827-6447,zmunoz@massey-dominguez.com,"Unit 6271 Box 3634, DPO AA 38235",2/27/2025,Army
506,Jasmine,Moss,(863) 299-1887 ext 1925,sherri52@barnett-rogers.info,"5454 Michael Via, Adkinsport, MA 77628",11/1/2021,Massachusetts
507,Thomas,Gomez,(480) 939-3134 ext 538,dawngibson@hotmail.com,"8654 Kyle Skyway Apt. 060, New Lisastad, WA 69015",7/23/2024,Washington
508,Stephanie,Bullock,(000) 185-8251 ext 038,wolfejohn@hotmail.com,"3120 Walls Lake, Amandahaven, NJ 28849",4/24/2024,New Jersey
509,Robert,Nicholson,Invalid Data,cmyers@yahoo.com,"USS Brown, FPO AE 94117",8/27/2019,Army
510,Timothy,Garza,(018) 766-7129 ext 601,kirbymark@gmail.com,"178 John Club, North Jennifer, CO 13924",6/29/2015,Colorado
511,Jesse,Lynch,(074) 414-8976 ext 74899,morgan84@gmail.com,"3553 Douglas Stream Apt. 729, East Kelsey, TX 92979",6/11/2020,Texas
512,Rhonda,Fox,(958) 549-6011 ext 62500,lynchcrystal@gmail.com,"54373 Allen Orchard, Muellerchester, NC 42849",8/5/2020,North Carolina
513,James,English,(664) 149-4978 ext 8207,garzarebecca@conrad.com,"184 Gloria Ridges, Obrienhaven, WY 23955",11/4/2022,Wyoming
514,Amanda,Paul,(727) 634-2271,moorerussell@hotmail.com,"14826 Williams Way, Port Steven, IA 09255",4/3/2021,Iowa
515,Matthew,Rich,(555) 169-9945 ext 064,imckinney@cooper.com,"5230 Young Cape Suite 085, Carrburgh, NY 34361",3/25/2021,New York
516,Ryan,Medina,(774) 951-0145,williammorgan@yahoo.com,"2917 Orozco Forks, Lake Amandashire, NC 16911",8/27/2021,North Carolina
517,Steven,Cochran,(883) 723-6825,garciaalejandro@pineda.biz,"47272 Erica Landing Suite 614, New Frankmouth, PA 19208",3/8/2021,Pennsylvania
518,Anthony,Ruiz,(719) 866-3221 ext 36531,jameshoward@freeman.net,"3550 Angela Dam, Brownland, WI 54514",2/24/2017,Wisconsin
519,Theresa,Hill,(014) 940-0712,xdavis@hall-howard.com,"951 Lisa Valleys, Boydberg, MI 17509",4/28/2019,Michigan
520,Troy,Navarro,(570) 124-1163 ext 6512,lbarr@yahoo.com,"132 Rhonda Fork Apt. 861, East Nancyburgh, OH 65058",1/22/2025,Ohio
521,Adriana,Orozco,(201) 493-9132 ext 8522,courtney25@jarvis.com,"702 Margaret Hill, East Blakebury, KS 81521",10/10/2016,Kansas
522,Kristina,Wilcox,(446) 145-9963,nelsonchristine@gmail.com,"6139 Wagner Hill, Port Jay, RI 85843",12/6/2016,Rhode Island
523,Alyssa,Hughes,(210) 001-8058 ext 512,timothybaldwin@carr.com,"Unit 2990 Box 8980, DPO AP 11634",3/24/2025,Army
524,Jesus,Mclaughlin,(643) 909-7970 ext 7841,jaredbutler@gmail.com,"473 Edward Key, Lake Katieborough, CA 17528",12/27/2015,California
525,Dawn,Allen,(411) 831-1100 ext 170,curtismassey@oneill-perez.com,"44854 Mitchell Ferry, Jonland, TX 56659",7/29/2020,Texas
526,Lisa,Reyes,(307) 098-4284 ext 846,bowmanheidi@gmail.com,"969 Carolyn Grove Suite 490, Belindaport, PA 73505",6/8/2024,Pennsylvania
527,Paul,Perkins,(138) 896-2398 ext 507,andreawhite@turner.org,"4656 Dunlap Bypass, Samanthaton, NM 36354",5/27/2016,New Mexico
528,Amanda,Beard,(646) 802-2487 ext 753,lukecaldwell@yahoo.com,"04021 Watts Roads Apt. 132, Port Timothytown, VA 15445",6/4/2024,Virginia
529,Brenda,Gibson,(497) 630-2717,brendamorris@hotmail.com,"099 Alvarez Row, Lake Rebecca, NY 23942",8/4/2021,New York
530,Paul,Luna,(601) 911-2918,rebecca51@gmail.com,"4617 Stacey Walks Suite 886, North Jesse, WY 56534",7/25/2021,Wyoming
531,Micheal,Brown,(994) 733-4858 ext 735,monica81@garcia.com,"USNS Mcbride, FPO AP 56788",6/6/2023,Army
532,Christine,Mcpherson,(542) 696-7561 ext 78518,fuentesmegan@hanna.com,"Unit 6668 Box 2386, DPO AA 96857",11/29/2015,Army
533,Kelli,Chan,(173) 625-6846 ext 518,rfernandez@gmail.com,"017 Sullivan Fork Apt. 846, Christopherchester, IA 70241",3/30/2023,Iowa
534,Jacob,Anderson,(252) 045-0220 ext 411,burnsmariah@yahoo.com,"05498 Alexander Brooks, Bradleyburgh, FL 11025",9/18/2024,Florida
535,Adam,Hawkins,(716) 525-4136 ext 77325,destiny96@lin.info,"23658 Chandler Crescent, New Abigailburgh, SD 99291",6/1/2024,South Dakota
536,Luke,Solis,(627) 503-5144,jacquelinerobinson@lin-torres.com,"USCGC Horn, FPO AP 13889",11/28/2016,Army
537,Thomas,Flynn,Invalid Data,jeremyarnold@gmail.com,"35393 Christina Mountains Apt. 725, North Katherine, MD 42180",4/24/2018,Maryland
538,Keith,Howell,(656) 703-5579 ext 25887,jenniferwilliams@yahoo.com,"PSC 4147, Box 3271, APO AE 80460",10/13/2021,Army
539,Sabrina,Petersen,(560) 059-8561 ext 7324,ybarber@henderson-martin.com,"83914 Perez Street Suite 124, Gardnerland, NE 67432",4/9/2023,Nebraska
540,Jeffrey,Perez,(571) 590-0804 ext 239,donnamedina@jones.com,"895 Noble Park Apt. 984, Lorraineberg, AK 92663",3/1/2016,Alaska
541,Kelsey,Guzman,(209) 640-1780 ext 692,johnsoncaroline@silva.com,"181 Williams Extension Apt. 727, East Christopher, TX 91580",4/18/2018,Texas
542,Jessica,Braun,(539) 908-2906,ballardmisty@martinez.info,"40533 Jill Unions Suite 377, East Juliabury, WA 91188",3/16/2024,Washington
543,Jessica,Gross,(852) 871-0063,darrylharris@hotmail.com,"922 Vasquez Rapid Apt. 714, Lake Ryanport, CA 11836",11/24/2023,California
544,Stanley,Guzman,(166) 595-1577 ext 606,larry28@hotmail.com,"34860 Harris Freeway, Powelltown, NH 22702",9/13/2019,New Hampshire
545,Stephen,Palmer,(642) 867-8820 ext 8158,fshelton@lawson.info,"114 Justin Key, West Amy, AR 23035",10/30/2019,Arkansas
546,Suzanne,Larsen,(828) 191-2189 ext 3431,qsmith@cooper-smith.biz,"15922 Joshua Inlet Suite 294, Jennifertown, MA 60834",8/1/2016,Massachusetts
547,Juan,Sutton,(403) 439-6031 ext 6817,danielandrews@johnson-thompson.com,"2760 Bates Passage Suite 036, New Rhonda, AL 41892",11/14/2022,Alabama
548,Alexander,Larson,(700) 653-8490,mccoykelli@yahoo.com,"650 Matthew Prairie, Kristinland, VT 64263",1/12/2017,Vermont
549,Jessica,Cox,Invalid Data,lewisclaudia@mendoza-alexander.com,"39369 Shane Glens Apt. 974, Donaldland, AK 58201",12/11/2024,Alaska
550,Gregory,Peterson,(014) 261-9192 ext 6712,christinathomas@gmail.com,"96949 Collins Skyway, Nathanmouth, MA 88890",7/1/2016,Massachusetts
551,Melissa,Garrett,(037) 917-9882 ext 2888,cassandra43@henry.com,"94680 Christian Divide, Alejandroview, WI 28609",5/24/2022,Wisconsin
552,Michelle,Stevens,(459) 971-1380 ext 09508,andersonaaron@boyd.com,"9893 Kenneth Highway, Richardsontown, WV 63735",12/21/2024,West Virginia
553,Denise,Sanchez,(747) 619-9266,shawjoshua@johnson.org,"USNS Mcfarland, FPO AP 09722",12/16/2023,Army
554,Matthew,Hodge,(071) 470-9154 ext 8858,jeremyhughes@davis.com,"304 Donovan Drives Apt. 672, Fuentesshire, TX 45305",4/25/2019,Texas
555,Jason,Fisher,(551) 876-3947 ext 068,harrisoncindy@coleman.com,"32864 Marie Terrace, Stephenstad, AL 86000",1/31/2024,Alabama
556,Alexandra,Hawkins,(025) 596-7619 ext 5543,ycox@edwards-morales.com,"Unit 9866 Box 6448, DPO AP 71090",6/7/2021,Army
557,Michael,Green,(295) 340-3259 ext 23947,katelyn76@gmail.com,"2375 Garcia Drive Suite 833, Maryburgh, KY 54905",1/26/2019,Kentucky
558,James,Williams,(883) 885-5847 ext 47169,dpacheco@gmail.com,"Unit 7771 Box 5978, DPO AP 31302",5/5/2019,Army
559,Paul,Smith,(491) 255-6793 ext 7131,clarkeileen@perez.biz,"82462 Joshua Garden Apt. 157, East Kayla, IN 55566",4/14/2018,Indiana
560,Bradley,Bryan,(898) 024-9756 ext 7749,nelsonnatalie@aguilar.com,"4673 Smith Hollow Apt. 998, Sheilaview, PA 96490",10/10/2020,Pennsylvania
561,Elizabeth,Hogan,(080) 773-0510 ext 19396,claytonjustin@gmail.com,"51373 Zachary Fort Suite 763, North Jeffreychester, NM 35799",11/13/2019,New Mexico
562,Laurie,Rogers,(481) 224-7838 ext 2243,sarah90@mcdonald-gray.com,"577 Austin Lodge, Fordberg, VT 12241",1/12/2020,Vermont
563,Kathryn,Patrick,(087) 247-3220 ext 73980,nharmon@yahoo.com,"57027 Zachary Freeway, Warnerton, KS 43724",11/19/2021,Kansas
564,Austin,Gutierrez,(108) 719-0015 ext 60248,ramirezvictoria@rangel.com,"49174 Andrew Dam, Lake Michelle, AL 39284",1/9/2018,Alabama
565,Grant,Hicks,(130) 279-6956 ext 01139,dferguson@hatfield.biz,"354 Spencer River, West Kathleenmouth, KS 91058",11/25/2019,Kansas
566,Derrick,Pena,(811) 816-3377 ext 727,bethwalton@yahoo.com,"85805 Rose Groves Apt. 692, Hernandezstad, RI 04335",7/29/2018,Rhode Island
567,Jeffrey,Lawrence,(500) 944-3839 ext 8872,ibarrathomas@yahoo.com,"90363 Bond Mount, Fordburgh, MA 52216",11/6/2016,Massachusetts
568,Tracy,Rivera,(728) 579-8146,edillon@johnson.com,"3173 Goodwin Ranch, Reyesshire, NV 81256",3/13/2016,Nevada
569,Diane,Campbell,(884) 780-5367 ext 52229,darryllee@martin.com,"395 Wilson Causeway Suite 204, Port Alexhaven, CT 10240",4/2/2017,Connecticut
570,Matthew,Fisher,(346) 708-7354 ext 42785,shawn29@wyatt.org,"965 Melissa Pass, Maryhaven, ME 06229",5/15/2022,Maine
571,Monica,Carter,(872) 495-3410 ext 202,emily07@anderson-baker.com,"6731 Clark Island, West Bruce, MO 48180",11/14/2023,Missouri
572,Megan,Anderson,(732) 820-4575 ext 10624,thorntoncasey@yahoo.com,"432 John Brooks Suite 714, Sullivanberg, AR 31729",12/10/2023,Arkansas
573,Brendan,Kane,(024) 650-7907 ext 609,zachary38@delacruz-peters.com,"741 Johnson Ville Suite 431, Bensonchester, TX 24146",1/23/2024,Texas
574,Angela,Sosa,(985) 259-1525,lovekelly@hicks-smith.com,"074 Juan Valleys, West Melissa, MA 63800",6/26/2015,Massachusetts
575,Anthony,Roberts,(532) 663-7630,qliu@hotmail.com,"88738 Allison Trail, Port Alisha, MS 52534",4/15/2016,Mississippi
576,Donna,Cobb,Invalid Data,hkent@carson.org,"569 Price Trace Apt. 977, Lake Stephanie, AZ 33003",9/4/2020,Arizona
577,Marissa,Davis,(925) 850-7528 ext 0880,bradleycole@hotmail.com,"14741 Wiley Isle, Blackview, IN 97169",12/24/2024,Indiana
578,Kyle,Williamson,(756) 810-6342 ext 315,gary34@young.org,"333 Erin Groves Suite 510, North Jeremy, RI 35846",10/21/2017,Rhode Island
579,Ashley,Potter,(712) 339-3124,cameronmichael@rivera-norman.com,"Unit 3861 Box 6431, DPO AA 14099",8/13/2018,Army
580,Jason,Leonard,(474) 233-1699 ext 915,suzannemalone@lane.info,"89032 Elizabeth Run, Juliehaven, RI 69013",6/6/2023,Rhode Island
581,Amanda,Williams,Invalid Data,brownkatherine@hotmail.com,"5293 Smith Course, Devinland, IA 06606",9/24/2016,Iowa
582,Sydney,Nixon,(476) 756-2091 ext 66271,virginia17@gmail.com,"1351 Hammond Trafficway Apt. 220, Chapmanland, MO 53835",4/6/2020,Missouri
583,Renee,Ferrell,(587) 255-1314,brandon25@livingston.com,"494 Wiggins Ville, West Clifford, DC 43528",6/6/2023,District of Columbia
584,Matthew,Holmes,(531) 482-0668 ext 904,steven21@martin.com,"9803 Laura Meadow, South Lisafort, VT 97920",2/10/2020,Vermont
585,Jennifer,Santiago,(880) 120-4568 ext 18664,kjones@hoover.biz,"0894 Church Islands, Jacquelinemouth, IL 94615",10/22/2016,Illinois
586,Todd,Nichols,(667) 660-8623 ext 279,jenniferday@cole-goodman.net,"Unit 5980 Box 7037, DPO AA 41428",1/29/2025,Army
587,Sara,Kane,(304) 708-8846,melissahall@rodriguez.net,"950 Copeland Lodge, Starkfort, WI 32381",12/2/2023,Wisconsin
588,Tonya,Brady,Invalid Data,bakerpamela@gmail.com,"4148 Williams Pines, New Keithton, NM 00534",2/12/2017,New Mexico
589,Veronica,Mccarty,(685) 542-7247,marcia96@harvey.org,"768 Greene Bypass, Kaylaport, WV 45690",10/3/2023,West Virginia
590,Dean,Little,(065) 802-4890 ext 059,james32@cordova.org,"697 Jeffrey Mill, West Kennethport, WI 36368",12/4/2021,Wisconsin
591,Taylor,Walker,(348) 851-6203 ext 9004,troydominguez@parker-benton.com,"Unit 7595 Box 1151, DPO AE 45061",12/31/2022,Army
592,Brett,Burns,(557) 792-6805 ext 39250,jerome05@peters-lewis.com,"6214 Renee Freeway, Combshaven, OH 61447",12/11/2018,Ohio
593,Mark,Moore,(153) 551-1474,jennifer34@doyle-dixon.com,"819 Spencer Ford Suite 299, Wattston, NJ 17329",9/6/2015,New Jersey
594,Steven,Torres,(349) 693-2347 ext 82117,efloyd@ewing.com,"94656 James Rue Apt. 006, Alyssaton, KY 37199",5/12/2020,Kentucky
595,Renee,Holt,(406) 726-5670 ext 5871,tonyawoodward@ferguson.com,"6222 Rojas Expressway, New Matthew, KY 79648",8/31/2018,Kentucky
596,Kenneth,Brewer,(155) 163-7228 ext 719,austin22@willis.com,"81478 Heather Port, Seanview, WA 62586",6/6/2020,Washington
597,William,Gomez,(431) 317-5115 ext 5549,perezfrank@jones.com,"85417 Williams Loaf Apt. 004, North Pamela, DE 33604",8/13/2023,Delaware
598,Ryan,Russell,(625) 028-8291 ext 2400,timothygonzales@nguyen-golden.com,"77816 Anthony Brooks Suite 302, Stephanieberg, MA 29186",12/17/2015,Massachusetts
599,Anne,Murphy,(864) 588-9992 ext 837,amoran@sanchez.com,"445 Joseph Mountains Apt. 955, North Jon, VA 95903",10/19/2017,Virginia
600,Amy,Pittman,(383) 789-9763 ext 56616,smithdan@yahoo.com,"18187 Elizabeth Causeway Apt. 891, West Jessicafort, FL 05540",1/29/2016,Florida
601,Cheryl,Clark,(798) 641-4754,tbrandt@wilkins.net,"54672 Mary Squares, Sandyfort, AK 67370",8/12/2023,Alaska
602,Bryan,Myers,(649) 298-4921,cwhite@yahoo.com,"37886 Kelly Trail, Lake Ian, DC 65820",11/23/2015,District of Columbia
603,Logan,Davis,(070) 580-6283,pamela92@yahoo.com,"Unit 6138 Box 2077, DPO AE 89780",5/23/2015,Army
604,Caitlin,Lane,(719) 586-4971,amandawilliams@yahoo.com,"89907 Justin Junctions Apt. 188, West Dustinberg, CT 17410",12/22/2023,Connecticut
605,Amanda,Baker,(250) 367-1764,andrewsmichael@yahoo.com,"1349 Wilson Course Apt. 962, Thomasstad, CO 78660",1/3/2020,Colorado
606,Hector,Spence,(449) 473-5333 ext 13185,danielle79@hotmail.com,"280 Wayne Run Apt. 901, Lake Nicoleton, TN 94750",3/25/2020,Tennessee
607,Dillon,Thomas,(863) 182-3203 ext 393,qlewis@gibbs.info,"6026 Dominic Stream, Port Christopher, CO 84297",4/23/2022,Colorado
608,Phillip,Marks,(946) 971-9257 ext 5343,allenrachel@gmail.com,"5138 Rebecca Island Apt. 839, South Lisa, MT 10049",4/28/2021,Montana
609,Mark,Marquez,(989) 302-6631,gabriellejones@hotmail.com,"276 Matthew Brooks, Tamaraborough, HI 60070",10/23/2020,Hawaii
610,Stacey,Garcia,(106) 490-3569,sean79@martin.com,"25936 Angela Crossing, Brittanymouth, NE 52843",1/24/2017,Nebraska
611,Brandon,Brooks,(444) 132-8241,landrydiana@cline.biz,"84787 Latoya Ridges, New Melissa, CT 35434",5/28/2018,Connecticut
612,Jessica,Martin,(488) 712-8716,matthewmartinez@gmail.com,"6653 Amanda Path, Jeffreyburgh, NH 63928",12/14/2015,New Hampshire
613,Michelle,Thompson,(288) 836-9695 ext 6252,vsmith@gmail.com,"02527 Timothy Stravenue Apt. 993, New Joshuaport, SD 16832",9/30/2016,South Dakota
614,Caitlyn,Williams,(511) 121-1131,zfox@gmail.com,"69045 Bolton Crescent Suite 791, Phillipchester, RI 02309",3/1/2016,Rhode Island
615,David,Richards,(911) 621-7105 ext 6841,stephanie65@king-nelson.com,"78434 Kramer Summit Suite 646, Port Christopherville, AZ 15172",8/12/2017,Arizona
616,David,Frost,(748) 627-1185 ext 678,morrowelizabeth@wade.com,"4138 Hardy Locks, New Angelaberg, NM 89637",1/25/2023,New Mexico
617,John,Singh,(018) 716-0030 ext 3756,joshua95@rodriguez-davila.com,"248 Rivera Drive Apt. 393, Debbiemouth, CT 01698",6/6/2016,Connecticut
618,Beverly,Dominguez,(729) 271-4069 ext 0590,toni24@miller.info,"86373 Harper Gardens Apt. 316, North Jeffrey, IA 89212",5/1/2025,Iowa
619,Anthony,Bishop,(507) 898-4847 ext 8040,christopheranderson@yahoo.com,"846 Freeman Vista, Pennybury, WY 94100",3/1/2018,Wyoming
620,Lisa,Maynard,(817) 839-2007,ajames@west.com,"0012 Singh Crossing Apt. 258, Meyerbury, CA 66518",5/12/2019,California
621,Sarah,Chapman,(821) 025-7797,lwagner@sutton.com,"PSC 0042, Box 7627, APO AA 01462",8/30/2018,Army
622,Jonathan,Simmons,(230) 893-7475 ext 1207,keith13@gmail.com,"083 Julie Trafficway Suite 485, Fordchester, ID 72217",2/8/2025,Idaho
623,Jennifer,Colon,(008) 610-2449,davidrodriguez@morales.biz,"3915 Lisa Circles Suite 908, Kellyland, NC 53144",6/11/2016,North Carolina
624,Brian,Chen,(499) 128-5116,sotojennifer@yahoo.com,"4976 Powers Route Suite 151, New Suzanne, NY 97692",2/16/2020,New York
625,Richard,Vaughn,(113) 087-0287,jessica26@gmail.com,"431 Matthew Street, Port Jessicastad, MI 68882",9/16/2023,Michigan
626,Emily,Stafford,(943) 474-0681 ext 1988,burtonjennifer@castillo.com,"1563 Calvin Expressway, Garrisonview, CT 86831",3/19/2016,Connecticut
627,David,Smith,(221) 412-9894 ext 1978,kristin87@chapman.com,"5554 Craig Passage Suite 357, Adamsmouth, CT 71263",10/13/2023,Connecticut
628,Kristina,Harris,(392) 153-3483 ext 46417,ehammond@huff.com,"093 Holder Overpass, Brandonside, NC 97433",5/18/2019,North Carolina
629,Megan,Bailey,(885) 593-7250 ext 020,washingtoncarl@olsen.com,"0624 Erin Road, Davidside, IA 89626",2/17/2016,Iowa
630,Donald,Tyler,(855) 761-7888 ext 76335,mathewsimpson@gmail.com,"419 Roger Square Apt. 042, Taylormouth, FL 83167",7/28/2017,Florida
631,Michael,Long,(584) 229-5572,brivera@yahoo.com,"99558 Moss Well, North Jeffreyville, MO 73907",3/28/2022,Missouri
632,Jose,Walker,(744) 447-5889 ext 689,brianvaughn@heath-blair.com,"97573 Bowman Pines Apt. 641, North Stevenshire, OR 36402",12/17/2018,Oregon
633,Amy,Vasquez,(430) 698-3935,thomas88@carr.com,"6689 Walker Forest, North Josephchester, ND 66228",2/25/2023,North Dakota
634,Amber,Pierce,(067) 610-1082 ext 68826,christine95@mahoney.info,"3121 Karen Plain, Ericaport, NC 53800",11/11/2024,North Carolina
635,Charles,Marshall,(369) 457-0064 ext 511,angela77@combs-johnson.com,"161 Erica Junction Suite 666, Veronicahaven, GA 75092",6/6/2018,Georgia
636,Joshua,Williams,(431) 121-1196,cookjennifer@gmail.com,"782 Paula Point Suite 687, Cohenland, TN 18989",4/2/2020,Tennessee
637,Ryan,Gonzales,(584) 917-1007,ntorres@hotmail.com,"142 Joseph Club, Johnland, NH 33498",12/28/2016,New Hampshire
638,Matthew,Adams,(903) 244-5334 ext 3771,allenjessica@burch.com,"980 Jeremy Views, Jasonmouth, NY 48440",6/11/2016,New York
639,Nathan,Bell,(454) 541-0532,amber08@gmail.com,"333 Kelly Street Apt. 541, Brittanyfurt, AK 86636",2/9/2025,Alaska
640,Erika,Kerr,Invalid Data,obriendanielle@buchanan-jackson.net,"PSC 4515, Box 5018, APO AP 06563",12/15/2024,Army
641,Jessica,Howard,(240) 603-2441 ext 650,yjohnson@yahoo.com,"USNV Wallace, FPO AE 78841",11/8/2018,Army
642,Erik,Bishop,(083) 736-7625,vfernandez@jones.com,"PSC 5564, Box 4864, APO AE 64135",8/9/2019,Army
643,Derek,Solomon,(329) 365-2856 ext 6010,harrisstephen@gmail.com,"763 Carey Flats Suite 264, Browntown, OH 52351",8/7/2024,Ohio
644,John,Fleming,Invalid Data,paul61@yahoo.com,"33150 Robert Loop Apt. 929, Jamesfort, WV 74922",8/29/2020,West Virginia
645,Michael,Smith,(484) 703-4219 ext 201,wwilliams@gmail.com,"24588 Dale Villages, West Timothy, NY 39862",9/29/2023,New York
646,Ashley,Pratt,(959) 433-1758 ext 62397,angeladiaz@chen-gutierrez.com,"4210 Joel Throughway, Scottborough, TX 19910",12/25/2022,Texas
647,Jason,Morales,(551) 477-0420 ext 06207,vdavis@johnson.com,"USS Parrish, FPO AP 19776",11/13/2022,Army
648,Luke,Cooley,(858) 856-2139 ext 00514,joseph55@snyder.biz,"42901 Tyler Isle Suite 114, New Gregory, UT 31710",6/17/2015,Utah
649,Miguel,Johnson,(558) 763-6661,emily70@johnson.com,"73850 Ashley Mission, South Lindaview, AR 27793",11/10/2021,Arkansas
650,Jamie,Harrington,(301) 567-5809,huntergarcia@yahoo.com,"8653 Victoria Extensions, Thomasmouth, IA 49169",11/23/2023,Iowa
651,Brian,Williams,(970) 813-9221 ext 23642,xstone@yahoo.com,"355 Flores Port, Rebeccaberg, VA 03414",9/5/2016,Virginia
652,Paul,Lee,(795) 331-3267 ext 2357,kellymorgan@gmail.com,"934 Carolyn Light, Allisonton, MS 04022",4/6/2018,Mississippi
653,Matthew,Richards,(407) 101-8932 ext 51048,tgallagher@davis-williams.com,"PSC 5144, Box 6185, APO AP 40197",1/16/2016,Army
654,Lori,Hall,(337) 266-5536 ext 352,cyoung@doyle-flores.info,"226 Amber Crest Apt. 918, Gomezborough, NM 22693",4/1/2018,New Mexico
655,Jessica,Moran,(782) 217-7485 ext 6020,wardjeffrey@roberts-ortega.com,"3711 Neil Place, South Stephanie, DC 34505",4/30/2016,District of Columbia
656,Alyssa,Roy,(063) 739-9865,aking@christian.biz,"2614 Foster Loaf Apt. 784, Codychester, KS 99615",9/13/2022,Kansas
657,Shawn,Thompson,(574) 440-9062 ext 9949,michael24@gmail.com,"05217 Richard Summit, New Christine, DE 60806",7/5/2019,Delaware
658,Rebecca,Dudley,(139) 620-3827 ext 873,wilsonkevin@hotmail.com,"520 Stephanie Square Apt. 641, Sarahport, ND 25195",5/18/2017,North Dakota
659,Hannah,Bridges,(467) 484-8160,zachary50@freeman.net,"1526 Audrey Walks, Jenniferfort, OH 07691",11/7/2023,Ohio
660,Susan,Dorsey,(893) 753-8464 ext 4761,steven73@gmail.com,"2407 Zachary Square Apt. 552, Mckenzieview, MI 69315",12/13/2020,Michigan
661,Jennifer,Flores,(441) 606-5367,skey@barber-johnson.net,"9656 Bernard Turnpike, Washingtonfurt, ND 38504",11/28/2023,North Dakota
662,Elizabeth,Lamb,(928) 683-7119 ext 85720,webbsarah@hotmail.com,"35455 Lori Station, Port Russell, NE 13637",7/19/2020,Nebraska
663,David,Scott,(487) 713-1252,danaadams@morris-nixon.net,"6396 Wolf Keys Apt. 773, Leemouth, UT 97342",7/25/2018,Utah
664,Darren,Rasmussen,(147) 494-4544 ext 157,joshuacarroll@cohen-mills.info,"280 Hoover Shoal Apt. 429, Nicoleberg, NC 89114",3/3/2024,North Carolina
665,Amanda,Lopez,(664) 933-0990,rwilliams@hotmail.com,"8656 David Loaf Apt. 064, Leebury, TN 04252",10/20/2023,Tennessee
666,Matthew,Freeman,(213) 710-5136 ext 4367,evanszachary@yahoo.com,"724 Jones Shoal Suite 716, West Timothy, WI 34324",9/18/2018,Wisconsin
667,Justin,Harris,Invalid Data,eduardo96@smith-anderson.org,"187 Robert Circles, Port Daniel, TX 15930",7/18/2015,Texas
668,Joshua,Vasquez,(987) 382-4449 ext 60268,peterwood@gmail.com,"4396 Cunningham Plaza Apt. 616, Gillhaven, NH 93072",10/13/2021,New Hampshire
669,Joshua,Martin,(902) 615-2546,paul58@miller.com,"7626 Scott Points Suite 018, East Stephanieburgh, KS 27487",2/26/2018,Kansas
670,Harold,Hayes,(029) 398-9832 ext 26260,douglasjohn@valdez-simpson.com,"38575 Jones Viaduct, Lake Emilyside, LA 05445",3/25/2020,Louisiana
671,David,Dixon,(094) 048-3813 ext 27625,stephanie59@hotmail.com,"48094 Matthew Road, Lauraburgh, AL 86240",8/22/2021,Alabama
672,Debra,Moreno,(997) 156-4219 ext 55285,hallchelsea@newton.info,"Unit 7909 Box 1838, DPO AA 20404",4/11/2019,Army
673,Brittany,Patterson,(087) 379-3804 ext 0599,torresgeorge@daniels.com,"500 Robert Common, Hunterberg, PA 81539",10/17/2016,Pennsylvania
674,Natasha,Morris,(108) 379-1145,fcooley@willis.com,"PSC 1668, Box 5778, APO AP 82885",6/27/2021,Army
675,Pamela,Johnson,(316) 308-7606,mitchelltrevor@turner.org,"1479 Mullins Extension Suite 278, Bradyburgh, AK 05242",6/8/2024,Alaska
676,Nicolas,Hall,(776) 462-5953 ext 5526,morganbenjamin@hotmail.com,"6775 Wilson Curve Apt. 350, Rhondahaven, MA 51548",4/17/2023,Massachusetts
677,Garrett,Davis,(591) 183-4116,oorr@snyder.com,"4747 Miller Mews, New Debbie, CO 00981",7/22/2018,Colorado
678,Alicia,Murillo,(038) 240-2146 ext 9979,geraldgardner@allen.com,"0839 Spears Port Apt. 463, Lake Jennifer, PA 80784",7/1/2021,Pennsylvania
679,Stephen,Fernandez,(490) 253-5808 ext 3903,justinpearson@gmail.com,"216 Lisa Parkways Apt. 632, Morrisshire, AK 98480",5/30/2024,Alaska
680,Mark,Joseph,(717) 758-5509,shelleynguyen@mercado-walker.net,"3025 Joshua Glens, Underwoodport, MT 96048",5/10/2020,Montana
681,Christopher,Duncan,(300) 615-5241,mhernandez@gmail.com,"41193 Stephenson Ways Suite 394, Kevinland, RI 36695",10/23/2015,Rhode Island
682,Stephanie,Rose,(447) 943-9797 ext 7824,hedwards@hotmail.com,"Unit 1822 Box 3284, DPO AE 12211",5/19/2015,Army
683,Lucas,Sanchez,Invalid Data,rachelwilson@gmail.com,"70154 Webb Expressway, South Connie, DE 99441",2/15/2018,Delaware
684,Jennifer,Stone,(939) 297-2773 ext 7874,rachel63@yahoo.com,"638 Benjamin Mountains, New Karen, NM 60940",8/14/2021,New Mexico
685,Courtney,Gonzalez,(619) 638-2796 ext 1544,chenrobert@yahoo.com,"96677 Kim Forge Apt. 241, South Brianport, OH 53261",6/10/2021,Ohio
686,Michael,Armstrong,(288) 948-4878 ext 7483,matameagan@moreno.com,"5470 Wade Rapids, Melindaborough, WA 74226",9/14/2015,Washington
687,Michael,Henson,(843) 784-3925 ext 34102,michael11@bender.com,"482 Cody Cliff Apt. 084, Heatherburgh, NE 64364",11/14/2023,Nebraska
688,Stephen,Martin,(206) 238-8590 ext 03248,belinda24@moreno.com,"493 Ibarra Forks, Bakerport, LA 83411",9/25/2017,Louisiana
689,John,Wood,Invalid Data,robertsheather@gomez.biz,"Unit 2606 Box 3906, DPO AE 74948",3/31/2019,Army
690,Brandon,Navarro,(100) 046-7110 ext 376,richardadams@marshall-donaldson.org,"7645 Richard Island Suite 388, Lake Josechester, MT 65558",5/24/2016,Montana
691,Heather,Williams,Invalid Data,patricia18@robinson.com,"9879 Nathaniel Causeway Apt. 597, New Kevin, NC 18061",12/3/2017,North Carolina
692,Danielle,Ball,(983) 426-9624,timothy62@hotmail.com,"608 Tina Walks Apt. 515, East Barbara, AZ 30919",10/16/2017,Arizona
693,Melissa,Payne,(806) 417-6970,erinhays@silva.com,"833 Elizabeth Port Suite 030, Bowersfort, MO 53355",4/19/2021,Missouri
694,Steven,Bruce,(759) 770-3887 ext 977,christopher45@woods-harris.com,"9239 Shaw Walks Suite 377, Lake Jayside, PA 87880",9/19/2015,Pennsylvania
695,Robin,Hancock,(862) 393-4059 ext 01954,danielle12@yahoo.com,"29437 Mary Avenue Apt. 571, New Alexandra, MA 19285",9/20/2017,Massachusetts
696,Maria,Graves,(134) 511-4825 ext 9570,austin01@conrad-willis.net,"293 Watts Tunnel Suite 596, Rebeccachester, WI 47566",8/30/2015,Wisconsin
697,Denise,Blanchard,(548) 847-2546 ext 641,courtneybrown@bryant.com,"537 Johnson Radial Suite 789, Hendersonfort, IL 63884",7/31/2018,Illinois
698,Penny,Lewis,(208) 906-6708 ext 83542,carol67@rodriguez.com,"2955 Matthew Road Apt. 002, Romerofort, NH 46608",9/1/2018,New Hampshire
699,Jeff,Hubbard,(979) 055-0736 ext 710,thomas22@hotmail.com,"0907 Jennifer Summit Apt. 731, Gibsonhaven, MI 73760",7/2/2024,Michigan
700,Jennifer,Dean,Invalid Data,emurphy@yahoo.com,"96827 Steven Ford Suite 044, Michaelfurt, SD 03449",4/11/2018,South Dakota
701,Brian,Anthony,(129) 324-3236,zscott@yahoo.com,"5181 Carter Gardens Apt. 035, New Grant, FL 11795",11/7/2016,Florida
702,Haley,Saunders,(668) 516-1791 ext 8986,brownrobert@hudson.com,"479 Reid Lodge, South Henry, MI 64088",7/28/2020,Michigan
703,Mark,Bryant,Invalid Data,bnavarro@yahoo.com,"45796 Sydney Radial Suite 928, Kristiside, NM 90001",10/30/2016,New Mexico
704,Dawn,Ryan,(826) 737-2915 ext 3490,john31@ali-christensen.org,"8479 Amanda River, West Caleb, NY 27675",2/14/2025,New York
705,Steven,Williams,(316) 092-1828 ext 6487,michael70@gmail.com,"USNS Fuller, FPO AA 24489",11/15/2019,Army
706,Shaun,Malone,(347) 156-4191 ext 8599,gcabrera@powell.org,"30787 William Roads Suite 908, South Paula, MA 90743",11/5/2022,Massachusetts
707,Anthony,Lara,(353) 845-2426 ext 943,ashley26@gmail.com,"PSC 8065, Box 7195, APO AP 60434",7/11/2020,Army
708,Margaret,Randolph,(604) 045-0644,vjohnson@hotmail.com,"USCGC Thomas, FPO AP 57957",1/20/2018,Army
709,Michael,Johnson,(653) 780-8658 ext 053,crystalhoward@martin.net,"33219 Ernest Spurs, Smithtown, SD 72566",3/23/2018,South Dakota
710,Paul,Fuller,(383) 692-4411 ext 008,mollymelton@bates.com,"84190 Cook Vista Apt. 755, East Kristenport, MO 97049",6/25/2018,Missouri
711,Eric,Erickson,(846) 317-2622 ext 206,longrichard@gmail.com,"PSC 4157, Box 8189, APO AP 11857",2/26/2022,Army
712,Brandi,Johnson,(907) 028-0446,dawnmurillo@hotmail.com,"568 Jonathan Coves, Lake Keith, MI 93701",6/16/2022,Michigan
713,Cynthia,Hampton,(343) 436-5339,frazierlisa@mejia.info,"84861 Ashley Lodge, South Richard, DE 01572",11/27/2015,Delaware
714,Nicholas,Bell,(415) 477-5198,pmacias@reese.net,"USNV Williams, FPO AP 65854",10/5/2017,Army
715,Yolanda,Fields,(254) 664-3124,alexismiller@hotmail.com,"76743 Lopez Brooks Suite 759, Davidhaven, WV 20194",10/19/2016,West Virginia
716,William,Andrews,(177) 692-4741 ext 284,ccook@huff-thomas.com,"644 Cruz Drive, Lake Elizabeth, ME 41566",11/20/2018,Maine
717,Kimberly,Tucker,(239) 615-3244 ext 381,cody93@gmail.com,"43824 Kaiser Manors Suite 050, West Anthony, ID 37262",7/5/2024,Idaho
718,Eric,Davis,(566) 651-5688 ext 54056,lindsey28@hotmail.com,"87682 Wallace Divide, Camachomouth, ME 39942",11/12/2024,Maine
719,Austin,Salinas,(239) 710-3355 ext 0637,calderondana@booker.org,"28821 Lucero Club Apt. 624, Christopherville, MS 73604",11/15/2016,Mississippi
720,Jennifer,Miller,Invalid Data,john91@bowen.com,"531 Ellis Estate Apt. 280, New Timfurt, OR 43158",10/1/2024,Oregon
721,Kiara,Bell,(838) 727-1271,jgraham@lopez.org,"057 Dodson Harbor, Brucefurt, MI 29882",7/31/2023,Michigan
722,Melinda,Obrien,(896) 513-0979 ext 975,eileen03@yahoo.com,"44445 Smith Port Apt. 591, New Mallorymouth, KY 81607",5/20/2016,Kentucky
723,Jessica,Johnson,(492) 473-9390,dhawkins@hotmail.com,"5831 Stokes Estates Apt. 442, Harrisbury, AZ 80850",11/24/2016,Arizona
724,Christina,Cox,(887) 030-5020 ext 35788,campbellstephanie@martinez-ingram.com,"765 Hernandez Stravenue Apt. 261, Lake Kristinaland, FL 32135",7/14/2018,Florida
725,Nancy,Montgomery,(564) 536-3000 ext 317,castillojason@gmail.com,"516 Francis Divide Suite 663, Lake Jason, RI 88347",5/26/2017,Rhode Island
726,Brandon,Hammond,(766) 363-0714 ext 780,pattersontroy@rodriguez.org,"USNS Jones, FPO AE 58940",9/20/2024,Army
727,Ryan,Wiley,(384) 508-6096 ext 68324,stephanie90@smith.biz,"50088 Hardin Fall Apt. 005, Kelseyburgh, NV 12198",3/4/2022,Nevada
728,Peter,Rodgers,(537) 011-9552 ext 5100,maria18@gmail.com,"865 Harrison Road, South Nathantown, NJ 99053",9/7/2021,New Jersey
729,Kendra,Davis,Invalid Data,davilaerika@hotmail.com,"088 Stokes Street Apt. 056, West Daniel, MI 21917",9/29/2022,Michigan
730,Joshua,Fletcher,(469) 586-4171 ext 68951,rojassarah@castillo-ross.com,"17972 Brennan Mill, Courtneyport, KY 44060",12/5/2018,Kentucky
731,Scott,Lee,(243) 106-2075 ext 265,kevinadams@hotmail.com,"04541 Rosales Crest Suite 492, Lake Alan, VT 01833",4/16/2017,Vermont
732,Kirsten,Elliott,(856) 362-3603 ext 1618,denisemoody@gmail.com,"PSC 8728, Box 1070, APO AE 17500",6/22/2023,Army
733,Jordan,Wall,(575) 397-2905 ext 146,cynthiarobinson@torres-randall.com,"2969 Jaclyn Meadows Suite 691, Williamchester, AL 03256",8/22/2019,Alabama
734,Christopher,Moore,(865) 370-1843 ext 544,jasmineallen@garner.info,"2866 Richards Expressway, East Joseph, OH 62717",3/10/2020,Ohio
735,Erika,Taylor,(673) 813-4258,clarkrobert@gmail.com,"2530 Cole Radial, Morrisshire, MA 87619",8/18/2024,Massachusetts
736,Marcus,Wade,(274) 820-4320 ext 13821,patelelijah@cook.com,"7038 Pacheco Point, Roseberg, RI 20742",9/23/2022,Rhode Island
737,Jason,Waters,(785) 603-7909 ext 673,piercebarbara@hotmail.com,"671 Elliott Coves Apt. 077, Popefort, DC 40625",12/30/2016,District of Columbia
738,Lisa,Owens,Invalid Data,hughesmisty@moore.com,"08619 Daniel Tunnel Suite 294, Lake Sandraburgh, MN 26787",3/11/2017,Minnesota
739,Antonio,Clark,(809) 940-4955 ext 496,wmeyer@blake.biz,"058 Decker Field Apt. 713, Brittanyport, ND 57516",2/23/2021,North Dakota
740,Shannon,George,(954) 140-0468 ext 269,matthewdavis@gmail.com,"87933 Latasha Loop Apt. 539, West Melissastad, RI 46872",9/19/2023,Rhode Island
741,Rebecca,Johnson,(201) 946-6375,porterleah@davis.biz,"601 Jill Rest, Kathrynshire, CO 52161",12/20/2024,Colorado
742,Kaitlin,Spears,Invalid Data,flynnroy@hotmail.com,"773 Amy Canyon, Mitchelltown, WI 26884",11/5/2019,Wisconsin
743,Anthony,Waller,(298) 621-5361 ext 2273,nataliegalloway@hotmail.com,"794 Hannah Hollow Apt. 084, Thomasborough, IL 97287",10/11/2018,Illinois
744,Robert,Reed,(861) 390-9617 ext 14980,ian21@yahoo.com,"06906 Flowers Summit, Meyerfurt, NV 53476",4/27/2023,Nevada
745,Joshua,Peterson,(321) 840-2938 ext 3119,randy47@hotmail.com,"USCGC Miller, FPO AE 89263",6/18/2017,Army
746,Kimberly,Barker,(688) 398-9280 ext 0866,john66@stone.com,"5105 Christopher Stravenue Suite 999, Simonchester, MO 02876",10/8/2024,Missouri
747,Julie,Coleman,(680) 757-9137 ext 24441,frederick66@price-phillips.biz,"70379 Scott Summit Suite 006, New Casey, WV 28369",7/4/2020,West Virginia
748,Tammy,Webb,(717) 677-4417 ext 1383,penningtonanita@hale-mcclain.net,"20167 James Park Apt. 958, Vargasburgh, DE 04513",4/12/2023,Delaware
749,Rhonda,Estrada,(794) 603-3175 ext 7036,michelle13@yahoo.com,"06432 Jones Brooks Apt. 855, Jameschester, TX 80945",3/2/2023,Texas
750,Jim,Nichols,(425) 821-7497,jennifer88@callahan-haas.com,"04382 Fuller Rapid, West Adamland, RI 48894",9/15/2019,Rhode Island
751,Carol,Campbell,(346) 918-1572,mercerjasmine@yahoo.com,"17225 James Alley, New Lauren, ND 77056",3/30/2023,North Dakota
752,James,Hamilton,(336) 214-1176 ext 6512,morganbradley@yahoo.com,"856 Kelsey Drive Suite 500, Port Sarahhaven, MI 59164",2/9/2018,Michigan
753,Sierra,Nelson,Invalid Data,sarah85@smith-lewis.com,"772 Melissa Fort, Jacksonville, ND 60108",3/25/2025,North Dakota
754,Leah,Jones,(967) 629-3483 ext 71354,thomas10@yahoo.com,"60617 Sydney Parks, West Nicholas, ME 56321",10/31/2016,Maine
755,Madison,Johnston,(788) 252-2852,copelandjustin@sanchez.com,"6632 Kelly Ports Apt. 926, Melvinberg, IN 41657",11/29/2021,Indiana
756,Brian,Jones,(898) 854-5244,christopher53@hotmail.com,"245 Tiffany Ports, Harperfurt, MD 98660",9/27/2021,Maryland
757,Deborah,Wright,(620) 084-9548 ext 874,upatel@gmail.com,"891 Leonard Squares Apt. 749, Nicoleville, NC 64838",10/22/2017,North Carolina
758,John,Smith,(426) 393-4892,coryproctor@gmail.com,"49873 Olivia Mission Apt. 903, Keithside, TX 37459",1/19/2023,Texas
759,Melissa,Dawson,(139) 104-1335,andrea25@davis.com,"50722 Alexandra Centers Suite 162, Brownhaven, SC 54377",6/23/2017,South Carolina
760,David,Floyd,(191) 389-3817,mejiapatrick@yahoo.com,"246 Klein Garden, Port Patrickfort, TX 63031",5/14/2023,Texas
761,Jacqueline,Cook,(614) 418-2475,harringtoncarlos@hotmail.com,"581 Joseph Lake, Whitebury, MD 33403",11/17/2019,Maryland
762,Joshua,Fox,(299) 847-5681 ext 51602,megan96@hotmail.com,"8905 Davis Meadows, East Bryanburgh, ID 82470",4/17/2020,Idaho
763,Billy,Meyer,(396) 431-5833 ext 0722,judythomas@hotmail.com,"735 Allen Islands Apt. 545, Millerville, MO 02268",6/3/2023,Missouri
764,Amy,Clayton,(926) 750-3118,jeremyknox@sullivan.com,"9518 Austin Centers Suite 317, Margaretshire, WV 51595",2/23/2016,West Virginia
765,Hannah,Frank,(345) 117-1545,christine02@gmail.com,"PSC 5646, Box 9697, APO AE 54199",1/6/2019,Army
766,Nathan,Martinez,(571) 186-2108 ext 46886,bakerjanet@yahoo.com,"930 Bray Circle Suite 443, West Kerry, RI 76849",10/4/2015,Rhode Island
767,Jesse,Ruiz,(156) 825-0151,gillbrian@carson.com,"Unit 7357 Box 0393, DPO AE 09175",4/7/2021,Army
768,Glenda,Thomas,(314) 150-0995 ext 26088,wolfecourtney@casey.com,"99269 Jackson Curve, East David, MO 60447",7/4/2020,Missouri
769,David,Daugherty,(493) 499-4985 ext 9852,zacharywilson@gmail.com,"565 Bush Meadows Suite 184, Patriciaside, TX 52668",1/26/2017,Texas
770,Cindy,Campos,(197) 222-4023 ext 413,rvega@yahoo.com,"71197 Goodman Street, North Hailey, ND 22569",6/13/2024,North Dakota
771,Emily,Hancock,Invalid Data,williamwalton@gmail.com,"54001 Park Lane Suite 093, East Richardshire, NV 51125",1/13/2018,Nevada
772,Alicia,Munoz,(558) 762-0719 ext 68922,colleen71@wilson.com,"906 Timothy Glens Apt. 044, Port Ryan, UT 11270",9/16/2019,Utah
773,John,Moss,(776) 656-3777 ext 48250,mitchellpeggy@hudson.info,"476 Nguyen Mall Suite 658, South Andrew, NM 85483",4/12/2018,New Mexico
774,Sherri,Williams,(299) 809-2386 ext 250,duartejeffrey@harmon-watson.org,"USNV Reeves, FPO AA 91686",5/18/2022,Army
775,Michaela,Bell,(229) 321-2715 ext 057,rguerrero@gibbs.com,"7246 Baker Spurs Apt. 042, New Jacqueline, NE 90479",12/25/2015,Nebraska
776,David,Robinson,(546) 985-9982,laura45@gmail.com,"398 Robert Flat, Andrewbury, LA 70007",6/10/2020,Louisiana
777,Calvin,Reid,(691) 895-6881 ext 1950,tsmith@hotmail.com,"18499 Smith Groves Suite 805, Crossstad, WA 42656",4/14/2016,Washington
778,Kelly,Rodgers,(248) 385-9259,kimberlyphillips@yahoo.com,"PSC 2677, Box 4105, APO AP 80308",12/24/2024,Army
779,Kimberly,Adams,(920) 864-1795 ext 884,nicholas47@gmail.com,"193 Sims Glens, Trevinoburgh, ID 61922",3/2/2023,Idaho
780,Ricardo,Thompson,Invalid Data,dominiquemerritt@mcmillan-schwartz.com,"07788 Amy Forks Suite 303, Velazquezborough, ME 40229",10/8/2019,Maine
781,Kristy,Osborn,(403) 027-4851 ext 06632,elizabeth74@johnson.com,"97805 Martinez Groves, South Lindaport, SC 76311",7/12/2020,South Carolina
782,Hunter,Vargas,(941) 750-1610,tschmitt@hotmail.com,"239 Peterson Landing Suite 797, South Randy, OH 58076",11/1/2022,Ohio
783,Tracy,Olson,(292) 812-7948 ext 901,fhall@gmail.com,"3937 Barnes Union, Kingport, WV 42084",4/14/2021,West Virginia
784,Benjamin,Goodwin,(993) 738-1780,potterjoseph@coleman.biz,"286 Ward Islands, Lake Walter, ME 77387",11/10/2019,Maine
785,David,Chambers,(184) 709-0095 ext 25131,joneselizabeth@yahoo.com,"517 Perkins Lock Suite 549, Stephenstad, IL 45932",12/30/2018,Illinois
786,Michelle,Williams,(406) 450-1906 ext 7687,wagnerjoseph@phillips.com,"38755 Roberts Neck, Jonesfort, OK 63082",6/16/2021,Oklahoma
787,Christopher,Smith,(301) 093-9132 ext 56890,alexisgonzalez@yahoo.com,"2664 Lyons Throughway, New Brandon, WV 56136",10/6/2016,West Virginia
788,Stefanie,Turner,(523) 809-1278 ext 7511,ubridges@gmail.com,"219 Whitney Ranch Suite 558, Zacharybury, CO 39173",8/2/2021,Colorado
789,Lawrence,Mcmahon,(761) 423-4448 ext 2030,christopherdunlap@george.com,"145 Donna Manor, Port Amandachester, MS 22997",4/23/2025,Mississippi
790,Ronald,Gibbs,(872) 466-1937,davidbush@edwards-baker.org,"785 Heather Springs Apt. 651, Lucasfort, AL 80283",12/4/2018,Alabama
791,Thomas,Morris,(678) 560-7319 ext 44239,bperkins@hotmail.com,"74264 Montgomery Mission, Jacquelinehaven, SC 59876",8/14/2017,South Carolina
792,Donald,Rhodes,(486) 405-5079,fhardy@carr.info,"31550 Jason Fort Apt. 571, New Michelle, PA 61281",4/6/2024,Pennsylvania
793,Melissa,Hart,(502) 932-1654,chunter@gmail.com,"77981 York Fords Suite 897, Ortizbury, CO 87118",10/11/2016,Colorado
794,Greg,Bailey,(834) 492-8565 ext 6563,hoganroy@keller.com,"USNS Sutton, FPO AA 10527",2/9/2023,Army
795,Jessica,Washington,(269) 587-5894,stacyboyd@joseph.com,"5704 Fitzgerald Crest, East Thomasport, IL 07188",10/29/2023,Illinois
796,Evan,Rosales,(817) 085-1862,erik00@gmail.com,"10360 Thomas Spurs Apt. 454, Millerborough, NH 37936",8/1/2019,New Hampshire
797,Steven,Castro,(831) 940-0075 ext 768,mccarthyconnie@gmail.com,"Unit 8884 Box 2997, DPO AE 90434",8/15/2024,Army
798,Alison,Reynolds,(560) 075-9816 ext 607,alexander48@berry.com,"913 Martin Walk, Katherinemouth, VA 70591",7/6/2015,Virginia
799,Julie,Pacheco,(336) 958-8775 ext 7166,vjacobs@yahoo.com,"368 Swanson Mountain, West Edwardtown, IL 20302",5/29/2015,Illinois
800,Lawrence,Turner,(428) 952-7207 ext 456,riverastephanie@hotmail.com,"847 Hogan River, North Robinchester, NC 57255",8/27/2015,North Carolina
801,Mary,Atkins,Invalid Data,thomascathy@gmail.com,"5389 Chan Lodge Apt. 783, South Jessicaton, WI 82942",6/9/2016,Wisconsin
802,Ebony,West,(292) 000-5967 ext 196,jeffrey98@yahoo.com,"620 Sandra Key Suite 722, Erikport, DE 59998",2/8/2016,Delaware
803,Hannah,Perez,(635) 810-6956 ext 22505,wporter@yahoo.com,"947 Anthony Flats, Amandaburgh, MO 30951",11/17/2018,Missouri
804,Christopher,Medina,(101) 223-3275 ext 3748,jonessteven@gmail.com,"1974 Jonathan Forest Apt. 489, New Aprilfurt, OK 48884",7/20/2017,Oklahoma
805,Frank,Morgan,(169) 916-2131,roachjocelyn@merritt.biz,"18912 Melendez Extension, Pattonmouth, ND 63134",11/10/2019,North Dakota
806,Megan,Wright,(137) 850-2463 ext 522,dcarpenter@livingston-sloan.com,"Unit 0926 Box 5523, DPO AE 85739",1/10/2024,Army
807,Sara,White,Invalid Data,pberg@gmail.com,"4715 Robinson Garden, New Meganshire, NM 62211",4/29/2024,New Mexico
808,Brittany,Butler,(970) 197-3428,boydbrittney@king-lucas.info,"7561 Patricia Ridge Apt. 174, Petersport, MN 26338",8/6/2019,Minnesota
809,Sara,Donaldson,(239) 751-3333 ext 555,mcmillanvincent@yahoo.com,"09331 Holly Pike Apt. 854, Lake Isaacborough, MT 88120",10/10/2019,Montana
810,Colton,Wells,(894) 266-7152 ext 767,justin63@mcgee.com,"008 Holly Ridge, Russelltown, MI 81185",10/15/2019,Michigan
811,Donald,Martin,(936) 542-3414 ext 44383,angelaescobar@williams.net,"23540 Rodney Glen Suite 814, East Amy, NM 14462",3/1/2023,New Mexico
812,Victoria,Wolfe,(409) 645-1209 ext 80354,lmartinez@gmail.com,"437 Cook Plains Apt. 331, Edwardsfurt, CO 07500",11/28/2019,Colorado
813,Joseph,Zuniga,(174) 110-1344 ext 9097,pattersonshelby@johnson.com,"987 Mcmillan Rue Suite 562, North Charles, IL 96873",8/8/2024,Illinois
814,Amanda,Lopez,(286) 447-3142 ext 57813,ubarnett@roberts.com,"82097 Benjamin Pines, Lake Jenniferbury, ND 24222",6/28/2020,North Dakota
815,David,Ryan,(269) 240-1119 ext 527,rebeccakelley@hotmail.com,"867 Charles Lakes Suite 204, Banksland, NH 53826",7/23/2020,New Hampshire
816,Jeffrey,Terrell,(694) 006-8533 ext 755,david22@hotmail.com,"Unit 0234 Box 6172, DPO AP 45637",6/28/2016,Army
817,John,Smith,(568) 064-2003 ext 318,stephencruz@perry.com,"542 Abigail Place, Lake Lisaburgh, IA 97736",4/20/2017,Iowa
818,Amy,Powell,(819) 320-1468 ext 181,pmurphy@monroe.com,"767 Gregory Row Apt. 062, Dannyfort, DE 86086",11/5/2020,Delaware
819,Holly,Williams,Invalid Data,aaron37@yahoo.com,"80143 Herrera Valleys, East Richardfurt, NE 60392",10/25/2023,Nebraska
820,David,White,(758) 885-7793 ext 931,michael32@diaz-wong.com,"8690 Beck Centers, Lake Jennifer, TX 27789",10/27/2023,Texas
821,Brandi,Moore,(986) 587-8008,richardsonlauren@travis.com,"Unit 7519 Box 2099, DPO AA 06537",12/4/2019,Army
822,Stephen,Brown,(571) 038-1291 ext 8058,reedjamie@howard-wallace.com,"7180 Klein Way, West Andrea, NM 14807",11/30/2018,New Mexico
823,Travis,Allen,(571) 572-8572 ext 9285,cannonpatrick@yahoo.com,"138 Stacy Ville Apt. 462, Lake Jamesland, CO 52299",5/19/2018,Colorado
824,Joann,Mcdonald,(506) 372-8593 ext 5722,thomasnicholas@gmail.com,"71993 Williams Unions Suite 492, Batesmouth, KY 94451",8/5/2024,Kentucky
825,Shelley,Watson,(043) 872-6372 ext 305,james01@gmail.com,"56362 Samantha Port, Jeffreyhaven, VT 33792",5/6/2022,Vermont
826,Ronald,Martin,(789) 385-0692 ext 0109,lewismargaret@yahoo.com,"Unit 9803 Box 3898, DPO AA 40132",7/19/2019,Army
827,Mark,Parker,(491) 309-5262,hharris@gmail.com,"PSC 0401, Box 0997, APO AA 79442",12/8/2024,Army
828,Heather,Shaw,(369) 952-1164 ext 859,michaelpitts@conley-carter.net,"172 Gibson Village, Erinfurt, ID 79438",9/28/2021,Idaho
829,Bianca,Thomas,(920) 506-2155,martinezmakayla@hughes.org,"6908 Small Bridge Apt. 519, Port Mitchellborough, TN 42154",3/13/2023,Tennessee
830,Joshua,Hawkins,(668) 461-8756 ext 551,gatesmatthew@moore-miles.biz,"PSC 8724, Box 1132, APO AA 67468",1/15/2023,Army
831,Isabel,Ball,(218) 655-3539 ext 594,amy97@yahoo.com,"USNV Gibbs, FPO AA 82904",6/28/2017,Army
832,Mark,Evans,(884) 982-5567 ext 7093,mhopkins@hill-smith.com,"364 Debra Valley, New Scott, SD 02652",4/3/2025,South Dakota
833,Richard,Hamilton,(996) 732-9832 ext 8865,qwebster@young.com,"45073 Rowe Mill, Lake Donaldland, KS 13114",9/25/2020,Kansas
834,Nicholas,Martin,(167) 938-1784,deborah41@morrison.info,"732 Garrett Fork Apt. 892, Pricemouth, GA 68534",5/6/2018,Georgia
835,Brian,Carson,(422) 624-0147,salinassarah@gross.com,"521 Gregory Plains, Maryfort, PA 80417",2/6/2024,Pennsylvania
836,Mason,Hudson,(913) 598-0839,cclark@hotmail.com,"649 Brown Vista, Forbesborough, NV 18297",3/22/2024,Nevada
837,Jonathan,Smith,(889) 113-8065 ext 70893,kmills@smith.com,"98413 Sarah Forges Suite 344, East Mandytown, ID 96174",3/2/2019,Idaho
838,Gary,Moore,(248) 587-9455 ext 26588,dconway@yahoo.com,"431 John Camp Apt. 941, Chelseashire, ID 80718",2/22/2019,Idaho
839,Angela,Griffith,(594) 082-8281,kelsey68@miller-nichols.com,"701 John Cape Suite 702, Anthonyshire, ME 81994",8/6/2016,Maine
840,Brittany,Macdonald,(386) 078-2887,jarvisronald@allen-bishop.com,"0337 Matthew View, Kristenfort, WY 09393",1/14/2025,Wyoming
841,Kimberly,Brown,(038) 218-6692 ext 4604,garciatammy@hernandez.com,"84636 Veronica Field, Jeremymouth, HI 18219",5/1/2018,Hawaii
842,Erin,Mccoy,(515) 096-5080 ext 32605,tammyking@miller-sanders.biz,"0573 Myers Points, East Brian, NC 16336",5/8/2023,North Carolina
843,Jessica,Costa,(219) 246-4327,ywilliamson@dillon.com,"538 Flores Valley Apt. 003, South Ericmouth, SD 61453",10/5/2015,South Dakota
844,Annette,Atkins,(439) 794-4582 ext 683,jonathan07@hotmail.com,"000 Kathryn Oval, Davidport, MS 45186",3/7/2024,Mississippi
845,Joseph,Phillips,(235) 882-1919 ext 7622,smithjoseph@terrell.com,"8291 Galvan Knolls, North Robert, MT 68664",4/4/2020,Montana
846,Desiree,Woods,(646) 716-8433 ext 0584,radams@yahoo.com,"94394 Snyder Station Suite 272, North Zoemouth, WV 09883",10/15/2020,West Virginia
847,Brittany,Hamilton,(201) 529-9733,michaelsmith@yahoo.com,"6439 Deborah Glen Suite 303, New Jesusville, NJ 36144",4/3/2016,New Jersey
848,James,Parrish,(995) 251-7146 ext 3937,michaelreynolds@gmail.com,"285 Harris Road, Brandonport, MS 46662",11/6/2019,Mississippi
849,Vincent,Boyd,(641) 707-6307 ext 47186,kevingutierrez@yahoo.com,"197 Kenneth Island Suite 844, North Devinton, NE 30683",11/13/2015,Nebraska
850,Stephanie,Miller,Invalid Data,zjackson@hotmail.com,"40064 Mendoza Port, Mosesberg, AZ 71262",12/18/2016,Arizona
851,David,Lam,(133) 040-8412,chengregory@brown.info,"828 Lucas Greens, South Michaelfurt, CO 76428",12/4/2020,Colorado
852,Jared,Rios,(392) 508-0754 ext 091,michaelrogers@tran.org,"090 Richards Burgs, Lake Nicholas, WY 43624",2/28/2025,Wyoming
853,Michael,Taylor,(516) 566-6772 ext 3601,edward75@hotmail.com,"57777 Christina Locks Suite 574, Port Emilyfort, WV 09868",1/2/2022,West Virginia
854,Riley,Graves,(227) 846-1777 ext 7226,ryancampbell@gmail.com,"83499 Cox Haven, East Brandonport, NM 53632",3/18/2019,New Mexico
855,John,Griffith,(044) 278-3505 ext 96294,laurenjordan@oliver.com,"43159 Karen Stream, Port Dakota, ME 48035",9/17/2022,Maine
856,Amanda,Sullivan,(108) 279-8702 ext 515,jessica33@gmail.com,"954 Johnny Gateway Apt. 100, Lake Jeffrey, AL 66916",5/15/2019,Alabama
857,Madeline,Fitzgerald,(215) 129-0956 ext 49350,bakerbarbara@lewis.com,"5884 Joshua Fields Apt. 527, Ericfurt, CA 90232",4/2/2023,California
858,Hannah,Mills,Invalid Data,gonzalezpeter@warren.com,"Unit 2765 Box 9515, DPO AE 31905",1/29/2024,Army
859,Ryan,King,(560) 845-1389,andrew92@yahoo.com,"6625 Joseph Way, Traceystad, OR 43169",8/23/2024,Oregon
860,Brenda,Johnson,(909) 927-6096 ext 93464,randy31@hotmail.com,"3966 Watson Pike, Alvarezview, OH 82843",11/22/2021,Ohio
861,Shirley,Anderson,(228) 756-1902 ext 0709,xsolis@johnson-lindsey.info,"239 Jones Parkways, North Bethany, DC 67082",2/22/2019,District of Columbia
862,Jacob,Thomas,(946) 596-6636 ext 314,ppowell@gmail.com,"114 David Square Suite 607, Christineshire, MT 78957",9/3/2022,Montana
863,Preston,Atkins,(880) 123-9378 ext 123,kellykimberly@hale-charles.com,"245 Dawn Island Apt. 510, Kellerport, WA 63385",3/5/2022,Washington
864,Brittany,Drake,(275) 671-0439,freed@rice-miller.net,"1353 Emily Course, North Paulbury, FL 92686",6/26/2022,Florida
865,Janet,Rogers,(395) 211-3083,rojasmary@gmail.com,"858 Smith Common, Hardingborough, KY 91852",8/13/2017,Kentucky
866,Michael,Bennett,(114) 504-5702 ext 3937,zmcgrath@yahoo.com,"99384 Timothy Ports, New Anaborough, ID 62617",7/7/2015,Idaho
867,Leslie,Carter,(601) 819-0057 ext 28009,qsimpson@payne.com,"52871 Patrick Roads Apt. 414, Schneiderport, IN 63240",3/3/2021,Indiana
868,Danny,Baker,(810) 121-5846 ext 10327,danielle00@hotmail.com,"966 Singh Prairie, North Marcialand, NC 68279",9/17/2018,North Carolina
869,Glenda,Boyd,(462) 378-4922 ext 266,allengarcia@hotmail.com,"914 Gomez Track, Harveyland, SD 12053",1/6/2016,South Dakota
870,Deborah,Hill,(124) 556-2112,keithkirby@yahoo.com,"863 Meghan Views, Williamsview, DE 20557",7/15/2021,Delaware
871,Nicholas,Davis,(959) 624-0839,carloschavez@yahoo.com,"35109 Martin Cliffs Apt. 822, New Melissaborough, IL 34102",3/16/2017,Illinois
872,Stephanie,Harris,(101) 712-9772 ext 49304,jademartin@hotmail.com,"95943 John Path Suite 361, Lake Sean, AR 60563",4/30/2016,Arkansas
873,Shirley,Dickson,(302) 171-2048 ext 6724,xbean@alvarado.com,"79181 Cody Club, Port Jonathanland, ME 15814",2/13/2025,Maine
874,Sherry,Fitzpatrick,(481) 227-4653 ext 13676,charlesfox@hotmail.com,"84249 Nelson Forks Apt. 008, Rossstad, SC 48544",5/26/2016,South Carolina
875,Joseph,Perez,(874) 005-3992 ext 214,charlesgray@schneider.com,"9796 Michael Park Apt. 575, Cabreraborough, MI 64354",3/31/2019,Michigan
876,Jill,Dennis,(390) 500-9844 ext 47171,hannanancy@hotmail.com,"3895 Underwood Viaduct, Doughertychester, AR 86202",3/13/2018,Arkansas
877,Lawrence,Bean,Invalid Data,uconway@gmail.com,"67269 Brenda Crest, East Rodney, OK 23905",6/5/2015,Oklahoma
878,John,Mendoza,(161) 354-9566,coxcesar@yahoo.com,"Unit 0255 Box 8130, DPO AA 12616",2/25/2020,Army
879,Amanda,Kane,(564) 474-3612 ext 71223,vargasrobert@hotmail.com,"707 Rodriguez Field Apt. 870, New Randyland, OK 70082",1/31/2017,Oklahoma
880,Jennifer,Kim,(410) 149-0185 ext 02878,harriskelly@gmail.com,"01531 Kevin Plaza Apt. 766, Emilyport, MT 18667",10/2/2019,Montana
881,Michael,Craig,(724) 621-9604 ext 6427,heatherphelps@rivera.info,"60932 Cole Valleys, East Josephport, MS 73972",9/9/2016,Mississippi
882,Margaret,Schaefer,(074) 843-2094 ext 003,mark41@cox.com,"08483 Jesus Lane Apt. 581, West Leviview, OR 84711",10/13/2016,Oregon
883,Mitchell,Freeman,(305) 586-8700 ext 14020,jamestaylor@valencia-terry.com,"6910 Hayley Views Apt. 908, Francisstad, IN 40059",4/27/2016,Indiana
884,George,Greene,(862) 545-5476 ext 71109,cbrown@gmail.com,"001 Kevin Freeway Apt. 310, Port Gregory, KS 24242",5/17/2016,Kansas
885,Rebecca,Cruz,(143) 114-5008 ext 18133,cmartin@williams.com,"80743 Kelly Fort, Floresburgh, AR 66763",2/13/2016,Arkansas
886,Brandon,Cross,(422) 030-5688 ext 3344,pricejoseph@gmail.com,"034 Christopher Canyon, North Theresa, CA 54630",4/15/2022,California
887,Diane,Hooper,(817) 639-4559 ext 043,monroepaul@yahoo.com,"PSC 7468, Box 2645, APO AP 65287",11/28/2018,Army
888,Lauren,Davis,(323) 935-4110,russell04@gmail.com,"0153 Castaneda Lock, Cohenmouth, NH 21822",8/18/2015,New Hampshire
889,Gwendolyn,Erickson,(189) 719-0422 ext 654,carlagray@gmail.com,"128 Hardy Greens Apt. 136, Simmonstown, TN 89706",4/7/2020,Tennessee
890,Wyatt,Herman,(636) 225-8300,rdaniels@hotmail.com,"74340 Sparks Manors Suite 093, East Stephanie, IL 40462",7/20/2021,Illinois
891,Paul,Murray,(126) 873-9734 ext 866,ericchoi@gmail.com,"5233 Matthew Prairie, Millerland, MI 87222",11/24/2023,Michigan
892,Toni,Kelly,(632) 562-9881,vcombs@andrews-smith.com,"43735 Taylor Brooks Apt. 857, Erintown, NC 26203",2/1/2019,North Carolina
893,Jon,Morrow,(458) 425-9100,honeill@hill.com,"3950 Chang Hills Apt. 201, South Jacquelineshire, OH 07311",6/9/2018,Ohio
894,Nicholas,Bernard,(671) 697-7851 ext 26653,irojas@yahoo.com,"803 Mcbride Brooks Suite 046, East Janet, PA 83841",3/31/2017,Pennsylvania
895,Justin,Ryan,(367) 923-6500 ext 5785,latashasanders@hampton-morse.com,"PSC 1130, Box 8212, APO AA 95580",8/7/2024,Army
896,Michael,Patterson,(536) 735-3447 ext 15435,ballrachel@gmail.com,"7013 Mariah Mountains, Port Stephenton, NJ 47865",8/11/2019,New Jersey
897,Brandy,Chandler,(520) 732-4357,samuel28@yahoo.com,"6346 Miller Forge, Angelatown, NM 76583",3/18/2019,New Mexico
898,Lauren,Harris,(222) 854-1246,vasquezmelissa@torres.org,"46249 Autumn Mills, Mclaughlinton, UT 78109",2/23/2024,Utah
899,Rose,Davis,(410) 648-5197 ext 28490,christopher89@gmail.com,"276 Miller Station Apt. 991, Thomasfort, WA 48393",7/1/2018,Washington
900,Andre,Johnson,(212) 518-6356 ext 973,whitneystephanie@yahoo.com,"662 Fox Terrace, South Anatown, VA 01958",1/20/2024,Virginia
901,Marcus,Jackson,(509) 864-3657 ext 8342,kingtony@lowe-vargas.com,"8717 Rice Village, Lake Matthew, CA 32117",7/1/2024,California
902,Samantha,Moore,(997) 220-4240,richard18@gmail.com,"USNS Hernandez, FPO AA 84071",4/1/2024,Army
903,Nicole,Miller,(583) 641-6240 ext 941,hailey90@griffin.com,"PSC 7667, Box 0602, APO AE 57522",7/25/2016,Army
904,Brian,Bradshaw,(161) 103-2754 ext 6332,thomasmegan@robinson-gibbs.biz,"900 Andrea Pike Apt. 517, Andrewfort, NE 81497",3/19/2017,Nebraska
905,Christopher,Wong,(720) 371-9278 ext 246,ohoffman@anderson-martin.info,"05660 Barbara Fork, Zamoraland, DC 74221",5/4/2024,District of Columbia
906,Eric,Griffith,(618) 616-1629,ericavery@griffin.net,"46084 Maria Spring, Nicholasborough, CT 75315",6/2/2015,Connecticut
907,Teresa,Dixon,(730) 677-1537 ext 7493,cbrooks@johnson.com,"2255 Robin Shores, West Denise, OK 59381",8/20/2023,Oklahoma
908,Beverly,Fleming,(581) 585-4162 ext 4325,floresdennis@sanchez-gallegos.com,"66945 Daniels Villages, New Jeremybury, NE 24908",11/26/2019,Nebraska
909,Kimberly,Alvarez,(481) 417-7871 ext 655,danaanderson@murphy.org,"PSC 6080, Box 7395, APO AE 52384",12/1/2019,Army
910,Anthony,Torres,(940) 077-8305 ext 257,jessicajones@hotmail.com,"5556 Scott Ford, Lake Meganton, VA 98597",10/27/2018,Virginia
911,Jessica,Watkins,(693) 862-4563,joshua52@gonzalez.info,"08962 Linda Port Suite 550, Audreyland, MD 09127",10/11/2023,Maryland
912,Charles,Ho,(784) 712-7346 ext 989,gperez@hughes.com,"223 Dennis Bridge, Lake Charlesmouth, PA 24781",1/29/2017,Pennsylvania
913,Maria,Davidson,(177) 212-7882 ext 9901,robert93@gmail.com,"42894 Rachel Field Suite 385, Morenoborough, WA 97284",9/16/2018,Washington
914,Patrick,Jenkins,(691) 765-8982,jonesnicholas@yahoo.com,"099 Vanessa Ford Apt. 430, Lake Davidview, MT 31483",3/8/2023,Montana
915,Angela,King,Invalid Data,lucas92@bishop.org,"4222 Mark Shoal Suite 352, North Rhonda, NY 23847",8/22/2021,New York
916,Emma,Thomas,(134) 625-2771 ext 8473,lacey14@hotmail.com,"00978 Gray Groves, North Kylechester, NV 74925",9/28/2017,Nevada
917,Nicholas,Jones,(503) 713-8118 ext 0444,mike39@gmail.com,"47649 Campbell Trace Apt. 797, Paulberg, AL 22096",3/17/2023,Alabama
918,Aaron,Cunningham,(513) 680-7597,ortiztimothy@gmail.com,"44102 Jennifer Well, New Kevinfort, LA 22757",11/23/2015,Louisiana
919,Michelle,Scott,(572) 101-1353 ext 64001,kimberlywade@gmail.com,"16849 Stone Mill, North Peterfort, VA 53805",8/8/2023,Virginia
920,Victoria,Murray,(718) 446-5868,mshaffer@hotmail.com,"35244 Ellis Drive Apt. 277, Wilsonside, NY 09656",12/24/2021,New York
921,Tammy,Oliver,(654) 750-6787 ext 02989,velasquezjuan@hotmail.com,"78846 Kenneth Drive Suite 853, Royberg, NC 84277",7/25/2015,North Carolina
922,Heather,Petty,(493) 489-3356 ext 128,michaelgriffith@hotmail.com,"3455 Turner Brook Suite 813, Pamelamouth, HI 41381",12/14/2024,Hawaii
923,Colin,Anderson,(802) 222-1985,hernandezjeffrey@yahoo.com,"7960 Herrera Terrace Apt. 357, Smithtown, NY 55145",8/29/2021,New York
924,Tina,Gross,(659) 857-3794 ext 31396,medinatiffany@smith-moon.info,"04193 Melissa Fords Apt. 441, West Brian, MO 67239",7/16/2016,Missouri
925,Carl,Olson,Invalid Data,rmacias@hotmail.com,"3173 Kimberly Center Suite 444, Ashleymouth, AR 28409",4/24/2021,Arkansas
926,Stephanie,Morrison,(109) 849-2306,rachelgibson@hotmail.com,"6645 Tucker Squares, South Priscillaview, WI 85317",12/24/2017,Wisconsin
927,Larry,Porter,(905) 485-5339 ext 6307,jessicasanchez@dixon.biz,"0846 Christopher Mews, Hollyton, MN 02269",4/10/2017,Minnesota
928,Andrew,Baker,(959) 960-7726 ext 32790,paulreid@williams-johnson.com,"630 Cohen Common Apt. 544, Lake Michaelburgh, AL 79034",3/7/2018,Alabama
929,Andrew,Waters,(764) 853-8991 ext 8598,scott88@gmail.com,"152 William Valleys Apt. 829, Port Shannonview, MS 43339",12/1/2017,Mississippi
930,Michelle,Phillips,(555) 266-0400 ext 658,rperez@rodgers.com,"79340 Gray Roads Suite 415, Wayneborough, NV 61609",1/14/2022,Nevada
931,Jermaine,Walker,(868) 766-6445,matthewssarah@gmail.com,"09591 Lane Loop, Jimmymouth, LA 08054",9/7/2022,Louisiana
932,Michael,Robertson,(319) 584-7978,anthony38@gmail.com,"61598 Vicki Shoal, Lake Crystalland, CO 76914",3/14/2022,Colorado
933,Autumn,Mcdonald,(973) 793-1394,anthonymartinez@carter.com,"22162 Benjamin Path Suite 853, South Jonathanstad, TX 68148",9/23/2016,Texas
934,Jerry,Hernandez,(050) 199-8018 ext 923,hferguson@petersen-smith.com,"538 Riley Shore Apt. 499, South Alexis, NV 20669",10/31/2019,Nevada
935,Megan,Harper,(468) 272-9744 ext 1600,spearsjessica@yahoo.com,"4620 Jason Cove Apt. 937, Port Sharon, OR 92994",4/16/2016,Oregon
936,Brittany,Cruz,(321) 294-1000 ext 715,joseph27@gmail.com,"0754 Smith Run Suite 208, Stoutland, WV 57670",9/4/2021,West Virginia
937,Dennis,Patel,(712) 853-3660 ext 40826,alexanderbauer@hotmail.com,"6340 Joanna Place, Port Chad, NJ 30182",6/9/2019,New Jersey
938,Heather,Watts,(844) 209-0723 ext 9692,millerdonald@rivera.org,"0816 Finley Hills Apt. 530, Rodneyside, AZ 96161",12/30/2021,Arizona
939,Ashley,Mcmahon,(613) 764-4981 ext 22280,dawnmoore@gmail.com,"20669 Cabrera Way, North Michaelbury, IL 02649",6/8/2020,Illinois
940,Margaret,Alexander,(800) 232-9214 ext 4435,itaylor@johnson.com,"4587 Yates Bridge, West Shannon, DE 17061",11/22/2024,Delaware
941,Caroline,Oconnor,(977) 355-8253 ext 46358,arnoldsamuel@hotmail.com,"4549 Denise Stream Apt. 283, Christopherton, PA 50699",10/24/2023,Pennsylvania
942,Tyler,Thompson,(134) 047-6260,angelajones@stephens.com,"9293 Morgan Courts, Shannonville, DE 11714",4/7/2021,Delaware
943,Janice,Williams,(622) 227-3225,nataliecastillo@hotmail.com,"5851 Deborah Route Apt. 535, East Heathermouth, CA 40022",5/22/2022,California
944,David,Cortez,(657) 024-1932 ext 193,perezbrandon@williams.com,"6591 Christine Wall, Rodneyside, MT 54768",3/30/2019,Montana
945,Michael,Harper,(010) 507-1006,kgarcia@adkins-delgado.org,"19178 Stephen Plains, Nguyenbury, TX 90842",12/9/2022,Texas
946,David,Erickson,(266) 188-5352,juanmartin@wood.com,"15091 Christine Courts, New Morgan, SC 39774",3/23/2023,South Carolina
947,Jennifer,Cunningham,(342) 853-3956 ext 0676,terri90@hotmail.com,"USCGC Long, FPO AP 51178",5/1/2022,Army
948,Linda,Anderson,Invalid Data,swalsh@lindsey.com,"7885 Montes Lock Suite 444, West Nathanfurt, NJ 80032",5/22/2018,New Jersey
949,Olivia,Johnson,(024) 734-7326,cbrown@hotmail.com,"909 Jones Heights, New Angela, SC 95888",2/20/2016,South Carolina
950,Kimberly,Miller,(865) 087-3210,hmoore@gmail.com,"1681 Rhonda Walks, New Alex, WV 51008",11/21/2016,West Virginia
951,Erica,Williams,(795) 210-9644,crystalwright@foster.com,"90496 Hartman Road Suite 541, Lake Jeremychester, WA 62485",12/9/2022,Washington
952,Amy,Floyd,(658) 390-5754 ext 467,frank53@montes.org,"45346 Hughes Rue Suite 819, Hartside, DC 73162",4/28/2019,District of Columbia
953,Nicole,Robinson,(771) 204-1174,chad91@yahoo.com,"09553 Wilkerson Trail Apt. 035, East Kaitlinfort, FL 25591",11/9/2020,Florida
954,Kristen,Gray,(069) 856-1478 ext 4518,angela19@gmail.com,"99400 Armstrong Rest, Lesliechester, WA 96126",9/20/2017,Washington
955,Joseph,Leonard,(363) 715-4689,thompsoneric@yahoo.com,"181 Katherine Circle, Jensenhaven, NY 72963",9/22/2015,New York
956,Seth,Keller,(963) 913-3333 ext 024,martinezpatrick@arnold-weaver.com,"384 Daniel Mission Suite 986, Melissaland, SD 58162",6/18/2023,South Dakota
957,Yesenia,Shepherd,(736) 135-5968,stephanie92@yahoo.com,"PSC 0432, Box 7138, APO AE 71067",8/10/2022,Army
958,Summer,Kennedy,(000) 164-5356 ext 6631,vrollins@peterson.com,"69144 Lopez Plain Apt. 493, Floydfurt, NY 99613",1/4/2025,New York
959,Danielle,Phillips,(139) 520-0794 ext 478,spowell@yahoo.com,"57010 Blevins Place Suite 581, Port Colestad, OR 77911",8/17/2020,Oregon
960,Isaiah,Davis,(893) 367-8540 ext 1218,lstokes@glover.com,"8794 Jennifer Circles Suite 182, Thomasshire, NC 81567",4/30/2025,North Carolina
961,Francisco,Becker,(819) 529-6140 ext 714,cheyenneflores@mcdaniel.net,"51110 Parks Drive Apt. 921, Adamstad, WY 71105",8/7/2021,Wyoming
962,Paul,Contreras,(548) 185-6817 ext 81656,zmcintyre@jordan.com,"4074 Stone Keys Apt. 268, North Mary, SD 98512",5/21/2020,South Dakota
963,Elizabeth,Meyers,(929) 244-3360,cynthialopez@gmail.com,"USCGC Stanton, FPO AE 65469",9/17/2018,Army
964,Sean,Alvarez,(291) 482-8578 ext 428,rachel92@hotmail.com,"8574 Powell Squares, Florestown, TX 60807",9/17/2023,Texas
965,Connor,Villarreal,(024) 353-7848 ext 233,destinyenglish@gmail.com,"13611 Sandra Garden Apt. 640, Angelafurt, MD 03444",3/19/2021,Maryland
966,Megan,Armstrong,(911) 352-0440,fkim@campbell-vargas.com,"101 House Passage Apt. 655, Donnatown, MT 60520",3/27/2020,Montana
967,Robert,Johnson,(893) 628-7043,yeaton@campbell.net,"12062 Mercer Shoal, Perezfurt, DC 20788",2/10/2022,District of Columbia
968,Amy,Garza,(016) 383-1120 ext 4837,owensjennifer@gentry-allen.com,"38575 Matthew Crest Apt. 673, Floresside, ID 09981",2/28/2025,Idaho
969,Carla,Martinez,(791) 101-6334 ext 33823,garyhaas@yahoo.com,"1810 Powell Route Apt. 316, East Renee, DE 44573",3/25/2022,Delaware
970,Mary,Long,(534) 042-3497 ext 018,ruizjessica@yahoo.com,"6241 Rachel Stravenue, Riosside, NV 73805",8/10/2022,Nevada
971,Thomas,Payne,(588) 934-8345 ext 06864,rdonaldson@hotmail.com,"333 Herrera Lakes, Stephanieview, MI 74981",11/10/2020,Michigan
972,Karla,Martin,(044) 032-8879,evanskelly@gmail.com,"758 Nathan Pike Apt. 351, East Alejandra, ME 32043",12/6/2017,Maine
973,Ashley,Short,(844) 321-1289 ext 955,bramos@wagner.org,"058 Monica Streets Apt. 419, Flynnhaven, MS 60419",3/31/2024,Mississippi
974,Christian,Patel,(625) 920-9770 ext 068,ashley00@ross-brown.com,"USS Gray, FPO AE 07983",7/8/2019,Army
975,Melissa,Lopez,(056) 947-7989 ext 583,bakerchad@white-vang.org,"0552 Holly Row Apt. 123, Silvachester, NJ 10568",4/6/2020,New Jersey
976,Tiffany,Holt,(839) 221-6318,jessicajohnson@gmail.com,"USS Gordon, FPO AP 79827",5/21/2015,Army
977,Justin,Roberson,(748) 250-8046 ext 1748,vjones@ford.com,"216 Daniel Landing, Christinaside, FL 68683",5/1/2019,Florida
978,Michael,Calderon,(998) 065-9845 ext 00290,zklein@hotmail.com,"05533 Evans Mission Apt. 137, Evansville, AR 53591",9/8/2020,Arkansas
979,Hannah,Jones,(158) 593-8806,jonesjohn@gmail.com,"562 Smith Road, Johnsonchester, GA 56705",6/5/2024,Georgia
980,Kyle,Cohen,(947) 824-0540 ext 3862,megan97@hotmail.com,"Unit 4449 Box 7698, DPO AA 23698",1/14/2018,Army
981,Allison,Hall,(002) 768-6809 ext 18059,sawyerkathryn@hotmail.com,"952 Elizabeth Spurs Apt. 057, East Amanda, IN 08415",6/28/2024,Indiana
982,Isabella,Robles,(052) 123-3466 ext 9052,johnanderson@gmail.com,"787 Schultz Expressway Suite 321, Kathyhaven, OH 53465",3/15/2022,Ohio
983,Joyce,Lowe,(600) 401-0466,danielthompson@snyder.com,"68142 Kaylee Mountains, Johnside, MN 18298",10/31/2018,Minnesota
984,Robin,Martin,(657) 624-3709,jcastillo@cain.com,"1912 Michael Camp Suite 123, New Kristineland, AK 44529",10/19/2018,Alaska
985,Dalton,Cruz,(114) 657-5554 ext 12531,wortiz@harris.org,"186 Woods Terrace Suite 648, West Alexander, AK 64431",1/7/2019,Alaska
986,Lauren,Skinner,(194) 065-1842 ext 23477,lambtiffany@kline-johnson.com,"981 Reyes Point, Christopherberg, MS 48508",7/20/2019,Mississippi
987,Dana,Morales,(414) 302-4050,smithzachary@holmes.com,"5283 Byrd Crescent Suite 763, Joannefurt, AZ 44207",11/26/2022,Arizona
988,Austin,Hardy,(604) 530-9103 ext 5279,aaronmayo@hotmail.com,"4269 Reginald Course Apt. 122, Port James, WV 26155",6/4/2024,West Virginia
989,Kristen,King,(284) 650-1829 ext 2144,turnerbrian@hotmail.com,"45809 Rosario Well Suite 275, Michaeltown, WA 13173",7/14/2024,Washington
990,Heidi,Rodriguez,(740) 985-8677 ext 024,smithlaura@hotmail.com,"42544 Alexandria Island Apt. 049, North Seanton, ND 18449",3/6/2019,North Dakota
991,William,Perkins,(359) 987-2509 ext 962,ryanpatel@newton-wiley.com,"PSC 5661, Box 8966, APO AE 14149",6/13/2022,Army
992,Ryan,Myers,(723) 140-7541,sandersandrew@gmail.com,"60559 Smith Union Suite 988, Patelmouth, ME 81425",3/30/2025,Maine
993,Dana,Sherman,(480) 311-7857 ext 0213,stanley05@joseph.com,"362 Jose Ville, West John, ID 49809",3/24/2017,Idaho
994,Ashley,Fisher,(926) 781-6896,teresa91@gmail.com,"48742 Brittany Avenue Apt. 503, North Terrifurt, OK 20525",11/27/2024,Oklahoma
995,Jeremy,Jennings,(403) 554-6035,bphillips@terrell.net,"55148 Andrea Prairie Apt. 160, Port Stephaniehaven, ME 28885",9/23/2015,Maine
996,Ashley,Gates,(491) 933-0576,moracorey@gmail.com,"695 Williams Rue Apt. 496, Reyesview, TN 97274",1/4/2025,Tennessee
997,Laura,Rivera,Invalid Data,elizabethsmith@petersen.com,"645 Kenneth Tunnel Suite 878, Lake Bryan, AZ 92978",6/9/2019,Arizona
998,Janice,Middleton,(189) 349-4994 ext 52093,amysmith@mayer-nguyen.com,"1383 Frank Courts, Harringtonmouth, GA 84077",9/12/2021,Georgia
999,Olivia,Sanders,(671) 221-4572 ext 7778,patriciatrevino@yahoo.com,"169 Haynes Stream Suite 674, Scottview, CO 83481",5/18/2018,Colorado
1000,Steven,Hernandez,(509) 797-8795,phamangela@hotmail.com,"119 Marissa Village Suite 361, Carterchester, WI 83013",7/13/2016,Wisconsin
1001,Michelle,Anderson,(701) 979-6799,delacruzeric@hotmail.com,"906 Moyer Union, Hernandezburgh, OR 41842",1/8/2023,Oregon
1002,Donald,Stone,(093) 108-3614,gardnerloretta@carter.com,"PSC 9732, Box 7392, APO AP 53477",11/5/2020,Army
1003,Jared,Henderson,(326) 860-6934,lwilliams@estes.com,"2534 Reed Well, South Christine, MT 16909",6/10/2017,Montana
1004,Ashley,Lee,(232) 481-1609,taylorjamie@gmail.com,"6761 Lynch Motorway Apt. 817, North Rubenbury, CT 97664",3/12/2016,Connecticut
1005,Daniel,Marks,Invalid Data,nancy90@stevenson.org,"827 Christina Branch, Port Aliciashire, OK 49265",1/12/2021,Oklahoma
1006,Kyle,Powell,(885) 040-6145,cjackson@yahoo.com,"12118 Dennis Inlet Apt. 249, Lake Alexandra, IL 04908",1/26/2016,Illinois
1007,Walter,Long,(684) 767-7309 ext 01037,crystalrandolph@perry.com,"5758 Cisneros Square, North Kristinmouth, LA 15647",3/26/2016,Louisiana
1008,Mason,Davis,(561) 924-9386 ext 685,isaiaholson@morales.com,"12991 Moore Way Suite 124, Billyport, NE 21872",8/12/2017,Nebraska
1009,Sherry,Gregory,(447) 489-7079,meganhudson@gmail.com,"4839 Anderson Underpass, Bakerside, NC 42828",2/26/2023,North Carolina
1010,Anthony,Hurst,(684) 094-1893 ext 631,marcuswatkins@cook-rowland.com,"58269 Ramirez Camp, Matthewtown, RI 52752",3/6/2023,Rhode Island
1011,Chad,Steele,(463) 855-0113 ext 23359,dominiquewilson@gmail.com,"30851 Walls Roads, North Michellefurt, WI 62905",8/18/2018,Wisconsin
1012,Katie,Kramer,(752) 677-4500 ext 717,grantsandra@yahoo.com,"9956 Mallory Island, Richardshire, ND 02441",12/18/2024,North Dakota
1013,Jennifer,Jones,(751) 353-4546 ext 6660,kinggabriel@morgan-valentine.com,"28893 King Forest Apt. 216, Paulfurt, VT 65691",12/21/2019,Vermont
1014,Rachel,Griffith,(154) 060-3715 ext 19166,qmccoy@hill.com,"57463 Michelle Common, North Lonnietown, NC 54061",8/5/2017,North Carolina
1015,William,Young,(676) 234-7402,jsheppard@potter.com,"PSC 6264, Box 5127, APO AE 43337",4/11/2017,Army
1016,Rachel,Shaffer,Invalid Data,gpruitt@hotmail.com,"7402 Heather Motorway Suite 629, North Stephen, MO 76538",10/1/2016,Missouri
1017,Michelle,Alexander,(065) 720-8791 ext 3244,pearsonemily@yahoo.com,"8364 Julia Track, West Steven, WV 29673",5/3/2024,West Virginia
1018,Paul,Savage,(640) 822-9244 ext 24871,jessica43@gmail.com,"327 Ashley Overpass Suite 798, Jessicafort, OK 79708",10/19/2024,Oklahoma
1019,Nicole,Reid,(139) 033-1020,brittanyjohnson@oliver.biz,"62971 Jones Terrace, Brandonland, TN 59197",8/13/2015,Tennessee
1020,Ashlee,Nichols,(749) 896-2145 ext 991,katherine72@ferguson.com,"02113 Miranda Light Apt. 293, Jessicaton, OH 10747",9/23/2021,Ohio
1021,Sheri,Thomas,(902) 110-8220,deborahcase@myers.org,"8595 Brown Street, Erinland, IL 41538",7/16/2021,Illinois
1022,Brittany,Ward,Invalid Data,brownmichelle@hotmail.com,"68053 Alexander Fords Apt. 982, Wendyfurt, MI 63619",2/5/2016,Michigan
1023,Scott,Ho,(953) 321-6964 ext 4465,colleen10@stevens.com,"31869 Williams Court Apt. 204, North Matthew, OR 49555",3/13/2020,Oregon
1024,James,Barrett,(219) 871-8221,yandrews@perez.com,"317 Rowe Corners Suite 028, North Michaelton, MI 40664",3/17/2019,Michigan
1025,Renee,Campbell,(555) 962-9214 ext 7820,smithjacqueline@gmail.com,"62989 Gould Throughway, Lake Arthur, RI 58284",6/11/2021,Rhode Island
1026,Samantha,Grant,(172) 438-9713 ext 3239,lwest@bruce-guerra.org,"0246 Jonathan Village, Oconnorfurt, WI 75426",1/7/2025,Wisconsin
1027,Theresa,Woodard,(297) 633-7997,ronnie61@daniels-rodriguez.info,"9805 Tyler Shore, East Tara, VT 81043",7/25/2017,Vermont
1028,Katherine,Carlson,(428) 321-2747 ext 654,hhernandez@hotmail.com,"836 Terry Forges Suite 424, Jacksonberg, NV 43225",5/20/2017,Nevada
1029,Stephanie,Floyd,(284) 525-1948 ext 42037,samantha92@gmail.com,"974 Mata Knoll Suite 950, Marcborough, MO 46485",11/2/2016,Missouri
1030,Mallory,Howell,(108) 399-2030 ext 874,emaddox@hotmail.com,"USNV Hebert, FPO AA 66774",3/2/2016,Army
1031,Rebecca,Richardson,(362) 275-8602,sergiojackson@hoffman.info,"65882 Dean Unions, East Johnville, ND 75064",2/15/2016,North Dakota
1032,John,Jones,(904) 414-6646 ext 4870,kimberly00@morton.biz,"66247 Davis Trail Suite 341, West Tammystad, KY 63821",7/31/2016,Kentucky
1033,Crystal,Moore,(330) 404-5609 ext 262,jonathansweeney@hotmail.com,"56564 Schmidt Glens, Davidtown, SD 57844",12/18/2024,South Dakota
1034,Devin,Tucker,(804) 101-7420 ext 51836,elizabethharrison@smith.net,"USCGC Tucker, FPO AE 59338",11/27/2020,Army
1035,Michael,Gibson,(315) 790-5493,uleach@gmail.com,"863 Lisa Circles Apt. 756, South Charlesfurt, MT 95309",5/17/2019,Montana
1036,Jennifer,Edwards,(193) 185-8112 ext 259,simonsteven@crosby.com,"734 Hall Pass, West Charlesstad, IN 19181",10/26/2023,Indiana
1037,David,Boyd,(928) 708-7419 ext 1424,garciaamy@hotmail.com,"52890 Hernandez Square, Stephenshire, MA 52455",9/13/2024,Massachusetts
1038,Phillip,Todd,(131) 437-6059,sharonstewart@hotmail.com,"717 Craig Pass, Melissaport, OK 52990",9/3/2020,Oklahoma
1039,Diane,Doyle,(919) 409-0571 ext 11296,ifowler@yahoo.com,"USCGC Martin, FPO AE 59848",8/30/2019,Army
1040,Darrell,Morgan,(728) 344-6286 ext 529,nobleangela@cruz-boone.info,"1451 Rogers Crossing Apt. 633, Mitchellbury, AZ 05199",12/10/2022,Arizona
1041,Shelley,Cooper,(388) 308-5900,gcooper@bautista-carpenter.com,"0198 Rollins Drives Suite 349, Bartonmouth, GA 56907",7/10/2021,Georgia
1042,Christopher,Rodriguez,(518) 888-1123,hayleytanner@myers.com,"02339 Reed Wells, Sheltontown, RI 58011",5/6/2021,Rhode Island
1043,Erin,Klein,(334) 912-4897 ext 348,maxwellchristopher@wilson.com,"91034 Curtis Row, North Thomasland, IA 07507",4/11/2016,Iowa
1044,Riley,Munoz,(301) 356-3723 ext 8803,kathleenkaufman@park.net,"Unit 9847 Box 7314, DPO AP 89985",9/12/2019,Army
1045,Jennifer,Evans,(530) 013-8039 ext 894,kcrawford@brown.com,"7007 Roberto Drive, Stephaniebury, MS 23342",11/27/2019,Mississippi
1046,Jason,Hayes,(680) 420-2330 ext 3092,holly84@hotmail.com,"94959 Joseph Mountains Suite 582, North John, NH 28884",9/30/2019,New Hampshire
1047,Rodney,Williams,(421) 407-4149,vincentdanielle@freeman.com,"005 Sosa Stravenue Apt. 474, South Robinburgh, VA 90446",11/28/2016,Virginia
1048,Angela,Jones,(019) 489-9335 ext 896,glewis@smith.com,"3388 Jessica Flat, West Christopher, IL 11172",2/16/2025,Illinois
1049,Mary,Newman,(490) 300-5268,jeffery78@russell-gordon.com,"34250 Lee Key, Lake Eric, CT 09352",2/5/2016,Connecticut
1050,Sherry,Wade,(327) 432-8429,corey35@moreno.net,"4937 Beth Keys Apt. 080, Edwardbury, OR 85129",7/7/2023,Oregon
1051,Randall,Andrews,(379) 197-3983,christopher03@turner.com,"664 Joseph Bridge Apt. 284, Greenside, WY 75686",3/10/2020,Wyoming
1052,Justin,Smith,(069) 078-2261,carriehumphrey@murphy-hoover.com,"60766 Graves Station Apt. 246, East Meghan, NY 63809",12/7/2017,New York
1053,Paul,Thomas,(848) 201-5908,wcrawford@stevenson.com,"036 Woods Drives, Masonberg, MT 29820",11/16/2015,Montana
1054,Stephanie,Gould,(276) 530-7207 ext 1224,csaunders@holt.com,"73831 Stafford Field Suite 921, Daniellemouth, SC 25237",9/2/2022,South Carolina
1055,Jennifer,Peters,(035) 582-6623,braunsabrina@gmail.com,"6062 Emily Villages, Jenniferstad, PA 34241",3/18/2021,Pennsylvania
1056,Nicholas,Wilkins,(947) 995-7779,ucarpenter@becker.com,"69707 Tony Ford Apt. 075, North Jasonhaven, DC 77667",12/12/2022,District of Columbia
1057,Peter,Griffin,(974) 892-2755,sherry22@yahoo.com,"184 Lauren Shores Apt. 824, North Corey, NJ 82370",12/7/2017,New Jersey
1058,Luis,Brooks,(909) 959-0145 ext 931,paulgarcia@yahoo.com,"203 Johnny Drive, North Dianefurt, CA 63881",9/20/2022,California
1059,Lisa,Fernandez,(557) 248-6789 ext 3246,bautistatiffany@yahoo.com,"9305 Robinson Forest, South Stephentown, WY 21505",5/26/2017,Wyoming
1060,Aaron,Weeks,(120) 247-7558 ext 80315,karinakeith@hotmail.com,"96423 Adam Bypass Apt. 941, Blankenshipfort, IN 28817",2/3/2017,Indiana
1061,Danielle,Campbell,(309) 385-8127,richardchristopher@yahoo.com,"37357 Hall Canyon Apt. 189, South Michael, DC 35185",1/24/2016,District of Columbia
1062,Whitney,Morrison,(738) 854-0237,wthomas@yahoo.com,"5511 Maria Grove, West Danielchester, IA 63192",12/13/2024,Iowa
1063,Brent,Smith,(363) 888-5158 ext 778,roblesdanielle@smith.org,"765 Anna Throughway, North Bradleyport, NJ 33745",8/27/2016,New Jersey
1064,Adam,Mccarthy,(069) 448-1796 ext 9516,meyerslisa@gmail.com,"068 Troy Ridges, Wheelerborough, MA 73124",2/4/2025,Massachusetts
1065,Andrea,Edwards,(480) 342-8798 ext 1762,yhernandez@cowan-mathews.com,"2692 Bryan Lake, Lake Ericview, CO 89042",10/29/2016,Colorado
1066,James,Douglas,(701) 967-0820 ext 55641,mauriceadams@guzman.com,"401 Barnes Summit, West Angela, SD 07773",8/23/2019,South Dakota
1067,Steven,Randall,(305) 569-4682 ext 00920,lvalentine@yahoo.com,"Unit 5552 Box 0639, DPO AP 63510",12/26/2016,Army
1068,Kristina,Hahn,(715) 574-2114 ext 3504,gsoto@jones.com,"Unit 4460 Box 1717, DPO AP 49878",12/6/2022,Army
1069,Kenneth,Nelson,(612) 422-8533,justinberger@robertson-robertson.com,"3497 Joseph Villages Apt. 010, Benjaminchester, WI 63652",4/7/2016,Wisconsin
1070,Matthew,Patterson,(231) 458-1190 ext 10591,pricesamantha@hotmail.com,"7717 Amanda Parks, Carrollfort, OH 97829",4/17/2017,Ohio
1071,Nicholas,Wright,(826) 396-7844,lewisdaniel@hunt-ward.biz,"4473 Miller Pike Apt. 336, Toddview, TN 09740",4/23/2022,Tennessee
1072,Susan,Vincent,Invalid Data,mckaymichael@yahoo.com,"51554 Tate Club Apt. 222, Maryton, WY 56759",5/18/2017,Wyoming
1073,Elizabeth,Byrd,(377) 143-6557,millerjulie@foster.net,"880 Darius Loaf, New Amystad, ND 47368",8/29/2022,North Dakota
1074,Kimberly,Ramos,(115) 656-4862,robertshector@henson-whitney.biz,"538 Carrillo Creek, Ryanview, AK 88072",12/7/2016,Alaska
1075,Sara,Thompson,(891) 479-8056 ext 53881,frojas@vaughn-walton.com,"8252 Simmons Pines, Williamsmouth, WA 28709",9/4/2016,Washington
1076,Jacqueline,Briggs,(127) 933-3936,ryanmary@huff-mclaughlin.info,"01554 Renee Skyway, West Kristenstad, LA 85143",2/4/2018,Louisiana
1077,Jessica,Shaffer,(699) 647-9440 ext 11700,moranjessica@stevens.biz,"1290 Parker Fort, Port Haleyton, OK 78457",4/28/2021,Oklahoma
1078,Melissa,Miranda,(671) 502-2240,judy68@yahoo.com,"1307 Dana Cape, New Chelsey, FL 84737",1/19/2017,Florida
1079,Louis,Wilson,(004) 054-9802 ext 316,donna80@cohen.com,"Unit 5240 Box 2494, DPO AA 89726",9/17/2021,Army
1080,Glenda,Harris,(131) 700-2930 ext 291,richardmejia@yahoo.com,"Unit 2892 Box 6092, DPO AE 09598",6/14/2020,Army
1081,Jeremy,Cowan,(184) 353-7613 ext 021,pmason@yahoo.com,"01058 Owens Landing, Johnsontown, DC 41220",8/6/2017,District of Columbia
1082,Mary,Randolph,(291) 367-1492 ext 9231,robinsonsydney@graham-doyle.com,"51934 Mark Mount, New Sandra, FL 44274",1/1/2016,Florida
1083,John,Jones,(989) 739-7649 ext 3398,hgillespie@martinez-wilson.biz,"Unit 1279 Box 9166, DPO AA 71269",4/25/2019,Army
1084,James,Cruz,(907) 570-1450 ext 812,kingmichael@gmail.com,"381 Perez Squares, East Karlside, SD 90781",8/7/2024,South Dakota
1085,Anthony,King,(607) 761-5499,jessica38@norris.com,"9732 Davis Isle, Edwardsville, AZ 36056",5/18/2019,Arizona
1086,Richard,Strickland,(855) 227-9729 ext 51124,yoderlaura@gmail.com,"Unit 3402 Box 9911, DPO AE 25707",4/15/2024,Army
1087,Holly,Estes,(735) 176-8167,dakota42@yahoo.com,"48848 Tony Crest, Anthonychester, ME 88295",8/8/2020,Maine
1088,Joseph,Jenkins,(477) 089-3971,donnaberg@wyatt-goodwin.net,"321 Laura Ferry Suite 548, Whitefurt, WA 38434",6/18/2023,Washington
1089,Cindy,Diaz,(379) 580-2946 ext 71144,andrearogers@dennis.com,"116 Tanner Island, South Kenneth, NV 46915",2/1/2016,Nevada
1090,Bonnie,Yang,(646) 308-0586,mpierce@gmail.com,"58306 Vasquez Isle Apt. 005, Johnsonland, AR 16634",9/19/2017,Arkansas
1091,Dawn,Diaz,(451) 612-9956,robertsdonna@huff.com,"23642 Monica Cliffs, Donaldhaven, IL 37012",8/9/2024,Illinois
1092,Charles,Martinez,(672) 533-3783,aromero@morton.com,"62837 Mark Meadow Suite 254, South Tyler, SD 39568",4/21/2017,South Dakota
1093,Jessica,Ramirez,(449) 148-6679 ext 7209,karen38@gmail.com,"04910 Jones Flats, Port Larry, OH 97119",2/5/2020,Ohio
1094,Caitlin,Banks,(288) 390-3787 ext 0757,mathew80@hotmail.com,"254 Elizabeth Trail Apt. 258, Port Sandra, ID 35301",6/30/2019,Idaho
1095,Jennifer,Reyes,(307) 126-3121 ext 8901,jennifervaughn@yahoo.com,"636 Lonnie Turnpike Apt. 140, New Greg, ME 24055",2/18/2020,Maine
1096,Sandra,Middleton,(421) 695-5390 ext 86564,michelleclark@case-sanchez.org,"89445 Villegas Lodge, Deniseborough, RI 87437",10/5/2024,Rhode Island
1097,Julia,Charles,Invalid Data,marywolfe@gmail.com,"412 Seth Forest, Glenport, HI 48594",3/26/2020,Hawaii
1098,Eric,Simon,(665) 419-3594 ext 134,robert66@norman.com,"813 Riley Union, Stephensfurt, MD 02192",9/10/2021,Maryland
1099,Lori,Mckinney,(420) 846-8386,alec57@conway.biz,"89039 Anderson Cape, Louismouth, DC 63135",7/28/2018,District of Columbia
1100,Jesse,Bridges,(235) 769-1053 ext 80655,nancygonzalez@hotmail.com,"9360 Dickerson Crest, South Davidmouth, OK 88724",12/16/2024,Oklahoma
1101,Thomas,Holloway,Invalid Data,john60@fox-jones.org,"USS Miller, FPO AP 14459",2/26/2016,Army
1102,Guy,Bailey,(158) 799-9896 ext 42563,hannahmiller@hotmail.com,"485 Maynard Pass, Susantown, MI 70306",9/12/2016,Michigan
1103,Sabrina,Blair,(151) 289-5083 ext 8345,danielchristopher@christian.com,"72463 Perez Forks Apt. 466, East Corey, IL 77009",7/1/2016,Illinois
1104,Richard,Harris,(140) 269-8828,vortiz@waller.com,"740 Lauren Ford Apt. 850, Schwartzville, MD 49798",11/4/2021,Maryland
1105,Veronica,Gomez,(996) 100-9755 ext 33850,ssteele@yahoo.com,"47671 Kelly Causeway, Anthonyfort, AR 88538",4/1/2023,Arkansas
1106,Brian,Todd,(140) 505-0203,richardsonkevin@hotmail.com,"00896 Pamela Mission, Lake Rachelstad, MA 74206",6/19/2015,Massachusetts
1107,Jessica,Robinson,(371) 151-8516 ext 18937,ycopeland@williamson.com,"306 Olivia Oval, Port Christian, HI 63493",5/31/2015,Hawaii
1108,Craig,Mcclure,(829) 675-7133 ext 75226,qsmith@hotmail.com,"3711 Nicole Center Apt. 054, Rodriguezside, WV 70683",9/20/2024,West Virginia
1109,Jonathan,Palmer,(840) 003-7739,leslie41@hotmail.com,"2002 Carter Island, Rickfurt, NC 19289",7/8/2017,North Carolina
1110,Bethany,Anderson,(267) 886-2499 ext 44877,elizabeth90@hotmail.com,"4328 Karina Vista Suite 188, Port Antoniohaven, OR 02159",2/6/2025,Oregon
1111,Anthony,Hodge,(126) 764-1346 ext 05087,todd92@smith.biz,"094 Campbell Light Suite 223, Port Scottbury, VA 72938",3/22/2020,Virginia
1112,Jeffrey,King,(490) 709-5615 ext 36819,vickiturner@yahoo.com,"32652 Jesse Dale, Manuelport, HI 38976",6/4/2017,Hawaii
1113,Robert,Harris,(761) 703-8593 ext 9074,zbutler@gmail.com,"414 Hernandez Ports Suite 770, Hillshire, KY 07765",4/20/2018,Kentucky
1114,Nicholas,Alvarez,(660) 081-6267 ext 0236,ellenfields@yahoo.com,"26740 Adams Plain, Port Travisview, WY 82254",9/29/2023,Wyoming
1115,Joseph,Brown,(247) 302-9415,raymondphillips@hotmail.com,"USCGC Carter, FPO AP 38636",11/12/2018,Army
1116,David,Quinn,(295) 025-3622 ext 87445,jbullock@johnson.com,"227 Cody Divide Apt. 060, New Thomasfurt, KY 13834",3/11/2016,Kentucky
1117,Austin,Smith,(768) 222-1039,websterlauren@holmes.com,"7502 Carolyn Run, Tylerport, CO 54210",8/4/2021,Colorado
1118,Loretta,Ross,(856) 023-2323 ext 556,ffrench@graham-bernard.com,"PSC 8895, Box 6026, APO AA 72244",1/17/2020,Army
1119,Bonnie,Taylor,(656) 917-3191,barronmichael@carpenter.com,"17141 Christopher Village Suite 552, New Joseph, IN 80924",5/7/2021,Indiana
1120,Ashley,Boyd,(476) 226-3730 ext 053,sampsonchristopher@carr.biz,"38047 Noah Rest, New Jennifer, CT 02016",10/19/2021,Connecticut
1121,Katherine,Wood,(410) 682-6074 ext 802,vancebrittney@keith.com,"444 Pedro Inlet, Deanport, OR 20481",12/31/2020,Oregon
1122,Jonathan,Rangel,(475) 553-8017,brittanybaker@gmail.com,"0604 Kevin Rapids Suite 251, Lake Donaldmouth, VA 63130",3/17/2020,Virginia
1123,Gary,Smith,(570) 670-2294 ext 21901,pcarter@hotmail.com,"77146 Jeffrey Spring Apt. 994, Penaland, NC 01591",1/26/2020,North Carolina
1124,Paul,Townsend,(754) 505-9106,jacquelinewillis@hotmail.com,"PSC 9827, Box 5766, APO AP 97690",2/21/2018,Army
1125,Nicole,Owens,(479) 454-1286 ext 20019,martha90@gmail.com,"PSC 8277, Box 8813, APO AP 69044",12/27/2019,Army
1126,Ashley,Hunt,(338) 382-0762,josephwilliams@james.com,"80835 Alison Plain Apt. 117, West Susan, WV 01308",5/21/2019,West Virginia
1127,Terri,Gomez,(201) 020-8371 ext 21092,fmcintosh@yahoo.com,"717 Morris Camp, Port Andrew, MA 21001",4/16/2022,Massachusetts
1128,Joseph,Davis,(549) 958-2197 ext 484,hwhite@hotmail.com,"15950 Wells Orchard, Johnsonbury, NY 48517",11/22/2024,New York
1129,Emily,Vasquez,(936) 101-5659,hickmannicole@gmail.com,"PSC 1968, Box 1277, APO AA 53906",10/3/2019,Army
1130,Jamie,Brown,(228) 950-6638,haydencarson@kennedy.net,"0930 Salinas Plain Suite 103, Brandonchester, VA 62639",12/25/2015,Virginia
1131,Brenda,Briggs,(756) 115-7923 ext 422,lori71@hotmail.com,"384 Elliott Lakes Apt. 902, Stevenmouth, WY 80924",5/22/2019,Wyoming
1132,Destiny,Jacobson,(931) 799-8330 ext 06191,mariajones@hotmail.com,"PSC 1594, Box 6438, APO AE 74685",4/24/2024,Army
1133,David,Bell,(748) 465-1768 ext 365,sarajones@gmail.com,"17281 Sanchez Station Apt. 442, Avilaberg, NM 65171",1/18/2020,New Mexico
1134,Tom,Rodriguez,(119) 373-6658 ext 321,davidball@gmail.com,"7892 Wells Ranch, Dunnside, CO 57384",10/6/2016,Colorado
1135,Kevin,Welch,(580) 761-3007,vwatson@gmail.com,"300 Smith Pine, Krystalview, CO 63490",6/18/2015,Colorado
1136,Lisa,Kane,(604) 671-6595 ext 78531,kramerdylan@hotmail.com,"58336 Nicole Rest Apt. 606, New Troy, NE 75704",12/7/2024,Nebraska
1137,Brittany,Gross,(803) 122-4645 ext 853,mike22@hotmail.com,"44622 Sarah Pines, West Douglas, WI 02758",10/29/2020,Wisconsin
1138,Lisa,Bryant,Invalid Data,dandavila@barr-myers.com,"440 Jason Keys, Jamieberg, MN 48249",6/1/2021,Minnesota
1139,Dylan,Watson,(576) 188-2258,colemanjeremiah@ellis-haas.biz,"5675 Austin Landing Suite 518, East Casey, SC 23309",1/6/2018,South Carolina
1140,Troy,Cunningham,(318) 542-9493 ext 4422,fyang@fleming.com,"20751 Michelle Manors Suite 524, East Stephanieport, RI 35616",3/20/2021,Rhode Island
1141,Mary,Molina,(083) 845-6413 ext 86347,amoss@summers.net,"40682 Mata Islands Apt. 466, West Michaelchester, FL 04660",12/23/2024,Florida
1142,Tracy,Cruz,(365) 137-9100 ext 302,ageorge@serrano.info,"3364 Brown Island, Lake Madeline, OR 01204",7/7/2022,Oregon
1143,Joseph,Watts,(771) 019-6718,vazquezcharles@chung.com,"10270 Padilla Ford Suite 209, South Dean, CA 65137",5/18/2016,California
1144,Kristin,Eaton,(300) 506-1112 ext 76953,jason64@phillips-parker.info,"453 Mark Forges Apt. 477, South Jamesland, TN 74754",11/28/2017,Tennessee
1145,Denise,Nielsen,(636) 267-3638,robert65@yahoo.com,"Unit 1936 Box 2685, DPO AE 47694",4/13/2020,Army
1146,Ryan,Haley,(328) 704-1542 ext 929,thomashaley@huffman-torres.com,"38444 David Mills Apt. 603, Shanestad, LA 68532",8/21/2024,Louisiana
1147,Kirsten,Hernandez,(191) 838-3813 ext 06284,brookeriggs@graves.biz,"224 Wells Route Apt. 217, Lake Jeremy, GA 34557",4/22/2020,Georgia
1148,Miguel,Carter,(554) 509-2002,tylerlowery@hotmail.com,"69178 Ashley Station, Lake Elizabeth, NM 04211",9/2/2023,New Mexico
1149,Ross,Brown,(040) 035-9948 ext 7713,wrightrussell@gibson.net,"8942 David Knolls, East Willie, KY 19736",7/12/2018,Kentucky
1150,Shannon,Mitchell,(683) 976-6762,sanchezrandy@cisneros-krause.com,"3693 Carmen Roads Suite 747, Jasonbury, DE 67868",3/15/2018,Delaware
1151,Carolyn,Payne,(985) 413-1551 ext 8256,qphillips@yahoo.com,"878 Jimenez Cove, Michaelmouth, DC 14270",10/27/2018,District of Columbia
1152,Vincent,Cabrera,(225) 416-0230 ext 844,shortalbert@flores.com,"198 Oliver Springs, Burtonborough, TX 26825",12/26/2021,Texas
1153,Sarah,Acevedo,(278) 439-7355 ext 49578,joseph16@gmail.com,"360 Castillo Mall Apt. 404, Baxterborough, HI 14481",11/7/2015,Hawaii
1154,Alyssa,Harrington,(946) 564-2280,cheyenne23@rivera.biz,"9703 Tammie Stream Suite 462, Raymondberg, SD 73502",9/17/2023,South Dakota
1155,Rebecca,Taylor,(024) 716-7308,faithwagner@nunez-garcia.com,"USS Clark, FPO AP 30924",10/13/2020,Army
1156,Samuel,Prince,(206) 366-0001,phillipskelsey@yahoo.com,"11229 Bell Mountain Suite 838, Adamside, LA 26136",5/24/2023,Louisiana
1157,Rodney,Romero,(330) 249-6000,owhite@gmail.com,"117 Brett Ways, North Randyport, HI 28672",11/25/2018,Hawaii
1158,Patricia,Calderon,(166) 741-7474 ext 094,srich@gmail.com,"134 Logan Manor Apt. 636, East Michaelfort, NM 63030",7/6/2018,New Mexico
1159,Angela,Warren,(921) 253-2487,chavezdaniel@rogers.com,"8596 Barron Manor Suite 124, Kristinamouth, OK 88012",6/10/2015,Oklahoma
1160,Audrey,Carter,(057) 659-3535 ext 985,sandra29@barry.com,"USS Sullivan, FPO AA 05310",2/23/2020,Army
1161,Hailey,Garcia,(034) 150-7346,russomiguel@yahoo.com,"9272 Holmes Harbor, Jeremiahburgh, OK 89980",11/22/2020,Oklahoma
1162,Shelby,Gutierrez,(177) 594-6800 ext 5664,stephanie42@mays-keith.com,"3480 Joshua Overpass Suite 223, West Evan, FL 99706",1/14/2016,Florida
1163,Bethany,Aguirre,(045) 204-9699,jacob26@hotmail.com,"952 Wilson Meadows, West Jamie, NM 84066",6/4/2016,New Mexico
1164,Jasmine,Day,(103) 873-4883,christopher75@hotmail.com,"55736 Brittney Prairie Apt. 636, North Alexis, RI 05754",6/3/2015,Rhode Island
1165,Rebecca,Lozano,(531) 003-3666,sonyawalsh@farmer.com,"481 Mary Route, Marthamouth, PA 89437",9/23/2016,Pennsylvania
1166,Elizabeth,Mills,(754) 935-2245 ext 0378,william58@hotmail.com,"57183 Robert Underpass Apt. 957, Allenbury, IA 43415",5/25/2017,Iowa
1167,Audrey,Frazier,(359) 990-3738 ext 001,misty54@bell-nolan.com,"507 Robert Hill, North Lisafurt, DC 00791",11/4/2019,District of Columbia
1168,David,Crawford,(181) 518-1740 ext 5208,timothypadilla@murray.com,"60708 Richard Stravenue Suite 153, New Susanshire, AL 51554",6/13/2019,Alabama
1169,Lori,Larsen,(164) 865-3393 ext 8845,phawkins@hotmail.com,"47494 Samantha Stravenue Apt. 263, West Ronaldmouth, CA 66682",12/24/2022,California
1170,Cheryl,Gonzalez,(700) 158-8953 ext 8817,brockrobert@mendez.com,"259 Mary Oval, North Ryan, FL 82734",5/12/2019,Florida
1171,Monica,Hill,Invalid Data,harmonmaria@gmail.com,"0964 Warren Park, Cheyenneside, NV 29429",4/20/2020,Nevada
1172,Ashley,Mann,(389) 230-4272 ext 775,shanecontreras@chang.biz,"0558 Cortez Road Suite 411, West James, OR 46498",8/8/2016,Oregon
1173,Cynthia,Williams,(407) 153-1598 ext 4343,hartjulie@yahoo.com,"352 Evans Crescent Apt. 612, Greenetown, MI 03096",2/12/2025,Michigan
1174,Yesenia,Robinson,(906) 270-1968 ext 155,woodsangela@brown.net,"766 Brandon Loaf, Port Gary, GA 06727",12/22/2022,Georgia
1175,Kathryn,Rodriguez,(871) 170-2948 ext 7671,ashleyhawkins@smith.com,"47466 Jennifer Station, Wallbury, AK 95015",9/18/2021,Alaska
1176,Daniel,Jones,(716) 737-7455 ext 82098,maria22@hotmail.com,"84506 Watson Mount, Rodriguezstad, ME 46827",4/17/2023,Maine
1177,Jennifer,Carson,(318) 784-9506 ext 865,elizabethmoses@gmail.com,"3311 Samantha Cliff, Port Monicafurt, NM 46100",12/19/2017,New Mexico
1178,Emma,Mason,(490) 760-4232 ext 569,todd24@lin.org,"73157 Margaret Knolls, North Dustinhaven, IN 56608",11/24/2016,Indiana
1179,Kristina,Graves,(442) 033-4160 ext 689,samantha14@yahoo.com,"24090 Nathan Hill, Justinmouth, OR 33040",1/19/2022,Oregon
1180,Holly,Melton,(194) 366-6597,monica61@yahoo.com,"9388 Sanchez Springs, Yolandaside, WA 42409",4/26/2023,Washington
1181,Angela,Beck,(955) 454-4398 ext 7843,mitchellnicole@hotmail.com,"6293 Watson Stream, South William, LA 29166",4/15/2021,Louisiana
1182,Troy,Leon,(528) 452-6840 ext 640,lisa52@gmail.com,"223 Shirley Trace, East Jeffery, CT 27198",2/13/2021,Connecticut
1183,Sara,Smith,(418) 171-5742 ext 63505,uclark@hotmail.com,"PSC 0846, Box 4162, APO AA 29818",8/17/2018,Army
1184,Kylie,Flynn,(502) 533-1631,jenniferdaniels@miller.com,"91979 Brian Spring Apt. 531, Garciashire, HI 11443",7/29/2017,Hawaii
1185,Laurie,Lee,(781) 572-7507,hernandezashley@gmail.com,"USNV Gonzales, FPO AE 02653",6/18/2024,Army
1186,Isaac,Martinez,(528) 191-0228,stokessara@hotmail.com,"53128 Bernard Extension, Moralesmouth, HI 97508",4/13/2020,Hawaii
1187,Troy,Finley,(907) 817-7450 ext 7709,james56@rose.org,"56114 Vincent Turnpike Suite 566, South Davidburgh, WV 33749",5/2/2022,West Virginia
1188,Matthew,Dorsey,(804) 101-8397,pdecker@lozano-walker.com,"05817 Paul Isle Suite 853, Michaelport, OK 79097",7/10/2021,Oklahoma
1189,Janice,Sutton,(579) 925-6549 ext 6375,georgejohnson@martinez-rodriguez.com,"732 Jacobs Ports Suite 635, Port Craig, TX 37963",8/30/2024,Texas
1190,Joe,Mitchell,(003) 115-6886 ext 3093,fergusoncheryl@simmons.net,"8829 Ritter Freeway, Gouldton, WI 67412",7/23/2021,Wisconsin
1191,Elizabeth,Figueroa,(164) 069-6345,williamsonmichelle@yahoo.com,"3942 Gonzalez Brooks Suite 772, Phillipland, AL 07969",5/5/2023,Alabama
1192,Lisa,Soto,(702) 685-2160 ext 65388,jonescharles@yahoo.com,"288 Nancy Roads Suite 595, North Angela, KS 22714",8/13/2016,Kansas
1193,Christopher,Robinson,(607) 943-4015 ext 6877,lyonshenry@wilson.com,"48629 Cathy Drive, Patrickbury, AZ 95934",8/12/2022,Arizona
1194,Aaron,Schmidt,(724) 532-7776 ext 82254,stephen80@yahoo.com,"033 Pearson Viaduct, Lake Rita, AK 47209",5/2/2016,Alaska
1195,Deborah,Hayes,(715) 511-8062 ext 46773,sheri92@smith-williams.com,"22026 Stephen Stravenue Suite 166, Osbornmouth, AR 48564",6/24/2021,Arkansas
1196,Matthew,Ramirez,(306) 855-0148,lwatts@dorsey.org,"17024 Duane Dale Apt. 518, North Kimberlyport, VT 58250",1/14/2025,Vermont
1197,Michelle,Kelly,(963) 263-2750,dylanjones@parker.com,"950 Hailey Stream, Barbaramouth, NY 90878",4/2/2017,New York
1198,Andrew,Brown,(550) 251-9541 ext 210,kelli21@hotmail.com,"9336 Ryan Divide Apt. 974, East Annafort, MI 94028",5/29/2019,Michigan
1199,Laura,Adams,(758) 891-3663,bmora@gmail.com,"USNV Beasley, FPO AA 74382",2/17/2020,Army
1200,Troy,Donaldson,(794) 598-0325,schaeferzachary@castro.com,"606 Bernard Brook, Justintown, WV 52724",3/14/2018,West Virginia
1201,Gregory,Harrison,(150) 647-5417 ext 9732,chanrobin@yahoo.com,"22719 Amanda Fort Apt. 567, Gabrielport, CO 02148",6/3/2021,Colorado
1202,John,Murray,(738) 763-1855,griffinjason@hotmail.com,"7820 Jason Village, South Richardmouth, GA 97434",12/9/2019,Georgia
1203,Shannon,Johnson,(971) 506-6580 ext 495,bryan37@hotmail.com,"156 Laura Underpass, Jenniferville, SC 35247",2/20/2022,South Carolina
1204,Heather,Wilson,(469) 681-8095 ext 6670,shawndavis@mcclain.com,"820 Navarro Passage Apt. 877, Lake Brittanyborough, ME 20040",6/27/2020,Maine
1205,Brian,Bonilla,(577) 682-2380 ext 6917,philip14@yahoo.com,"47842 Sherri Path Apt. 029, Amandachester, NE 41552",10/12/2021,Nebraska
1206,Tyler,Nielsen,(866) 712-7785 ext 6980,jamiefrank@jennings-martin.info,"8922 Wilson Flat, Ronaldfort, FL 04270",2/8/2022,Florida
1207,Austin,Harris,(601) 254-6327 ext 2885,katherine80@mcguire.info,"0801 Brian Field Suite 835, Crystalfurt, OH 04401",8/1/2018,Ohio
1208,Jeffrey,Hernandez,(450) 930-2282 ext 1440,sheliafisher@brewer.com,"27251 Bonilla Lake, Salinasmouth, MS 90545",6/29/2016,Mississippi
1209,Patricia,Williams,(101) 728-4297,letammy@freeman-li.biz,"045 Landry Park, Millerfort, NJ 37746",2/15/2024,New Jersey
1210,Ashley,Miller,(347) 195-9615 ext 2139,mlopez@stafford-rangel.com,"54044 Barry Port, Watkinsfort, LA 20327",3/27/2021,Louisiana
1211,Daniel,Moon,(205) 356-9406,tgrant@campbell.com,"183 Jacob Roads, New Lindamouth, VA 60471",10/5/2022,Virginia
1212,Samuel,Bullock,(405) 135-4278 ext 092,qdavis@booth.com,"588 Austin Throughway, North Marthaview, NE 34141",10/16/2024,Nebraska
1213,Peter,Myers,(788) 957-6721 ext 0996,brandon01@romero-fisher.net,"52272 Michael Key, North Juliefurt, DC 41565",6/7/2018,District of Columbia
1214,Christina,Watson,(098) 495-4874,kaylaparker@mason.com,"4210 Angela Cove Suite 312, New Deannaland, OR 29037",12/22/2021,Oregon
1215,Jamie,Howell,(427) 275-0539 ext 01890,diana51@gmail.com,"8405 Nicholas Haven Apt. 303, South Elizabethton, GA 41007",7/23/2024,Georgia
1216,Jack,Brown,(582) 270-6738,andersonmelissa@thompson.com,"USNV Blankenship, FPO AE 62612",3/14/2021,Army
1217,Jamie,Quinn,(598) 036-2178 ext 94249,robertsmary@yahoo.com,"50545 Marshall Grove Apt. 967, South Christine, DE 29812",12/17/2018,Delaware
1218,Grant,Weaver,(697) 024-1709 ext 428,pkemp@hernandez-holt.com,"812 Barbara Way, Christopherview, MD 68614",6/5/2016,Maryland
1219,Eric,Andrews,(687) 482-0011 ext 2360,hugheskevin@walker.net,"241 Garcia Summit, North Christopher, IA 12632",3/22/2020,Iowa
1220,Michelle,Leach,(370) 733-3202 ext 6730,halejustin@williams-ramirez.com,"19619 Hicks Roads Suite 803, North Anna, WY 57621",9/19/2024,Wyoming
1221,Joanna,Campbell,(575) 352-8504 ext 698,grantflores@yahoo.com,"509 Donald Crescent Suite 481, New Courtneyside, WA 59854",8/10/2017,Washington
1222,Jean,Fields,(301) 946-6089 ext 4160,evasquez@gmail.com,"9392 Matthew Expressway, West Eduardo, AZ 03883",11/26/2021,Arizona
1223,Paul,Beard,(131) 834-2297 ext 486,laurajohnson@gmail.com,"1938 Elizabeth Crescent Suite 954, Port Derek, NE 71781",7/25/2023,Nebraska
1224,David,Macias,(897) 437-9604,xadams@hotmail.com,"265 Catherine Gardens, Lake Kevinville, SD 79367",11/11/2015,South Dakota
1225,Jennifer,Lowery,Invalid Data,cbond@rogers-cameron.com,"6035 Fernandez Shoal, Lake Mariehaven, CT 71218",1/20/2024,Connecticut
1226,Ashley,Welch,(030) 420-9767,clee@gmail.com,"72199 Smith Drive Suite 946, Lake Pamelatown, DC 12118",10/2/2022,District of Columbia
1227,Danielle,Torres,(493) 928-0060 ext 8730,joshua05@russell.info,"94095 Elizabeth Curve Apt. 197, Carterborough, HI 50389",8/10/2022,Hawaii
1228,Carolyn,Campbell,(131) 281-9400 ext 1036,shawn21@yahoo.com,"108 Graves Squares, North Pamela, LA 97052",5/10/2019,Louisiana
1229,Sara,Martinez,(938) 644-9093,qgreene@gmail.com,"960 Garcia Harbors, Deniseburgh, CT 67660",4/6/2017,Connecticut
1230,Mark,Adams,(149) 522-9954 ext 33316,brownjoseph@smith-willis.biz,"0350 Chandler Road, Lake Markstad, VA 54398",10/12/2020,Virginia
1231,Nicole,Andrade,(022) 906-4142,smithjulie@hotmail.com,"PSC 0550, Box 0320, APO AE 87255",2/14/2022,Army
1232,Christina,Washington,(746) 672-4840 ext 556,james09@spencer-vazquez.com,"03109 Suarez Station Suite 578, West Christina, IL 47665",5/19/2015,Illinois
1233,Ashley,Harper,(143) 221-5910 ext 24108,jamesjenkins@hotmail.com,"162 Curtis Port, Melissaborough, WY 91213",10/29/2015,Wyoming
1234,Andrew,Frost,(188) 008-8864 ext 162,vherrera@yahoo.com,"6165 Alvarez Course Apt. 161, West Lisashire, RI 92290",4/13/2023,Rhode Island
1235,Robert,Evans,(691) 034-8489,dray@simmons-williams.com,"333 Smith Rue, North Michellemouth, ID 42718",8/24/2019,Idaho
1236,Natalie,Hinton,(892) 115-9380 ext 32872,ghernandez@gmail.com,"61824 Katherine Hill Suite 017, South Mariah, DC 41505",9/1/2016,District of Columbia
1237,Dawn,Davis,(661) 528-9168 ext 760,coffeysharon@cruz.biz,"55387 Terry Valley Apt. 159, Lindseychester, AZ 76331",4/7/2023,Arizona
1238,Kelly,Smith,(802) 334-3441 ext 67584,brosario@cervantes.biz,"908 Ray Summit, Johnsontown, KY 56149",10/4/2016,Kentucky
1239,Brett,Soto,(972) 479-3659 ext 656,ugamble@yahoo.com,"903 Tami Grove Suite 596, East Jonathan, LA 60016",3/10/2020,Louisiana
1240,Keith,Johnson,(398) 631-6747 ext 166,james05@klein.net,"225 Thomas Course Suite 119, Lake Joseburgh, WA 95375",8/29/2023,Washington
1241,Jeremy,Sanders,(834) 074-2972 ext 7503,omorris@hotmail.com,"94941 Tony Square, Joannchester, WV 84527",11/1/2022,West Virginia
1242,Michelle,Norris,(916) 307-9717 ext 12372,jonesmichael@hotmail.com,"267 Riley Haven, Hunterberg, NH 42380",12/11/2024,New Hampshire
1243,Tricia,Evans,(530) 864-1247 ext 65480,lucasmcdonald@mitchell.com,"208 Miller Radial Apt. 559, West Jonathan, OK 56477",6/26/2015,Oklahoma
1244,Joshua,Richardson,(256) 380-6468,vanderson@yahoo.com,"191 Murphy Squares, Lake Samantha, MA 37160",4/18/2020,Massachusetts
1245,Kathy,Clark,(294) 833-2394,tkane@hotmail.com,"876 Ramos Stravenue, Lauraland, ID 88508",6/12/2024,Idaho
1246,Jose,Miller,(722) 801-6038,smithchelsea@smith.net,"2446 Stewart Place Suite 571, Williamsonton, NE 36058",9/9/2018,Nebraska
1247,Brandon,Kemp,(568) 189-9308 ext 19969,nstrickland@hotmail.com,"6483 Lisa Key Apt. 249, West Katherine, HI 13971",10/21/2021,Hawaii
1248,Jason,Christensen,(407) 137-9358 ext 7935,matthew39@gmail.com,"869 Rodriguez Meadows Suite 313, South Robert, RI 39339",6/5/2021,Rhode Island
1249,Dominic,Hines,(468) 563-4464 ext 674,mooreethan@yahoo.com,"3596 Rodriguez Mountains Suite 925, Bryantport, PA 92369",4/2/2017,Pennsylvania
1250,Jessica,Sanchez,(230) 925-7734,ronaldroberts@turner-gonzales.net,"2266 Knight Square Suite 612, North Eric, MN 85829",7/17/2017,Minnesota
1251,Justin,Murphy,(939) 778-8224,gmedina@hotmail.com,"52151 Hayley Mill, New Hannahhaven, DE 10300",10/23/2019,Delaware
1252,Joseph,Hill,(249) 535-3438 ext 386,dylan04@martin.com,"015 Brianna Green Suite 063, Richardsonfort, MN 57601",11/9/2023,Minnesota
1253,Sarah,Hayes,(399) 957-2745 ext 51116,kayla56@yahoo.com,"22892 Lisa Orchard, New Johnbury, AK 67598",4/21/2017,Alaska
1254,Bryan,Joseph,(990) 637-3378,antonio34@white-lewis.com,"66655 Crawford Parkway Apt. 471, Port Shannon, AK 05641",5/23/2017,Alaska
1255,Danielle,Potter,(805) 932-6919,victorchan@cooper.info,"39155 Tracy Spurs, Lake Andrewville, IA 44877",8/7/2022,Iowa
1256,Leslie,Richardson,(254) 952-0526 ext 74493,williamstrickland@hotmail.com,"9133 Pearson Forges Apt. 562, West Carmenland, DC 79228",2/26/2024,District of Columbia
1257,Paige,Johnson,(173) 616-5343,sean54@gmail.com,"59325 Stewart Course Apt. 748, Lake Kristenmouth, IN 52544",3/8/2016,Indiana
1258,Miguel,Monroe,(503) 874-7682 ext 0353,rnunez@yahoo.com,"4157 Roberts Squares, South Stephaniechester, NY 51832",10/31/2020,New York
1259,James,Watkins,(065) 685-2668 ext 9335,laurie82@clark.com,"19484 Brenda Plain Apt. 740, Velazquezhaven, NJ 90074",4/7/2024,New Jersey
1260,Brent,Jones,(782) 219-9998 ext 89071,wlee@macdonald.info,"737 Fletcher Trafficway, Phillipsfurt, WV 92673",6/27/2023,West Virginia
1261,Stephanie,Holloway,(164) 334-0451,aharrington@yahoo.com,"315 Nolan Ways Suite 815, New Carlaport, IA 75916",10/7/2015,Iowa
1262,Michael,Christian,(844) 452-6948,donald18@gmail.com,"7575 Jeff Throughway, Washingtonfort, NC 58897",7/20/2021,North Carolina
1263,Darren,Roach,(327) 075-1882 ext 92315,egeorge@gmail.com,"PSC 5039, Box 8252, APO AE 60055",6/17/2022,Army
1264,Lauren,Peterson,(061) 610-7403,hawkinsjeffery@rodriguez-richards.com,"60256 Douglas Meadow Suite 797, Kyleland, MO 55677",2/25/2017,Missouri
1265,Sharon,Zimmerman,(172) 870-9867,david15@blackburn.com,"00575 Bradley Corner, East Sarahstad, RI 14756",5/10/2022,Rhode Island
1266,Sean,Roy,(416) 620-4941,sherylalvarado@hayden.org,"08704 Jennifer Rest, Lake Christophertown, DE 98629",9/12/2018,Delaware
1267,Vicki,Daniels,(898) 234-7386,christinekim@gmail.com,"88313 Andrew View, Lake Sean, MD 30320",5/12/2017,Maryland
1268,Emily,Garcia,Invalid Data,reillychristina@gutierrez.biz,"528 Bean Vista, West Seanchester, VT 42253",4/26/2021,Vermont
1269,Julie,Smith,(782) 534-4934 ext 26829,ngibson@gmail.com,"USS Sanders, FPO AP 31575",1/20/2022,Army
1270,Mitchell,Love,(409) 534-6742 ext 27783,coffeymatthew@collins.net,"74550 James Mountains Suite 412, Lake Catherinebury, ME 17252",1/16/2025,Maine
1271,Shannon,Pierce,(344) 861-7992 ext 312,christina51@hotmail.com,"399 Taylor Lights, North Robert, LA 08285",7/7/2023,Louisiana
1272,Susan,Sheppard,Invalid Data,harperwilliam@simon.biz,"693 Russo Road, Lake Carlachester, NJ 01433",3/31/2024,New Jersey
1273,Kristy,Mayo,(721) 454-8091,crystal63@gmail.com,"022 Latasha Forges Suite 244, Gailside, OR 35935",10/9/2022,Oregon
1274,Joel,Barajas,(321) 700-9830 ext 24527,dylanjordan@bennett-smith.com,"856 Booth Walk Apt. 881, Katherinestad, SC 02234",4/23/2016,South Carolina
1275,Courtney,James,(291) 480-6398 ext 28987,christy32@johnson.biz,"697 Christopher Throughway Apt. 102, Reneefurt, AZ 02680",1/10/2018,Arizona
1276,Emma,Williams,(731) 824-4962 ext 89849,simmonsanita@todd-smith.org,"81803 Ashley Cove, Brianland, ND 19046",4/16/2019,North Dakota
1277,Beth,Powell,(242) 678-3014 ext 6991,tylerhutchinson@cox.biz,"PSC 6138, Box 0424, APO AA 53094",2/5/2021,Army
1278,Megan,Kelley,(033) 130-3867 ext 406,kathryn51@ramirez.com,"1715 Donaldson Orchard, East Kimberlyfort, VA 70653",11/6/2019,Virginia
1279,William,Decker,(287) 564-3474,hpalmer@gmail.com,"94364 Gray Overpass, Karenberg, OH 02709",5/2/2023,Ohio
1280,Sarah,Alvarez,(575) 392-8863,megankennedy@avila-wilson.info,"Unit 0580 Box 0164, DPO AP 09884",1/26/2025,Army
1281,Tristan,Curry,(176) 688-1595,adavis@rogers-byrd.com,"3312 Steven Streets Apt. 754, Hortonfort, KS 76187",5/27/2020,Kansas
1282,Lisa,Garcia,(022) 537-3353 ext 9963,robert42@yahoo.com,"214 Paul Manors Apt. 310, Markborough, KS 46236",10/10/2019,Kansas
1283,Jason,Davis,(308) 747-1170,efrye@hotmail.com,"84512 Luna Landing, West Andre, GA 73232",12/29/2017,Georgia
1284,Katelyn,Johnson,(002) 752-9872 ext 2609,darrellestrada@yahoo.com,"39917 William Roads, South Anthony, ME 99278",7/25/2015,Maine
1285,Brandon,Fowler,836951411,jasonwright@pearson.org,"353 Amy Junction, Port Gwendolynstad, ID 97537",6/2/2024,Idaho
1286,Michael,Fernandez,(484) 006-3984 ext 6360,jmcfarland@moran.com,"858 Tiffany Garden Suite 051, East Ianchester, NE 69991",2/4/2024,Nebraska
1287,Bethany,Cooke,(927) 687-4454 ext 959,gravesmiranda@yahoo.com,"67727 William Valley, Jamesstad, DC 47082",1/2/2025,District of Columbia
1288,Jessica,Daniel,(240) 717-7352 ext 647,brianwilkerson@gmail.com,"7839 Renee Road, Port Kristen, VT 34815",5/18/2020,Vermont
1289,Adam,Gardner,(853) 067-0890 ext 826,richard48@kent.com,"00077 Baker Haven, North Heather, DC 47322",1/31/2021,District of Columbia
1290,Mariah,Miranda,(518) 810-7673 ext 812,parkerjennifer@gmail.com,"7165 Joshua Park, Jimton, RI 11321",12/14/2017,Rhode Island
1291,Sharon,Gilbert,(614) 086-9216 ext 2674,jasonhenry@smith.com,"415 Nicholas Green, Leemouth, TX 78701",8/2/2016,Texas
1292,Rebecca,Padilla,(039) 862-5618,donnaallen@yahoo.com,"6762 Newman Hills Suite 447, North Curtis, MD 50152",12/24/2022,Maryland
1293,Nicholas,Barber,(771) 183-7327,jenniferstewart@hotmail.com,"13236 Marco Orchard Suite 345, Barbaramouth, WA 69401",6/5/2020,Washington
1294,Amy,Boyd,(389) 996-9595 ext 739,christopher37@hotmail.com,"75411 Larry Road Suite 330, South Anthony, WI 09432",5/20/2024,Wisconsin
1295,Richard,Richard,(392) 088-4996 ext 533,masongregory@gmail.com,"58383 Walker Harbor, Bennettville, HI 07365",6/17/2021,Hawaii
1296,Ronald,Wolfe,(818) 238-5950 ext 628,vcardenas@yahoo.com,"09706 Jennifer Lock Suite 742, West Sue, KY 92687",3/19/2018,Kentucky
1297,Mary,Richardson,(815) 602-3372 ext 911,gmarshall@gmail.com,"PSC 9787, Box 9391, APO AE 05634",9/27/2018,Army
1298,Christopher,Burns,(784) 490-5012 ext 23215,perryjeffrey@smith-anderson.info,"255 Bowers Rue Suite 564, Robbinsborough, MN 38648",9/4/2020,Minnesota
1299,Randy,Lawrence,(124) 417-1889 ext 2541,blittle@yahoo.com,"3180 Christopher Viaduct, Marthafort, DE 78919",1/5/2024,Delaware
1300,Tina,Klein,(058) 477-9796 ext 36952,katherine45@hernandez-hancock.org,"02029 Pollard Plaza, Lopezburgh, WA 39021",1/23/2017,Washington
1301,Cynthia,Saunders,(438) 840-6630,jenniferleonard@hotmail.com,"7889 Joel Freeway, New Michaelhaven, MT 86881",5/24/2024,Montana
1302,Tyler,Powell,(655) 606-2401 ext 3943,espinozamargaret@hotmail.com,"733 Crystal Rue, South Ashleeville, GA 27613",5/28/2020,Georgia
1303,Kelly,Raymond,(246) 332-1937,danieldaniels@yahoo.com,"50997 Austin Streets Apt. 565, Rodriguezmouth, CO 43389",1/3/2023,Colorado
1304,Richard,Roberts,(055) 764-3106 ext 795,joshua91@yahoo.com,"96927 Lisa Route Suite 308, West Darrylhaven, VT 51584",12/10/2022,Vermont
1305,Joseph,Holland,(945) 394-1317,uhansen@miller.com,"332 Patrick Crescent, Port Marymouth, OK 09107",1/17/2018,Oklahoma
1306,Joyce,Whitaker,(888) 365-1233 ext 1028,dkline@gmail.com,"18379 Jonathan Skyway, Hinesport, DE 67401",8/26/2021,Delaware
1307,Jeff,Bailey,(287) 385-9723 ext 6306,adamssean@gmail.com,"60104 Weaver Crossroad Suite 742, South Ashleytown, KS 60395",5/26/2021,Kansas
1308,Rodney,May,(080) 708-6477,harrisjesse@yahoo.com,"30688 Wilkins Lock Suite 293, Brianborough, RI 04032",8/5/2024,Rhode Island
1309,Brandon,Owens,(994) 776-5431 ext 08334,andrew00@hotmail.com,"57028 Charles Causeway Suite 665, New Maria, MI 63989",7/13/2020,Michigan
1310,Samantha,Green,(673) 916-3884,stephanie91@hotmail.com,"851 Andrew Extension Suite 009, Salaston, OR 75018",7/20/2015,Oregon
1311,Chris,Hernandez,(456) 088-9927 ext 31309,mauricevasquez@newman.com,"6501 Brown Flat, Thomasfort, IA 92107",5/30/2015,Iowa
1312,Joanne,Lambert,(452) 604-7154 ext 34878,morgansamuel@hotmail.com,"151 Young Turnpike Suite 454, New Paige, VT 26291",4/9/2024,Vermont
1313,John,Finley,(589) 851-7031 ext 7068,franklinrobert@wells.com,"81431 Nancy Path, Johnsonfort, UT 78143",6/13/2018,Utah
1314,Jonathan,Johnson,(592) 636-6943 ext 099,kcarter@kim.info,"071 Preston Oval Suite 654, Monicaland, RI 20280",9/7/2015,Rhode Island
1315,Clarence,Shepherd,(562) 492-1101 ext 348,englishkeith@hotmail.com,"52983 Joseph Causeway, Markborough, KY 61140",4/7/2018,Kentucky
1316,Timothy,Price,(989) 456-0692 ext 0752,scott53@perkins.com,"09956 Victoria Valley, Sanchezburgh, NY 40082",7/15/2020,New York
1317,Steven,Gonzales,(174) 970-9903 ext 3790,lisa10@hotmail.com,"2772 Martin Trace Suite 847, Justinborough, NM 77563",9/5/2019,New Mexico
1318,John,Mullen,(806) 617-0419 ext 39172,gibsonjames@gallagher.com,"75994 Nicole Common Suite 643, Alexandriafurt, NC 24402",4/15/2023,North Carolina
1319,Lisa,Porter,(589) 602-1776 ext 133,michelle48@williams.info,"89103 Gardner Key, Acostafurt, DE 49280",4/29/2022,Delaware
1320,Zachary,Williams,(821) 267-2333 ext 272,williamshaley@chavez.com,"518 Aaron Locks, Danielborough, RI 61988",1/12/2017,Rhode Island
1321,Patrick,Woods,(800) 338-8374,smithjohn@mitchell-robbins.com,"04154 Wendy Freeway, South Jasonstad, IA 17587",10/26/2024,Iowa
1322,Richard,Weber,(432) 871-2138 ext 3335,connieroberts@gmail.com,"8947 Welch Springs Apt. 958, New Elizabeth, AR 07759",8/10/2015,Arkansas
1323,Destiny,Doyle,(268) 644-4515 ext 73353,brianrubio@hotmail.com,"677 Shawn Circles Apt. 682, Garyland, MI 35533",3/20/2021,Michigan
1324,Michael,Ramsey,(080) 702-5978 ext 74740,cookrobert@walker-harmon.com,"69639 Brown Flats, West Dominicport, MT 90061",6/20/2018,Montana
1325,Ernest,Mullen,(338) 509-8606 ext 0378,bmartinez@gmail.com,"82010 Kline Courts Suite 958, Lake Amanda, LA 89345",4/14/2016,Louisiana
1326,Heather,Zavala,(999) 852-0846 ext 918,knoxkatherine@hotmail.com,"05646 Lindsay Crossing, Lake Garybury, HI 32225",1/30/2019,Hawaii
1327,Robert,Holmes,(395) 172-8271 ext 68010,murillomaria@yahoo.com,"76379 Abigail Center, Mitchellton, SC 34140",3/5/2024,South Carolina
1328,Amber,Lowe,(912) 023-8970 ext 12942,fsmith@miranda-smith.com,"1504 Nichole Shoals, Garciaburgh, AK 65355",12/18/2018,Alaska
1329,John,Smith,(414) 473-8859 ext 512,crossmary@wise-parks.net,"702 Julie Vista, Estradamouth, ND 65920",10/1/2018,North Dakota
1330,Michael,Nelson,(627) 944-0536,zmendez@jones-miller.org,"3674 Melissa Groves Suite 140, Alexanderborough, AR 73282",12/13/2022,Arkansas
1331,Kristina,Collins,(731) 876-9916 ext 9994,carterdavid@gmail.com,"63922 Mays Mission, East Chloebury, FL 06858",6/27/2018,Florida
1332,Jenny,Larson,(690) 305-8410,kenneth90@jones-wright.org,"2032 Schneider Run, North Laurafurt, RI 60901",1/13/2017,Rhode Island
1333,Caleb,Velazquez,(084) 370-1709 ext 250,econner@barr.com,"943 Dean Common Apt. 472, Leechester, GA 53050",9/24/2019,Georgia
1334,Jason,Webb,(588) 211-2322 ext 677,tracypage@yahoo.com,"20665 Christensen Trail Suite 460, East Paulburgh, FL 81495",9/2/2020,Florida
1335,Jeremy,Randolph,(846) 358-4772 ext 27226,charles37@yahoo.com,"98131 Dillon Manors Apt. 063, Vanessaville, ME 36181",7/24/2017,Maine
1336,Tiffany,Gonzales,(877) 701-3568 ext 957,kjohnson@green-allison.com,"7421 Martin Cliffs, North Debra, OH 84621",10/9/2021,Ohio
1337,Spencer,Berry,(538) 830-2428 ext 3542,matthewsanchez@koch.org,"042 Diaz Green Suite 328, Lake Anafurt, AK 91832",7/21/2022,Alaska
1338,Angela,Mccoy,(971) 145-1579 ext 5408,michael39@cummings.com,"91686 Vaughn Wall, Port Josephburgh, MS 51704",4/19/2025,Mississippi
1339,Karen,Walker,(044) 455-3242,washingtonkyle@smith.com,"94490 Jason Junctions, Petersshire, NV 04428",7/23/2018,Nevada
1340,Stephanie,Spencer,(511) 529-6004,bobbywang@gmail.com,"803 Shannon Ferry Apt. 381, Carterton, KS 98894",5/4/2022,Kansas
1341,Mary,Hicks,(659) 352-0207 ext 4017,regina08@santana.com,"PSC 2843, Box 9284, APO AP 18619",8/1/2022,Army
1342,Hannah,Martinez,(209) 294-7273,taylorprince@yahoo.com,"7565 Erika Walk, Lake Jason, ME 13850",6/19/2021,Maine
1343,Katelyn,Campbell,(511) 874-8002,matthewsmith@hotmail.com,"1414 Curtis Dale, Campbellshire, NM 13524",9/6/2023,New Mexico
1344,Jorge,Russell,(373) 082-1219 ext 157,bellthomas@parker.com,"219 Melton Station, East Carl, CO 90958",4/25/2016,Colorado
1345,Savannah,Bennett,(714) 414-5254 ext 4158,kevinhumphrey@davis.com,"72063 Tyler Pass Apt. 035, Jacksonview, WA 52613",4/28/2024,Washington
1346,John,Conner,(661) 934-2792 ext 623,browndeborah@yahoo.com,"126 Mcbride Prairie Apt. 238, Jenniferside, OH 76784",4/11/2018,Ohio
1347,Cynthia,Garcia,(756) 171-6105 ext 2166,michaelgraves@gmail.com,"12892 Moore Heights Suite 076, West Natalie, MN 69178",6/6/2021,Minnesota
1348,Eric,White,(197) 277-5615 ext 8365,melanie05@gmail.com,"36562 Hudson Rue Suite 942, New Spencerbury, NM 93426",3/27/2020,New Mexico
1349,William,Hudson,(878) 332-8447,andrewnielsen@thompson-potter.com,"PSC 7573, Box 9486, APO AA 20674",7/18/2019,Army
1350,Christopher,Richardson,(617) 097-9012,hhale@hotmail.com,"93431 Charles Circles, Paulport, MN 55872",1/28/2017,Minnesota
1351,Donald,Atkinson,(362) 376-4215 ext 02639,erhodes@chase.biz,"049 Cohen Points, Lake Jennifertown, ND 88320",4/2/2023,North Dakota
1352,Mary,Payne,(136) 423-9652 ext 41736,vcastaneda@hotmail.com,"2407 Joseph Shores, Clarkfort, NH 77169",12/3/2017,New Hampshire
1353,Kathleen,Brown,(074) 466-7561,loretta30@shea.org,"28725 Spencer Drive, Pagefurt, NV 58439",7/31/2015,Nevada
1354,Jason,Martinez,(369) 559-7781 ext 530,hernandezjanet@hotmail.com,"077 Gonzalez Knoll, Port Johnnyville, LA 82957",5/31/2023,Louisiana
1355,Jack,Cameron,(334) 757-7776,brownelizabeth@yahoo.com,"USNS Lewis, FPO AP 43658",1/15/2016,Army
1356,Jeffrey,Nichols,(935) 295-4947 ext 022,jasonjohnson@mack-morales.org,"05635 Henry Key Apt. 566, Lake Ashley, IA 18196",5/10/2018,Iowa
1357,Linda,Soto,(606) 271-0514 ext 1339,cindy30@hotmail.com,"63489 Candace Haven Apt. 056, Williamsmouth, IA 96231",2/4/2019,Iowa
1358,Heidi,Ross,(630) 644-6521 ext 338,michelemartinez@yahoo.com,"9610 Roger Park, North Tammieberg, RI 99273",7/22/2017,Rhode Island
1359,Veronica,Owen,(534) 952-9166,smithjames@singh.net,"4041 Garcia Plains Suite 393, Port Robert, UT 00751",4/22/2023,Utah
1360,Joseph,Aguilar,(051) 001-3210 ext 3346,finleylisa@burke-bell.com,"165 Yates Creek, Lake Omarville, TX 60449",1/12/2016,Texas
1361,Austin,Zimmerman,(461) 076-6953 ext 712,carsonjoshua@cannon.com,"23521 Edward Rue, South Erin, WA 47675",10/25/2016,Washington
1362,Erin,Powell,(211) 308-5352 ext 23047,christinacarter@martin-robles.com,"18997 Allen Square, New Douglasshire, KS 88566",5/27/2023,Kansas
1363,Michelle,Howe,(739) 724-1628,murphysarah@hotmail.com,"953 Joan Inlet, Darrenside, MN 47460",9/7/2017,Minnesota
1364,Kristine,Davis,(554) 369-0790,jensenjanet@yahoo.com,"1587 Thomas Mall, East Jose, NY 22113",8/9/2016,New York
1365,Christopher,Rodriguez,(098) 042-0163,kimberly81@vaughn.org,"934 Ramsey Views Apt. 198, Hoffmanfort, FL 08673",2/18/2018,Florida
1366,Michael,Chandler,(134) 359-3056 ext 29335,isimon@gmail.com,"686 Greer Circles, Morenomouth, MN 68302",6/28/2020,Minnesota
1367,Sarah,Miller,(018) 328-1164 ext 082,henryamanda@yahoo.com,"43931 Nichole Villages, New Kimberly, AL 96547",5/18/2018,Alabama
1368,Mathew,Mcguire,(259) 936-9728 ext 276,john44@sandoval.com,"9208 Brown Corners, Meadowsmouth, VA 95768",10/31/2015,Virginia
1369,Kayla,Holland,(886) 883-5503 ext 814,thomasjoel@yahoo.com,"63627 Tammy Pine, Port Robert, AL 29348",5/10/2021,Alabama
1370,Ryan,Soto,(681) 638-2679,valerie64@daugherty.biz,"96252 Gibbs Crescent, Danielview, ME 53216",12/13/2022,Maine
1371,William,Lane,(752) 878-4812 ext 397,lucasjennifer@harris.com,"80975 Nathaniel Extension, Longview, AZ 17350",5/27/2024,Arizona
1372,Lindsay,Medina,(993) 639-4971 ext 640,yjohnston@yahoo.com,"1081 Melton Glen, Deborahberg, AZ 13410",7/12/2019,Arizona
1373,Vanessa,Murphy,(066) 634-2707 ext 5303,foxjohn@cooper.com,"057 Miller Village, West Cynthiamouth, MI 64384",4/3/2018,Michigan
1374,Jessica,Brooks,Invalid Data,bethanywatson@hotmail.com,"31772 Lawson Curve, Williamsville, MI 05823",3/12/2016,Michigan
1375,Sean,Fox,(497) 379-6127 ext 8267,clarkmicheal@mckenzie-weaver.com,"9364 Perry Springs, New Rebeccamouth, AK 59542",7/20/2015,Alaska
1376,Angela,Smith,(258) 027-2257,rboyd@gmail.com,"6337 Ramos Throughway Apt. 513, Millsburgh, NJ 03307",4/15/2022,New Jersey
1377,Michelle,Oconnor,(786) 286-7249 ext 78848,cummingskyle@hotmail.com,"68697 Sharon Hill Suite 982, Nicholasland, OH 03159",3/3/2024,Ohio
1378,Donna,Oneill,(499) 402-5961 ext 51499,bakergeorge@white.net,"097 Riggs Park, Aaronberg, TX 90444",1/17/2016,Texas
1379,Matthew,Howell,(315) 126-3844,tanderson@gmail.com,"2483 Melissa Walk, New Kimberly, RI 59213",2/7/2022,Rhode Island
1380,Phillip,Brown,(082) 402-4170,stephenjames@bryan-lang.biz,"578 Valerie Inlet, Ashleyberg, NE 88863",5/10/2019,Nebraska
1381,Marcus,Wilson,(227) 133-7328 ext 3471,goodmanstephanie@hill.net,"39441 Pratt Causeway Suite 955, Jonesfort, WI 75860",12/26/2015,Wisconsin
1382,Maria,Harris,(359) 550-1747 ext 384,grant02@yahoo.com,"2604 Robert Shoal, Michaelburgh, OH 57715",7/9/2018,Ohio
1383,Nathan,Knight,(518) 829-0411 ext 3103,ricardohuff@lang.biz,"44711 Wallace Tunnel Suite 010, Blakefurt, MD 44366",3/7/2022,Maryland
1384,Nicholas,Kelley,(006) 040-7853,carrolledward@hotmail.com,"83846 Douglas Coves Apt. 759, Johnsontown, MO 25908",7/23/2024,Missouri
1385,Charles,Young,(447) 744-5843,donna37@martinez.com,"33448 Derrick Rue Suite 279, Perrychester, DC 75977",5/9/2021,District of Columbia
1386,Thomas,Richard,(054) 956-4503,matthewcaldwell@flynn.net,"6279 Benjamin Plain Apt. 087, Haydenbury, NH 48614",11/29/2015,New Hampshire
1387,Jacqueline,Thomas,(938) 051-4903 ext 94503,peter56@little-garcia.net,"8311 Fernando Station Suite 570, Deborahshire, VA 32096",7/3/2022,Virginia
1388,Matthew,Taylor,(141) 878-4707,mary48@garcia.com,"89155 Ryan Brook, North John, VT 82511",4/19/2018,Vermont
1389,Susan,Anderson,(305) 659-5570 ext 134,delacruzbrian@gmail.com,"84708 James Station, Barnesfort, CA 90958",6/22/2015,California
1390,Jason,Williams,Invalid Data,aarmstrong@yahoo.com,"PSC 6955, Box 6737, APO AP 89355",6/11/2019,Army
1391,Miguel,Rogers,(326) 419-9014 ext 646,yhanna@hotmail.com,"7915 Rivera Fields, Stacyfort, NE 34919",10/8/2018,Nebraska
1392,Julie,Tanner,(361) 515-4496 ext 0053,csmith@marsh-kane.com,"01584 Campbell Valley Apt. 247, Lake Kelly, CT 22595",5/9/2017,Connecticut
1393,Steven,Carlson,(252) 097-7015 ext 49232,peter10@gmail.com,"0122 Hayes Motorway, Jensenhaven, PA 25734",1/27/2020,Pennsylvania
1394,Morgan,Doyle,(434) 565-2415 ext 172,kramerkelly@yahoo.com,"765 Laurie Spurs, Port Christina, VA 87693",11/3/2021,Virginia
1395,Sharon,David,(756) 530-0300 ext 9598,james35@wilcox.biz,"57480 Patrick Knolls Apt. 657, Johnsonshire, MO 49722",8/8/2016,Missouri
1396,Erin,Gordon,(780) 593-4242 ext 6881,xmiranda@armstrong.info,"Unit 1877 Box 2371, DPO AP 85378",9/7/2024,Army
1397,Taylor,Mack,664133065,ambermartin@wiley.biz,"USS Zimmerman, FPO AP 07670",8/28/2021,Army
1398,Caitlyn,Terry,(339) 343-8856,carlsonjessica@forbes.com,"13307 Turner Court Suite 554, West Jennifer, IN 81530",2/26/2020,Indiana
1399,Micheal,Yates,(815) 344-5603 ext 3782,owilliams@rosales.com,"5417 Allen Crossroad Suite 760, Sandovalshire, WY 48228",10/25/2015,Wyoming
1400,Kristina,Lucas,(449) 222-3885,yanderson@hotmail.com,"6563 Richard Extension, East Christystad, TX 12271",11/8/2018,Texas
1401,Mark,Mckenzie,(294) 651-7755,garyliu@yahoo.com,"50823 Amber Park, West Amberchester, NV 33876",9/25/2018,Nevada
1402,Anthony,Santiago,(997) 253-1436 ext 1647,kmarshall@yahoo.com,"1999 Jones Shoals, Webbshire, WA 76271",12/11/2019,Washington
1403,Susan,Kelly,(298) 623-8698 ext 6468,gcosta@turner-miles.net,"42329 Rojas Roads Apt. 655, Raymondbury, FL 18479",12/6/2015,Florida
1404,Angela,Walker,(675) 680-9237 ext 29258,eric69@gmail.com,"194 Steven Lights, Brandtfort, ND 52867",11/6/2023,North Dakota
1405,Emily,Nguyen,(860) 593-0895 ext 19920,reyesjacqueline@yahoo.com,"63586 Benjamin Mountain, Freemanchester, TN 18030",8/27/2020,Tennessee
1406,Kyle,Burns,(183) 152-7302,eblake@gmail.com,"6917 Cruz Islands, Juliatown, ME 78151",12/25/2021,Maine
1407,Lisa,Christian,(729) 657-8689,fadams@farmer-ramirez.com,"PSC 0891, Box 2781, APO AP 30946",7/30/2019,Army
1408,Crystal,Mendoza,(950) 717-7928 ext 327,shawn25@escobar.info,"0775 Christopher Station, Jamiemouth, UT 71120",6/11/2018,Utah
1409,Brian,Payne,(443) 380-3707 ext 42659,igreen@cox.net,"270 Perez Roads Suite 994, South Mirandamouth, NY 22644",2/3/2018,New York
1410,Jason,Gonzalez,(443) 957-6036 ext 6640,cindyboyd@graves-parsons.com,"03873 Richard Land, Robertfort, AZ 18134",7/18/2019,Arizona
1411,Timothy,Williams,(457) 168-5643 ext 2013,ereyes@gmail.com,"PSC 4595, Box 7070, APO AP 85336",2/5/2020,Army
1412,Grant,Wright,(215) 326-3494 ext 19502,deanna00@gmail.com,"0004 Rowe Lock Suite 444, Lake Raymondburgh, KY 39674",8/30/2015,Kentucky
1413,Alison,Lyons,(111) 336-2506 ext 5025,anne55@yahoo.com,"623 Torres Haven Apt. 659, Brittneystad, CA 11202",9/5/2023,California
1414,Deborah,Kline,(518) 086-6518 ext 811,hinesjeffrey@oneal-alvarez.com,"3964 Reyes Extension Apt. 802, South Diana, ME 20285",9/11/2016,Maine
1415,Jacqueline,Thomas,(126) 109-4274,reedamber@travis.com,"004 Turner Estate, Benjaminburgh, NH 29236",3/10/2019,New Hampshire
1416,Derek,Lopez,(182) 553-0772 ext 41584,vjohnson@gmail.com,"991 Tucker Pine, North Crystalfurt, DE 39795",5/13/2024,Delaware
1417,Marvin,Lowery,(378) 214-7281 ext 219,josephstewart@haney-house.com,"47639 Julia Courts Apt. 603, West Gregory, ME 89802",2/14/2024,Maine
1418,Phyllis,Gray,(645) 657-0638 ext 35879,dadams@christian.biz,"3068 Christie Haven, Lake Davidchester, DE 72785",9/9/2019,Delaware
1419,Alyssa,Turner,(531) 787-2216 ext 446,tannernicholas@yahoo.com,"9652 Larson Key Apt. 649, Mariostad, LA 77056",3/2/2025,Louisiana
1420,Jesus,Woodard,(681) 165-7894 ext 2857,fisherjoseph@hotmail.com,"197 Tanya Trafficway Apt. 688, North Charlesmouth, OH 56939",2/4/2019,Ohio
1421,Stacey,Mann,(971) 130-5762 ext 02697,michaeladams@simmons-wilson.com,"2867 Stephen Ways Apt. 744, Erichaven, MS 92692",8/8/2018,Mississippi
1422,Anna,Chavez,(257) 041-6894 ext 9235,bensonchristopher@yahoo.com,"888 Sosa Shoal, East Danielshire, TX 04897",7/26/2023,Texas
1423,Tammy,Young,(466) 841-5210,kevin78@hotmail.com,"39518 Williams Pines Suite 309, South Catherineport, AL 46432",3/25/2025,Alabama
1424,Steven,Snyder,(361) 857-9449,vlynn@yahoo.com,"68464 Holmes Creek, North Matthew, KY 92857",6/4/2022,Kentucky
1425,Mckenzie,Mcclure,(163) 669-1832,wgentry@herrera-guzman.com,"11864 Wilkins Loop Suite 533, West Barbara, VA 16311",11/10/2019,Virginia
1426,Kayla,Stevenson,(803) 073-9285 ext 5545,cgardner@yahoo.com,"9488 Anita Stravenue, North Micheleview, IA 21800",11/15/2023,Iowa
1427,Darren,Martinez,(622) 284-2281 ext 43946,shannonpetersen@solis.com,"1032 Madison Field, Lake Christophermouth, NJ 49438",1/22/2025,New Jersey
1428,Laura,Williams,(496) 037-3501 ext 503,eorozco@maldonado.com,"4161 Jared Estates Apt. 279, West Randall, FL 96253",6/14/2017,Florida
1429,Joshua,Howell,(860) 848-3517,greenjohn@ray-rivera.net,"958 White Springs, Barrettburgh, MT 16093",9/14/2020,Montana
1430,Julie,Gomez,(414) 131-8863,ramosrobert@yahoo.com,"5540 Lawrence Tunnel, Evansburgh, IA 09084",12/29/2023,Iowa
1431,John,Williams,(380) 783-9172 ext 02450,camerongarcia@henson-hull.com,"860 Lane Curve, Port Matthew, SC 07802",12/21/2019,South Carolina
1432,Rebecca,Arnold,(214) 042-3505 ext 426,joshuabaker@jacobs-cole.com,"7000 Becker Locks Apt. 954, East Nicole, WV 36041",2/18/2021,West Virginia
1433,Crystal,Harris,(356) 096-7050 ext 929,sharonlynch@hopkins.com,"591 Mata Road Suite 757, Davismouth, KS 60276",12/4/2015,Kansas
1434,Joseph,Mcmillan,(669) 101-0610,david49@stanton.net,"USNV Russell, FPO AP 68726",3/9/2025,Army
1435,Joseph,Zamora,(699) 804-7815 ext 89400,walkerlisa@waters.com,"USNS Jones, FPO AP 48538",10/20/2017,Army
1436,Sarah,Cantu,(777) 979-4858 ext 71918,roger91@hotmail.com,"6465 Luna Circles, Cainmouth, LA 42138",8/27/2017,Louisiana
1437,Jose,Ward,(835) 645-3299 ext 8560,garyalvarez@hotmail.com,"730 Tyler View Suite 384, Johnburgh, HI 86556",4/28/2018,Hawaii
1438,Noah,Montes,(308) 276-8599,marshbonnie@yahoo.com,"9512 Evans Cove, North Jessica, MO 55023",5/11/2016,Missouri
1439,Martin,Hughes,(020) 116-1605 ext 822,wendy58@hunter-brady.net,"8801 Jonathan Passage Apt. 095, East Jenniferton, TX 55969",5/8/2020,Texas
1440,Amanda,Castaneda,(776) 012-5765,megan93@branch.com,"USCGC Alvarez, FPO AA 55606",10/20/2022,Army
1441,Brian,Brown,(402) 476-9235,butlersarah@yahoo.com,"5878 Martinez Cliffs, North Jeremy, MT 64793",4/27/2020,Montana
1442,Daniel,Smith,(274) 720-2950 ext 1049,smithjulia@george-black.org,"093 Dennis Ramp, Wardstad, ID 99771",7/23/2022,Idaho
1443,Edward,Henderson,(964) 790-1576 ext 261,bjackson@long-harrison.com,"06255 Green Plaza, North Megan, MN 97201",11/2/2023,Minnesota
1444,John,Cunningham,(472) 858-6887 ext 3291,isilva@gmail.com,"3695 Danny Junction, North Michael, ID 89190",12/5/2018,Idaho
1445,Ryan,Perez,(677) 894-3231 ext 7013,austinparrish@hotmail.com,"4929 Murillo Garden, Bauerfurt, CT 67838",2/18/2021,Connecticut
1446,Danielle,Vaughn,(058) 386-2564 ext 929,lori36@hampton.org,"77438 Harris Mountains, Abigailbury, AL 93280",7/10/2019,Alabama
1447,Adrian,Stone,(629) 079-0625 ext 7456,ychoi@hotmail.com,"682 Michael Streets Apt. 609, Alejandroville, IN 93087",12/26/2020,Indiana
1448,Kiara,Briggs,(688) 619-1196 ext 887,robertjohnson@yahoo.com,"6145 Austin Dam Apt. 400, Millsview, NM 39517",6/16/2023,New Mexico
1449,Cindy,Choi,(381) 134-3246,henrystanley@hotmail.com,"9764 Taylor Islands Suite 437, South Tammymouth, NV 89545",3/10/2022,Nevada
1450,Grace,Williams,(244) 924-0855 ext 8537,pharris@gmail.com,"40129 Gonzalez Junctions, North Brian, AK 14157",5/17/2019,Alaska
1451,Jonathan,Barrett,(950) 642-4980,robertsdavid@daniels-obrien.com,"6933 Benitez Neck Apt. 104, North Carolynburgh, UT 87010",9/26/2020,Utah
1452,Thomas,Martin,(098) 074-1851,tarmstrong@burgess-ray.com,"85198 Barnes Place Suite 067, North Jeffreyborough, CO 77069",5/20/2020,Colorado
1453,Jacob,Wagner,(721) 635-2864,alexandria25@rogers.com,"7988 Gilmore Oval, Rebeccaland, ME 68357",2/10/2021,Maine
1454,Mary,Wood,(843) 305-3677 ext 249,elizabethalexander@gmail.com,"334 Rebecca Lake, Lake Michaelton, GA 85848",12/2/2023,Georgia
1455,Cheryl,Norman,(882) 074-7461,bethestes@fuentes.com,"Unit 8537 Box 0336, DPO AP 03597",10/5/2021,Army
1456,Tara,Jones,(176) 587-8175 ext 08462,duffylaurie@pollard.info,"47993 Reed Ramp Apt. 315, West Sarafurt, NM 86218",1/28/2025,New Mexico
1457,Charles,Moreno,(023) 505-0028 ext 620,jeffreybrennan@matthews.com,"677 Sally Hollow, West Shawn, RI 40633",7/23/2019,Rhode Island
1458,Thomas,Richards,(569) 583-3364,tpaul@dalton-cooper.com,"3468 Gonzalez Ridge, Melindaport, CO 00817",6/19/2016,Colorado
1459,Ian,Ritter,(984) 880-5376 ext 7062,prestonmary@davenport.org,"200 Laurie Circle, Woodwardtown, IL 34342",3/17/2017,Illinois
1460,Gregory,Wright,(769) 060-9585,knightjennifer@hotmail.com,"42307 Miller Estates, North Anne, RI 73547",7/23/2016,Rhode Island
1461,Eric,Munoz,(065) 488-2044 ext 418,brockjoseph@yahoo.com,"934 Shawn Hills Apt. 070, East Rebecca, FL 03972",12/3/2022,Florida
1462,James,Foster,(450) 580-3216 ext 5410,katelyn99@price-malone.biz,"254 Arnold Port Suite 795, Andersentown, DE 68689",7/22/2017,Delaware
1463,Jason,Torres,(523) 047-2416,frycharles@stevens.com,"6036 Davis Flats Suite 113, Robertmouth, RI 74634",12/4/2019,Rhode Island
1464,James,Watson,(478) 189-0431,beckerjoshua@carter.org,"USS Lawson, FPO AA 41811",10/2/2019,Army
1465,Gina,Cisneros,(524) 478-8370,laurenorozco@dixon.com,"88158 Chelsea Corner, New Daniel, SC 63524",4/21/2023,South Carolina
1466,Anthony,Johnson,(949) 984-5935 ext 152,davislinda@gmail.com,"772 Natasha Flats Apt. 430, New Sandra, NC 68013",2/3/2024,North Carolina
1467,Emily,Mccann,(628) 030-5415,brayfrancisco@martin.com,"579 Linda Roads, West Diana, ND 83132",10/1/2019,North Dakota
1468,Larry,Powers,(445) 667-7875 ext 740,turnercourtney@yahoo.com,"USNV Perez, FPO AA 51422",6/10/2016,Army
1469,Scott,Hernandez,(533) 869-4772,frazierrobert@hotmail.com,"9131 Brian Flats Apt. 657, Darrellshire, MA 52718",5/20/2017,Massachusetts
1470,Scott,Bailey,(762) 182-7155,anthonynorton@yahoo.com,"623 Keith Pass Suite 085, Jacksontown, WY 29615",11/26/2019,Wyoming
1471,Mary,Jones,(257) 031-1819 ext 1507,terrance87@yahoo.com,"9273 Steele Harbor Suite 388, Port Nathanhaven, CA 05534",2/28/2023,California
1472,Kimberly,Briggs,(979) 658-6647 ext 3688,halvarez@garcia.org,"686 Bradley Mount Apt. 139, West Alexanderburgh, NC 03749",5/1/2017,North Carolina
1473,Randy,Snow,(817) 190-8940 ext 68617,qdunn@garcia-obrien.org,"806 Jacob Mountains Suite 449, Virginiabury, WY 12793",10/23/2021,Wyoming
1474,Elizabeth,Fletcher,(652) 855-9731 ext 2780,ginajordan@gmail.com,"15533 Pennington Lakes, Williamsburgh, GA 31275",6/19/2018,Georgia
1475,Michael,Roberson,(914) 004-1037 ext 0847,ywilson@andrews-mcgee.info,"313 Cody Oval, Wardfort, IN 96739",12/21/2018,Indiana
1476,John,Rodriguez,(992) 223-3091 ext 33820,ann47@yahoo.com,"0849 Lee Views Apt. 960, Fosterstad, HI 89340",12/7/2022,Hawaii
1477,Daniel,Miller,(295) 522-3512 ext 5280,stephaniejohnson@yahoo.com,"2524 Jarvis Mill Apt. 821, Hollymouth, MO 08121",3/1/2018,Missouri
1478,Michelle,Griffin,(524) 443-3731 ext 71752,johnsonjessica@gmail.com,"16184 Rebecca Coves Apt. 585, Davidview, OK 34503",8/29/2023,Oklahoma
1479,Angelica,Simpson,Invalid Data,jennifer34@yahoo.com,"78421 Williams Flat Suite 294, Jamesmouth, OR 16919",10/31/2021,Oregon
1480,Richard,Jones,(831) 866-6821 ext 84664,garciajames@erickson-bush.info,"PSC 7100, Box 7763, APO AE 19627",3/9/2021,Army
1481,Lori,Johnson,(649) 203-0067 ext 597,arellanorick@long.biz,"2126 Kelsey Place, North Brianmouth, KS 88722",9/8/2021,Kansas
1482,Valerie,Miller,(865) 141-4886 ext 041,lindsay30@carr-obrien.com,"498 Jones Mills Suite 615, Davisstad, IA 49515",9/25/2015,Iowa
1483,Gregory,Mosley,(981) 426-2892 ext 24128,elizabethmiller@hotmail.com,"266 Perez Stream Apt. 003, Pearsonborough, SC 44270",1/15/2025,South Carolina
1484,Matthew,Barnes,(472) 170-0223 ext 658,carrie86@yahoo.com,"815 Gordon Path Suite 927, New Pamelafurt, NC 23006",4/10/2025,North Carolina
1485,Corey,Thompson,(175) 260-4162 ext 835,zboyd@gmail.com,"94671 Crosby Ports Apt. 994, West James, TN 35894",2/21/2021,Tennessee
1486,Ashley,Green,(923) 420-1965 ext 99269,michael16@harrison.org,"7756 Torres Shoal Apt. 621, Johnsontown, GA 71153",8/10/2018,Georgia
1487,Michael,Davidson,(793) 751-8559 ext 167,franknorton@yahoo.com,"91523 Brown Common Apt. 305, Paulland, VA 04661",3/2/2020,Virginia
1488,April,Williams,(553) 000-6213 ext 55599,robertmoody@espinoza-harvey.net,"78828 Vazquez Forks, Rhodesview, WV 97631",11/29/2018,West Virginia
1489,Megan,Hayden,(572) 381-7475 ext 98529,jamie78@stephenson-smith.com,"0997 Snow Keys, South Emily, NJ 07328",5/29/2015,New Jersey
1490,Sean,Thompson,(512) 537-3080 ext 2010,palmerpaul@marshall.org,"69180 William Forges, Riggsfort, CO 27916",11/25/2023,Colorado
1491,Jennifer,Coffey,(333) 902-9938 ext 0717,fosterdonald@smith.info,"6831 Willis Mews Apt. 039, Jenkinsberg, MN 99369",7/26/2020,Minnesota
1492,Heather,Sanchez,(024) 579-5483 ext 0925,frankchan@miranda-fernandez.com,"93687 Evans Oval, North Michelleville, NC 72418",9/1/2024,North Carolina
1493,Jason,Munoz,(216) 571-2614,william39@hall-guzman.net,"1000 Holden Ferry Apt. 397, Jamesville, GA 32466",3/11/2018,Georgia
1494,Peter,Walker,(720) 670-5318,williamsdaniel@underwood.com,"994 Mindy Fall Apt. 672, East Brianberg, CA 83164",3/29/2018,California
1495,Robert,Pacheco,(708) 900-7103,jameselliott@cruz.com,"243 Susan Wall Apt. 638, Port Jesseberg, KS 66971",1/5/2024,Kansas
1496,Bianca,Stuart,(152) 056-1160,jesse66@arellano.biz,"693 Harrington Plaza Apt. 279, Kristintown, ME 50383",2/10/2019,Maine
1497,Shannon,Molina,(496) 634-8241 ext 205,sara40@perez.biz,"32595 Whitney Stravenue Apt. 972, Brandonstad, SC 16301",1/21/2018,South Carolina
1498,Alexis,Jensen,(752) 186-7579 ext 5022,fperry@gmail.com,"9111 Moore Tunnel, West Nataliefurt, FL 37074",10/23/2017,Florida
1499,Benjamin,Scott,(843) 740-8009 ext 0606,amandasanchez@yahoo.com,"6902 Knox Manor Apt. 975, Jamesstad, DE 10068",5/30/2019,Delaware
1500,Diane,Richardson,(720) 521-5965,coreyleonard@yahoo.com,"12266 Katherine Rue, Cookestad, RI 01010",7/24/2022,Rhode Island
1501,Patrick,Lang,(574) 752-7940 ext 9837,charles17@santana-mora.com,"7437 Mitchell Grove, East Todd, NH 36373",5/5/2019,New Hampshire
1502,Ruben,Mack,(182) 995-3098 ext 48863,caguilar@gmail.com,"3801 Rodriguez Ramp, New Donnaville, NM 90428",3/13/2016,New Mexico
1503,Brett,Chen,(986) 316-4580,hayesjoseph@rodriguez.org,"6683 Andrew Squares, North Wendy, WI 87961",5/31/2015,Wisconsin
1504,Jessica,Aguilar,(819) 381-6162 ext 093,alan64@farmer.com,"1835 William Ranch Apt. 967, East Erin, MS 12954",3/13/2025,Mississippi
1505,Marie,Petty,(943) 925-7370,lewissusan@yahoo.com,"926 Christine Skyway Apt. 777, Suarezfurt, PA 13068",1/25/2022,Pennsylvania
1506,Dana,Salazar,(939) 636-8597 ext 213,gmorris@gmail.com,"298 Gillespie Unions Suite 641, South Brandon, TX 04451",1/7/2019,Texas
1507,Mark,Mcdonald,(915) 248-9947 ext 3569,latoya35@rodriguez-esparza.com,"45261 Fleming Ford Apt. 354, Lake Hannah, VT 14476",9/14/2017,Vermont
1508,Sydney,Rivera,(760) 711-1069 ext 919,rogerstheresa@gallegos.com,"90558 Hayes Station, Port Meghanview, MO 05432",9/4/2020,Missouri
1509,David,Campbell,(899) 180-7011 ext 651,vbailey@dixon-miles.net,"8696 Ricky Squares, East Erin, FL 02860",1/1/2017,Florida
1510,Peter,Crawford,(683) 995-7342 ext 1727,webbsusan@harris.org,"14247 Lisa Via Suite 819, Jeffreyshire, GA 93221",8/24/2016,Georgia
1511,Sherri,Stewart,(530) 782-2850 ext 9762,ewilliams@brown.com,"78074 Preston Square Suite 666, Woodwardshire, SD 25694",11/6/2022,South Dakota
1512,Jennifer,Hill,(205) 463-4859 ext 338,robert34@mccall.com,"79680 Flores Parks Apt. 358, Shannonview, SD 78773",3/13/2023,South Dakota
1513,Lauren,Vargas,(264) 790-2295 ext 128,teresa99@yahoo.com,"02786 Kenneth Station Apt. 401, Lake William, ME 43638",3/27/2016,Maine
1514,Sophia,King,(939) 963-4110 ext 64004,kbutler@yahoo.com,"6404 Le Alley, Joseburgh, NE 36227",11/23/2016,Nebraska
1515,Carol,Simpson,(288) 336-3778,nicholaslopez@yahoo.com,"13794 John Mall, Andreahaven, RI 82936",3/19/2017,Rhode Island
1516,Alicia,Kane,(001) 997-1193 ext 2503,burnsronald@holmes.com,"67153 Keith Harbors Apt. 144, South Petershire, PA 13840",2/14/2025,Pennsylvania
1517,Sandra,Smith,Invalid Data,rhamilton@benton.net,"78357 Marshall Circle, Wagnerton, WA 04217",3/18/2020,Washington
1518,Melanie,Smith,(831) 019-0431 ext 45207,davismichelle@yahoo.com,"PSC 4876, Box 7020, APO AP 98883",4/20/2021,Army
1519,Ashley,Bryant,(607) 135-2570 ext 0224,qmason@gmail.com,"8587 Young Mountain, North Nicole, AL 79341",12/23/2023,Alabama
1520,Melissa,Gray,(010) 461-3312 ext 85870,codymiller@hotmail.com,"81573 Brittany Stream, Cummingsville, FL 51975",1/7/2016,Florida
1521,William,Hill,(120) 888-6731 ext 68998,brian09@yang-smith.com,"960 Jasmine Viaduct Apt. 781, East Johnburgh, OR 70181",4/23/2023,Oregon
1522,Katherine,Garcia,(959) 571-5374 ext 73037,coreybraun@gmail.com,"5243 Ramos Prairie, Ashleystad, NY 31481",10/18/2023,New York
1523,Lynn,Golden,(022) 508-8219 ext 47357,emilywilliams@yahoo.com,"64691 Nicholas Locks, Gabrielmouth, AL 72908",11/28/2015,Alabama
1524,William,Garner,(380) 356-0218,brownkelly@ball.com,"USNS Miller, FPO AE 10948",5/18/2021,Army
1525,Edward,Long,(493) 324-3933,umiller@joyce.com,"PSC 8165, Box 4167, APO AE 96527",9/8/2016,Army
1526,Daniel,Miller,(061) 965-1894,fisherpatricia@palmer-wood.biz,"666 Cole Ford, Port Rebecca, NE 28069",1/8/2019,Nebraska
1527,Johnathan,Jacobson,(304) 290-8638 ext 837,amycannon@yahoo.com,"845 West Station Apt. 672, Patrickmouth, VA 64924",2/23/2025,Virginia
1528,Jessica,Frost,(058) 225-3546 ext 508,jeremy18@williams-smith.com,"5268 Fisher Plains, New Mike, FL 66020",1/16/2017,Florida
1529,Justin,Parker,(799) 286-7574 ext 817,hansonbrittany@hotmail.com,"USNV Dickerson, FPO AE 33398",10/15/2021,Army
1530,Joseph,Burgess,(372) 631-1756,sandersamanda@hotmail.com,"3864 Jenna Rapids Apt. 968, New Julie, MD 99783",3/8/2025,Maryland
1531,Jason,Carpenter,(941) 672-3416,laurenmcdaniel@hotmail.com,"626 Anne Burg Suite 968, Pricestad, DC 72039",1/12/2025,District of Columbia
1532,Victoria,Clark,(008) 800-9574,whitneyalexandria@harmon-brown.com,"8412 Larry Hollow Suite 275, Chenport, AK 19714",11/30/2022,Alaska
1533,Justin,Kelly,(717) 123-7856 ext 1829,holly24@hotmail.com,"25636 Jessica Lake, Walkerberg, ID 26089",9/10/2021,Idaho
1534,Mary,Fernandez,(589) 527-0176 ext 1716,helen86@gmail.com,"80403 Myers Squares Apt. 909, North Kathrynport, NC 70574",8/30/2024,North Carolina
1535,Susan,Brown,(311) 224-1307,chad15@martinez.info,"5454 Sarah Throughway Suite 298, Michaelaport, AZ 39196",9/2/2017,Arizona
1536,Brittany,Miller,(369) 765-7465,jeffrey18@yahoo.com,"PSC 4306, Box 6390, APO AE 64799",3/7/2017,Army
1537,Richard,Wagner,(019) 109-2003,josebrown@hotmail.com,"5723 Charles Plains Suite 384, South Kennethborough, MA 89339",7/5/2017,Massachusetts
1538,Donna,Garcia,(467) 340-8940,hernandezmelanie@gmail.com,"992 Cheyenne Fort, Hernandezport, MA 77564",2/25/2019,Massachusetts
1539,Kara,Bryant,Invalid Data,wheelerandrew@mathews.com,"2897 Burgess Falls, South Stacey, SD 90478",6/11/2017,South Dakota
1540,David,Bush,(506) 942-3530 ext 01970,miranda63@yahoo.com,"379 Kimberly Forge Apt. 861, East Randall, OH 62483",10/4/2017,Ohio
1541,Christopher,Stark,(146) 278-6840,marissawagner@gmail.com,"USNV Dickson, FPO AA 43393",2/16/2024,Army
1542,Kevin,Yates,(389) 706-2315 ext 862,charleschristine@gmail.com,"562 Elizabeth Plains Suite 389, Phillipchester, AL 50766",4/29/2016,Alabama
1543,Mary,Hayes,(962) 255-5194,breed@hotmail.com,"419 Mitchell Corner Apt. 534, Smithhaven, NY 87126",1/7/2025,New York
1544,Ralph,Buchanan,(922) 494-2103,canthony@hotmail.com,"94302 Porter Falls, Vaughnmouth, AR 96791",6/1/2024,Arkansas
1545,Stephanie,Smith,(687) 317-0107 ext 07398,yhicks@hotmail.com,"22225 Susan Avenue Apt. 755, Jenningsberg, WV 81197",7/25/2018,West Virginia
1546,Joy,Wells,(292) 405-3646 ext 73077,cquinn@nichols.com,"183 Kimberly Loop Apt. 964, Jenniferberg, NJ 68943",6/5/2017,New Jersey
1547,Tyler,Scott,835988413,shane21@hotmail.com,"49287 Ryan Parkways Apt. 592, Wilsonmouth, WV 16301",7/19/2021,West Virginia
1548,Ronald,Foley,(563) 067-2504 ext 3756,hopkinsraymond@owens-schaefer.biz,"094 Jones Point, Johnsshire, MI 55144",1/14/2025,Michigan
1549,William,Mathews,(077) 182-7702,smithbrandy@hotmail.com,"2680 Mcdonald Forges, North Jaredborough, TX 15999",3/18/2020,Texas
1550,Joy,Goodman,(515) 649-6769 ext 9670,cbrown@hotmail.com,"91884 Moody Parkways, New Anthonybury, NC 01399",12/11/2019,North Carolina
1551,Ashley,Phillips,(879) 498-0304 ext 155,joseph90@hotmail.com,"728 Nicholas Square Suite 233, Lake Ryan, WI 55166",4/20/2016,Wisconsin
1552,Jill,Knox,(656) 106-7546 ext 0365,christopher33@rivera.com,"8098 Kerr Drive Apt. 477, Lake Laurastad, NE 21070",10/22/2018,Nebraska
1553,Emily,Guerrero,(572) 067-6707 ext 6007,kayla08@thomas.com,"3933 Marie Island, Lake Colleen, MS 23642",7/30/2016,Mississippi
1554,Jeffrey,Long,(473) 445-0496,sarah70@gmail.com,"99463 Justin Well, New Valerie, MO 51958",5/26/2017,Missouri
1555,Bonnie,Matthews,(251) 001-4759,sullivanbrenda@yahoo.com,"1361 Reid Loop, North Cynthia, AL 20114",2/5/2018,Alabama
1556,James,Nelson,(972) 927-8552 ext 7716,tharris@ferguson.info,"67447 Latasha Mill Suite 043, Allenbury, OR 76186",3/5/2022,Oregon
1557,Krystal,Simon,(909) 818-6440 ext 461,angel24@thornton-white.com,"54562 Mary Circles, Ashleyport, KY 99581",5/30/2017,Kentucky
1558,Jacob,Donovan,(602) 289-9614 ext 4034,karacurtis@ramirez.org,"1495 Bradley Ford, Jeffreymouth, WY 17857",3/1/2019,Wyoming
1559,Angela,Gutierrez,(776) 691-8837 ext 781,swansonjennifer@campbell.com,"09342 Travis Parkway, Carolshire, WI 82937",8/19/2019,Wisconsin
1560,Erin,Davis,(648) 580-1914 ext 375,sara80@knapp-thomas.com,"0086 Williams Heights, Troyfort, NV 41918",7/24/2019,Nevada
1561,Katherine,Ramirez,(549) 169-6596 ext 847,lewisjesse@gmail.com,"10105 Carter Center Apt. 886, Avilaberg, MS 76464",9/17/2022,Mississippi
1562,Mary,Hardy,(058) 388-2784,donnawilson@clark.com,"PSC 0109, Box 0752, APO AE 58672",2/6/2016,Army
1563,Michael,Pratt,(399) 389-5019 ext 288,mcolon@butler.net,"32244 Gary Roads, Johnfort, NV 52852",12/15/2024,Nevada
1564,Kara,Manning,(400) 211-9703 ext 719,ortegaandrew@yahoo.com,"2946 David Heights, Stephaniehaven, NY 18002",6/26/2023,New York
1565,Nancy,Gallagher,(647) 830-3540 ext 166,gregory68@yahoo.com,"91388 Welch Manor, East Makaylaberg, IL 65975",8/17/2017,Illinois
1566,George,Dominguez,(671) 392-7033 ext 69204,lopezgloria@yahoo.com,"411 Sharon Well Suite 054, New Malloryborough, RI 52698",7/21/2022,Rhode Island
1567,Holly,Scott,(201) 656-1261,sarahgarcia@bryant.com,"273 Daniel Circles Apt. 834, Hillton, NJ 94643",6/5/2019,New Jersey
1568,Katie,Carrillo,(777) 687-5199 ext 281,robertsmariah@thornton.com,"9109 Murphy Creek Suite 708, East Sharon, CO 81736",10/11/2016,Colorado
1569,Jonathan,Torres,(482) 076-5655 ext 527,wilkersonchristy@clark.com,"110 Melissa Plains, Andrewsport, MN 42463",1/14/2018,Minnesota
1570,Dennis,Patterson,(455) 777-4107,eschmidt@hotmail.com,"83824 Rachel Circles, West Alexton, AR 28909",8/26/2017,Arkansas
1571,Kenneth,Johnson,(346) 398-4534 ext 63012,valeriebentley@brown.biz,"09988 Williams Drive, East Carlaside, MA 67295",7/29/2020,Massachusetts
1572,Julie,Meyers,(474) 399-4343 ext 2488,michaelsalinas@gmail.com,"90508 Shannon Turnpike, Rossview, SC 27470",2/28/2023,South Carolina
1573,Ryan,Jones,(758) 444-5362 ext 710,mfranco@hall.org,"79764 Simpson Mission, New Mackenzie, MO 26926",8/15/2024,Missouri
1574,Robert,Adams,(638) 006-6813,clarknancy@hotmail.com,"8629 Lydia Trail Apt. 242, Santiagofurt, DC 43449",2/7/2018,District of Columbia
1575,Anthony,Morris,(139) 184-1850 ext 44524,walkerkimberly@larson.net,"1919 Jimmy Alley, West Peggyside, FL 05308",5/30/2015,Florida
1576,Megan,Sullivan,(400) 081-4299,denise00@yahoo.com,"404 Jones Squares, Escobarport, VT 83926",8/9/2022,Vermont
1577,Dorothy,Nelson,(269) 199-9735 ext 156,heather80@gmail.com,"1830 Elizabeth Village Suite 533, East Michelle, CT 93082",7/20/2018,Connecticut
1578,Diane,Campbell,(974) 027-8507,biancalopez@harmon.com,"USCGC Tran, FPO AE 80349",4/25/2025,Army
1579,Chloe,Hoover,(502) 819-7157 ext 108,randyhenry@merritt.com,"PSC 7039, Box 5284, APO AA 58367",3/2/2017,Army
1580,Thomas,Huerta,(708) 663-5941,campbellkaren@hotmail.com,"USS Herring, FPO AE 00995",1/22/2021,Army
1581,Crystal,Castro,(675) 026-4393,scott80@yahoo.com,"59115 Levine Vista, Tracyborough, SC 47785",12/14/2017,South Carolina
1582,Amanda,Armstrong,(519) 031-2882 ext 08782,ericksonveronica@sanchez-wright.info,"041 Davenport Trace, Calebburgh, KY 12861",3/10/2019,Kentucky
1583,Jamie,Stevens,(664) 490-1293 ext 27731,scoleman@yahoo.com,"6881 Phillips Park Suite 127, Ashleyville, OR 91702",4/24/2018,Oregon
1584,Katherine,Harper,(101) 116-0161 ext 54954,carrie71@ward.com,"51016 Santos Islands Apt. 133, Armstrongberg, IL 40960",2/14/2022,Illinois
1585,Jennifer,Snow,(770) 477-2116,patrick06@miller.biz,"7078 Rachel Parks, East Dennis, DC 21862",12/2/2024,District of Columbia
1586,Samantha,Mullins,(594) 788-5497 ext 0579,dianelyons@carroll.com,"7590 Hunt Roads Suite 202, Claudiaview, NV 05017",4/11/2018,Nevada
1587,Kevin,Wheeler,(296) 396-3304 ext 9176,kirk99@hotmail.com,"5542 Alicia Pines Apt. 462, Lake Tamara, TX 72529",6/11/2023,Texas
1588,Kelly,Martinez,(284) 391-7793 ext 8997,ylynch@yahoo.com,"655 Jimmy Fields Apt. 048, East Michaelview, MO 10241",9/2/2022,Missouri
1589,Michael,Hall,(044) 407-6707,stephaniecurtis@brooks.net,"USNS Cabrera, FPO AE 01199",9/5/2023,Army
1590,James,Meyer,(481) 500-5817 ext 0988,mbrown@hotmail.com,"336 John Flats, South Walter, MS 49111",4/21/2023,Mississippi
1591,Joseph,Mitchell,(392) 510-0426,hayesjesus@richardson-walker.com,"87375 Jennifer Island, Mannton, WY 88944",10/27/2020,Wyoming
1592,Alejandra,Hamilton,(855) 216-5447 ext 864,krodriguez@ross.com,"6235 Phillip Haven, South Carl, LA 82558",12/1/2024,Louisiana
1593,Jared,Sanchez,(083) 453-2249 ext 156,martinezvictor@myers.com,"35605 Allen Pine Suite 864, Jenkinsfurt, VT 25657",11/9/2024,Vermont
1594,Peter,Bradshaw,(516) 766-4093 ext 541,riveraadam@sanchez.com,"7004 Williams Dam Suite 846, Port Michael, TN 73451",6/17/2015,Tennessee
1595,Matthew,Fernandez,(598) 885-7618 ext 277,cduran@hotmail.com,"126 William Centers, Port Joshua, IN 13150",1/21/2020,Indiana
1596,Allison,Tran,(639) 669-1619 ext 521,xrangel@young.org,"6679 Gardner Squares Suite 884, Port Kevin, FL 06880",6/14/2017,Florida
1597,Joseph,Jones,(599) 995-7207 ext 176,staceysmith@gmail.com,"06178 Kimberly Villages Apt. 814, Mccormickton, AR 25610",6/21/2018,Arkansas
1598,Mary,Pham,(169) 690-8981 ext 512,fernandeznathan@yahoo.com,"47220 Ashlee Drives, Romeroland, CT 94217",2/2/2024,Connecticut
1599,Kristina,Hanson,(484) 821-5648 ext 489,joseharvey@jones.info,"690 Jennifer Oval, New Georgeburgh, MI 73240",4/19/2023,Michigan
1600,Megan,Fowler,(468) 993-9887,beth57@yahoo.com,"9565 Gary Unions, Joelmouth, DC 76323",9/9/2018,District of Columbia
1601,Samantha,Evans,(600) 375-3718 ext 6265,david99@gmail.com,"92815 Douglas Burg Apt. 323, Sandrastad, HI 94039",8/26/2018,Hawaii
1602,Richard,Moore,(360) 477-8688 ext 5919,vmack@hotmail.com,"896 Alyssa Point Apt. 650, Scotthaven, MT 20371",11/22/2022,Montana
1603,Kelly,Lee,(706) 260-0213 ext 361,wbennett@yahoo.com,"36427 Green Creek Apt. 413, Lake Christineburgh, VT 87229",9/24/2023,Vermont
1604,Jeffrey,Little,(614) 782-9694 ext 2202,tracy17@gmail.com,"518 Carol Island Apt. 389, Josephfurt, ND 71585",11/20/2020,North Dakota
1605,Jamie,Carrillo,(030) 877-1078 ext 392,acook@massey-sanford.com,"7282 Ruben Row, North Jason, IL 52414",7/23/2022,Illinois
1606,Cassandra,Martin,(639) 390-8709 ext 5901,normanjason@yahoo.com,"730 Dustin Pike, Andersonshire, NV 29268",4/18/2024,Nevada
1607,Amanda,Thomas,(029) 539-6197 ext 07756,peter83@heath-nelson.com,"7193 Adam Prairie Apt. 455, Juliefort, MI 42569",5/24/2024,Michigan
1608,Carlos,Jacobs,(961) 479-2894 ext 594,tylergomez@galvan.org,"Unit 0252 Box 1372, DPO AA 71566",8/3/2017,Army
1609,Samuel,Schultz,(963) 938-5408,nunezaudrey@yahoo.com,"936 Brown Plaza, Lake Michaelside, AR 43860",11/7/2020,Arkansas
1610,Brandon,Maxwell,(002) 357-7965,sjuarez@gmail.com,"USCGC Rios, FPO AA 03693",1/15/2024,Army
1611,Jacob,Foley,(810) 536-7551 ext 422,brianna02@gmail.com,"0567 Perez Summit Suite 203, Port Juanberg, GA 09939",7/11/2017,Georgia
1612,Rickey,Hall,(530) 582-6871,james79@payne-guzman.net,"76169 Jonathan Landing, North Ryan, CT 31998",4/29/2022,Connecticut
1613,Vanessa,Wong,(621) 810-0952 ext 1437,stewartdylan@little.biz,"1408 Gonzalez Junction, Rebeccastad, ND 33774",5/23/2019,North Dakota
1614,Roger,Sweeney,(404) 833-4887,ramseytheresa@howard-david.com,"4239 Carol Parks, Wyattmouth, FL 98631",3/15/2022,Florida
1615,April,Lewis,(322) 895-0071,kylejohnston@jackson.com,"44964 Michael Walks Apt. 689, Arnoldburgh, FL 53575",5/27/2016,Florida
1616,Kelly,Long,(542) 909-8846 ext 431,raymond36@hotmail.com,"01879 Timothy Way Apt. 748, North Dominiqueshire, WA 83730",4/8/2024,Washington
1617,James,Lynch,Invalid Data,robert56@gmail.com,"61272 Glover Fort, East Natashaland, ND 55305",4/1/2016,North Dakota
1618,Jared,Davis,(167) 976-4157 ext 6654,amymarsh@cervantes.com,"24090 Jerry Park, Merrittchester, FL 16163",8/17/2021,Florida
1619,Tammy,Ortega,(282) 153-0664,sharonedwards@yahoo.com,"604 Bell Trail Suite 458, Staceyview, OK 11060",1/6/2021,Oklahoma
1620,Eric,Wood,(889) 439-3075 ext 44297,monicajohnson@olson.com,"1188 Elizabeth Light Suite 814, Johnside, NY 04306",12/24/2020,New York
1621,Kari,Mckenzie,(849) 753-1046,sanderslori@hotmail.com,"584 Stephanie Radial, Deniseshire, AZ 94629",2/11/2020,Arizona
1622,Cody,Kline,(851) 285-4950 ext 0682,rcarter@mcbride-lawson.com,"PSC 8449, Box 2766, APO AA 17974",8/10/2021,Army
1623,Jamie,Snyder,(090) 665-3359,gramirez@robinson.com,"65793 Ayala Mountains Suite 066, Jenniferchester, GA 63425",4/23/2020,Georgia
1624,Brandon,Zimmerman,(215) 303-9785,awaller@freeman.org,"040 Hannah Mountains Apt. 313, Lake Dawn, WA 22194",7/28/2019,Washington
1625,William,Riddle,(380) 338-1519 ext 636,joel22@avila-gray.com,"28737 Harris Plaza, Adamsside, NM 77816",4/20/2016,New Mexico
1626,Phillip,Mclean,(458) 247-6498 ext 11777,oharris@yahoo.com,"01652 Greene Centers Apt. 268, Dawnton, RI 47954",2/28/2021,Rhode Island
1627,Laura,Jimenez,(663) 311-7494 ext 970,whitevanessa@rocha.biz,"8278 Green Locks Apt. 824, Lake Andreaport, SD 88002",4/20/2016,South Dakota
1628,Mary,Rojas,(551) 988-3665,qpowers@gmail.com,"Unit 6595 Box 6874, DPO AA 50269",12/26/2023,Army
1629,Alyssa,Dixon,(573) 920-8908,xgonzales@gmail.com,"80032 Hernandez Lakes, New Rhondachester, FL 68871",1/10/2025,Florida
1630,Hunter,Underwood,(249) 518-6989,jason34@yahoo.com,"013 Jennifer Hollow, Rodriguezside, NM 38594",12/28/2019,New Mexico
1631,Tamara,Clements,(095) 977-3648 ext 65536,wilsontimothy@lowe.com,"909 Oneill Bypass Suite 078, Brianstad, LA 45040",11/25/2024,Louisiana
1632,Kimberly,Lee,(595) 537-3409 ext 24190,hgross@hotmail.com,"245 Valerie Locks Suite 058, Anthonyview, AR 49573",11/20/2017,Arkansas
1633,Lawrence,Nelson,(634) 854-2369,emcdonald@perez-harris.com,"974 Tyler Manor, Louischester, NE 49735",11/28/2022,Nebraska
1634,Michael,Keith,(575) 597-7052,kellytorres@howard.com,"46453 Kim Mall, South Leslie, MA 93017",6/2/2022,Massachusetts
1635,Christopher,Mccormick,Invalid Data,mmurray@yahoo.com,"95832 Elizabeth Dale, Jenningsview, IN 39416",7/15/2024,Indiana
1636,Wesley,Walker,(542) 133-6066 ext 873,kimmaria@sanders.com,"33156 Carter Highway, Garcialand, KY 53467",2/25/2019,Kentucky
1637,Jamie,Newton,(039) 478-9190,breweraustin@hotmail.com,"8064 Jared Route, North Deannaton, SC 70346",9/1/2022,South Carolina
1638,Scott,Richards,(324) 358-3592 ext 775,richard85@gmail.com,"4045 Rodriguez Shore, North Janet, NV 48302",12/14/2022,Nevada
1639,Douglas,Edwards,(689) 635-2635 ext 3872,kristenlynch@allen.com,"7445 Banks Causeway, Loganstad, OH 65265",1/13/2022,Ohio
1640,Pamela,Wheeler,(262) 528-5950 ext 5535,crossalexander@strickland.net,"28546 Brady Vista, Lake Richard, FL 59229",7/7/2020,Florida
1641,Joshua,Thomas,(564) 657-2081 ext 09931,timothyduncan@day-peters.com,"6176 Dennis Trail Apt. 983, East Sarahville, AL 48556",11/1/2023,Alabama
1642,Angela,Nelson,(338) 897-1031 ext 755,amanda98@bell.com,"62587 Shannon Rapid, North Darrellton, AL 32344",2/12/2024,Alabama
1643,Michael,Knight,(424) 469-1281 ext 50536,wstokes@johnson-bowen.biz,"830 Smith Bridge Suite 882, Caroltown, NE 02580",5/31/2018,Nebraska
1644,Bradley,Mitchell,(226) 369-4492 ext 6532,mariahill@watts-carlson.com,"2828 Avila Vista, New Ericchester, WY 95429",4/7/2018,Wyoming
1645,Andre,Baxter,(765) 068-5172 ext 29350,howardmegan@hotmail.com,"74212 Jacob Shoal Apt. 730, Harperville, CO 40783",12/11/2021,Colorado
1646,Michael,Gibson,(149) 251-8230 ext 915,qmitchell@hernandez.org,"8339 Andrea Canyon, New Jason, FL 23257",5/27/2023,Florida
1647,Sarah,Baker,(521) 458-2872,sarah18@yahoo.com,"99748 Harris Springs, Johnsonton, MN 36177",12/27/2023,Minnesota
1648,Ruben,Young,(560) 210-7700 ext 5939,johnathanbriggs@hotmail.com,"426 Stefanie Knoll Apt. 369, Taylorland, VA 00636",2/10/2022,Virginia
1649,Brandi,Morales,(823) 355-4141 ext 6340,tommymiller@gmail.com,"256 Felicia Crossroad Suite 531, Taylorport, TN 05384",3/14/2019,Tennessee
1650,Sarah,Brown,(715) 022-8431 ext 4770,shanedavis@gmail.com,"2912 Shelby Bypass Suite 785, West Jessicaberg, OH 04076",9/23/2021,Ohio
1651,Christopher,Santiago,(301) 422-8560,jonathanbates@gmail.com,"Unit 7575 Box 7498, DPO AE 97727",10/29/2018,Army
1652,Taylor,Jones,(229) 421-9525 ext 08515,stacymartin@gmail.com,"6533 Ryan Hills Apt. 497, East Danny, WA 04795",8/24/2020,Washington
1653,Sara,Harris,(507) 857-4196 ext 114,caseywilliam@yahoo.com,"8094 Turner Mountains Apt. 883, New Jorge, TN 81838",12/17/2021,Tennessee
1654,Caroline,Salas,(084) 660-7062,zschmidt@gmail.com,"89993 Anthony Cape Suite 688, East Andrea, CT 31510",6/1/2023,Connecticut
1655,Brian,Taylor,(208) 676-2537 ext 833,williamsjacqueline@yahoo.com,"67717 White Skyway Apt. 098, Sethhaven, TX 13274",12/14/2019,Texas
1656,Crystal,Gray,(232) 568-0145,bruce58@johnson.info,"477 Tiffany Street, Lake Michelleburgh, AZ 49675",12/1/2015,Arizona
1657,Jared,Thompson,(759) 556-0729 ext 897,andersonvickie@gmail.com,"60643 Jackson Row, South Michaelfort, FL 72169",2/24/2016,Florida
1658,Christy,Nelson,(352) 349-3739,suzannenunez@yahoo.com,"7435 Meghan Plains Suite 087, North Lindaside, TN 96103",9/6/2016,Tennessee
1659,Michael,Gonzalez,(506) 930-9388,georgebradley@yahoo.com,"212 Jessica Hollow, North Renee, MO 11597",12/15/2019,Missouri
1660,Michael,Barron,(023) 897-1274 ext 9407,bowenjustin@hotmail.com,"848 Jorge Unions Suite 525, West Nicolemouth, WA 95090",9/10/2016,Washington
1661,Carl,Campbell,(988) 496-0831 ext 262,rodney11@brown.com,"5463 Shelby Groves, New Jared, NJ 14018",8/30/2024,New Jersey
1662,Brianna,Rodgers,(713) 342-6236 ext 43707,georgebartlett@washington-garcia.com,"65868 Rachel Ferry, West Thomasmouth, TX 59287",10/14/2015,Texas
1663,Mike,Richardson,(277) 916-5577 ext 9728,jpatton@hotmail.com,"22349 Williams Heights Suite 433, North Raymondstad, MN 96048",6/24/2021,Minnesota
1664,Mary,Mullins,(746) 083-9111 ext 6421,baxtercaroline@kelly.com,"98978 Cooper Corner Suite 492, Hayleytown, ID 92406",10/16/2023,Idaho
1665,Donna,Patel,Invalid Data,pkeller@yahoo.com,"40070 Jordan Forges, Kennethmouth, WI 63771",9/18/2021,Wisconsin
1666,Jessica,Thompson,(007) 021-2708 ext 34450,ilong@yahoo.com,"904 Lopez Corner, Davenportview, DE 77319",8/20/2023,Delaware
1667,Cynthia,Edwards,(519) 583-2843 ext 019,bhansen@gmail.com,"025 Maddox Cliffs Apt. 391, Walshland, MD 73707",1/17/2024,Maryland
1668,Lauren,Hodge,(513) 007-6342 ext 5986,stevensalexis@hotmail.com,"856 Ho Centers, Port Kathleen, MN 01368",3/26/2018,Minnesota
1669,Meghan,Diaz,(230) 659-7010,robert75@hotmail.com,"4865 Deborah Island Apt. 799, Jonesburgh, MD 28307",12/25/2023,Maryland
1670,Patricia,Johnson,(143) 051-1116 ext 364,rowejeremy@gmail.com,"410 Brent Fields Suite 418, North Susan, IN 68347",3/20/2016,Indiana
1671,Sean,Clements,(825) 219-5807,davispatrick@hill-goodwin.info,"552 Alexander Vista, Johnside, VT 56431",2/3/2022,Vermont
1672,Stephen,Alexander,(378) 858-9409,evansmichael@wilson.biz,"378 David Mill Apt. 138, Nunezfort, OK 91098",4/6/2017,Oklahoma
1673,Dean,Allison,(684) 005-0410 ext 065,malvarez@horn.com,"691 Lynn Flat Suite 541, East Katie, WI 18431",2/5/2016,Wisconsin
1674,Melanie,Robinson,(502) 452-7381 ext 9621,jesusstewart@gmail.com,"56426 Willie Brook Suite 798, Thomasville, MN 77850",11/8/2021,Minnesota
1675,Nathan,Walker,(260) 850-1639 ext 089,kevin87@yahoo.com,"0260 Bernard Extensions Suite 916, Alexanderside, UT 27864",12/12/2015,Utah
1676,Jimmy,Benson,(290) 028-3070,nsoto@walsh-anderson.biz,"5699 Williams Gardens Apt. 417, South Elizabeth, NJ 14743",2/19/2024,New Jersey
1677,Meghan,Bennett,(956) 265-8914,jenniferkelly@miranda.org,"2452 Bill Street, Crystalstad, MI 39248",12/31/2015,Michigan
1678,Christopher,Barber,(119) 855-8166 ext 725,russell75@yahoo.com,"7321 Molina Trace Apt. 020, Kellytown, CO 69043",7/3/2024,Colorado
1679,Jonathan,Potter,(109) 543-7968 ext 2364,floresbrenda@gmail.com,"567 Martinez Landing Suite 736, Deannaside, UT 75149",6/21/2018,Utah
1680,Zachary,Jenkins,(745) 813-3789 ext 303,randy84@holloway.net,"USNS Young, FPO AA 45602",6/21/2017,Army
1681,Glenn,Cox,(033) 479-1272,armstrongraymond@atkins.net,"108 Sanchez Roads, North Jessica, FL 97048",11/19/2017,Florida
1682,Jason,Price,(853) 675-0211,tina75@terry.com,"9257 Drake Track, Shaunbury, GA 50232",12/5/2024,Georgia
1683,Brent,Ruiz,(516) 780-9776 ext 0485,sknight@henderson.com,"461 Nicole Lodge Apt. 316, Smithville, NC 71542",6/15/2020,North Carolina
1684,Collin,Williams,(221) 389-2878,uoliver@mann-thomas.com,"PSC 8554, Box 5669, APO AE 05055",6/17/2017,Army
1685,Nancy,Rhodes,(925) 296-9534 ext 10624,smcgee@gmail.com,"75245 Rachel Summit, Peterborough, CO 67746",4/23/2018,Colorado
1686,Veronica,Wilson,(144) 726-3034 ext 967,maria58@clements.info,"13351 Michael Lane Suite 766, New Kimberly, KY 55221",12/31/2017,Kentucky
1687,David,Morris,(509) 195-4098 ext 529,lauravazquez@hernandez.org,"090 Eric Lake Apt. 790, Laneborough, OR 79830",11/29/2022,Oregon
1688,David,Gardner,(766) 587-8020 ext 7316,roberttaylor@hotmail.com,"7213 David Forge Suite 973, South Rodney, IL 31385",8/10/2022,Illinois
1689,Edward,Blackwell,(374) 709-7846 ext 91223,david28@smith.com,"971 Walter Inlet, Gibsonville, KY 25074",5/15/2015,Kentucky
1690,Sarah,Noble,(053) 707-7254,mjackson@oliver-johnson.com,"8756 Matthew Ford Apt. 994, New Brianchester, IA 36619",4/12/2021,Iowa
1691,Elizabeth,Bowman,Invalid Data,abbotthayden@butler.com,"26633 Thompson Mission Apt. 838, East Devinmouth, NJ 93402",1/22/2021,New Jersey
1692,Brian,Mckay,(335) 840-9216,michaelgill@ross-gonzalez.net,"5651 Thomas Path, Michaelbury, VA 78235",4/25/2021,Virginia
1693,Sheila,Simpson,Invalid Data,christinesmith@gmail.com,"2986 Kevin Branch Suite 423, Rogersbury, HI 44388",2/17/2020,Hawaii
1694,Arthur,Young,Invalid Data,pmccormick@stone-hayes.com,"6482 Hogan Junction Apt. 348, Kingside, FL 28081",12/29/2017,Florida
1695,Renee,Gomez,(283) 741-7689,maria61@davis-olson.biz,"8607 Price Dam, New Karentown, WI 93892",5/20/2022,Wisconsin
1696,Ralph,Banks,(725) 352-5075 ext 23705,yshaw@yahoo.com,"PSC 3498, Box 5289, APO AP 31337",7/12/2016,Army
1697,Ashley,Thomas,(282) 252-1606 ext 46091,ravenjohnson@collins.info,"630 Steven Valleys, East Brittneymouth, NV 51022",1/21/2023,Nevada
1698,Ann,Young,(584) 397-2039 ext 19787,karenjackson@hotmail.com,"8613 Johnson Freeway, North Marybury, MN 75738",4/10/2017,Minnesota
1699,Timothy,Owens,(439) 912-7760,nicholasjones@mclaughlin.biz,"023 Trevino Spring, West Judy, CT 46276",2/28/2017,Connecticut
1700,Nathan,Clark,(305) 300-2042,willisdouglas@adams.com,"16392 Frazier Rest, New Kevin, CT 79916",12/25/2023,Connecticut
1701,Bradley,Mcfarland,(234) 871-8224 ext 243,hcooper@moon.com,"5556 Harrison Glen, Farleyshire, WY 78956",9/7/2018,Wyoming
1702,Kevin,Kelley,(006) 221-4781 ext 633,jerrygonzalez@gmail.com,"1904 Brown Freeway Suite 953, West Sandra, DC 72026",4/14/2024,District of Columbia
1703,Andrea,Long,(474) 913-2529 ext 5343,cchen@murphy.info,"989 Jennifer Via, Larsonfurt, NY 30840",6/28/2017,New York
1704,Lance,Vega,(318) 000-7028,kevin07@clark.net,"108 Morris Turnpike, Kerriburgh, GA 68923",7/20/2018,Georgia
1705,Rachel,Holmes,(883) 180-6419,wdavis@yahoo.com,"79097 Ryan Lock, Port Louis, WA 28497",7/12/2019,Washington
1706,Kimberly,Gordon,(735) 476-9957,tinaross@hotmail.com,"3068 Maria Courts, South Kara, MD 69321",11/9/2023,Maryland
1707,Jenna,Lee,(712) 898-6368 ext 9376,williewilkerson@garcia.info,"3534 Taylor Squares, Sethshire, TN 95143",8/8/2016,Tennessee
1708,Toni,Davis,(410) 021-3772 ext 6947,thorntonmichael@velazquez.net,"09113 Brittany Crescent Suite 554, New Helenside, ME 35649",11/29/2020,Maine
1709,Jill,Morgan,(000) 002-7978 ext 289,patricia45@yahoo.com,"6016 Jacobs Village Suite 821, Christiantown, NC 01905",9/2/2019,North Carolina
1710,Rhonda,Abbott,(402) 901-2659,frankortega@bird.info,"741 Anna Crossing Apt. 849, Gutierrezland, HI 63035",4/28/2017,Hawaii
1711,Jessica,Kelly,(588) 148-4799,josephedwards@petersen.com,"14134 Zachary Crossing, Nancychester, ME 78644",11/28/2024,Maine
1712,Richard,Haney,(247) 408-1059 ext 620,sjordan@yahoo.com,"760 Hahn Court, Harrisonborough, MI 60917",7/8/2017,Michigan
1713,Sean,Palmer,(499) 155-1334 ext 76542,russell60@hotmail.com,"112 Tammy Ridges, South Danielle, CT 80055",12/28/2022,Connecticut
1714,Pamela,Larson,(343) 009-1112,allentanya@hotmail.com,"82789 Hill Points Suite 067, East Shannonton, SD 34458",11/5/2016,South Dakota
1715,Renee,Peterson,(652) 407-8196 ext 4707,thompsonnichole@hurst.org,"6864 Amy Lock Apt. 710, Lake Phillipmouth, ME 97590",4/29/2018,Maine
1716,Jose,Fitzgerald,(803) 879-2533,melissawashington@love.biz,"08948 Savannah Union Apt. 611, East Danielle, OK 26995",10/31/2015,Oklahoma
1717,Steven,Mccoy,(810) 201-8741 ext 273,xmiller@brown.com,"94450 Castro Port Suite 908, North John, OH 70993",11/27/2018,Ohio
1718,Breanna,Silva,(094) 459-6039 ext 478,brownjennifer@gutierrez.com,"3288 Destiny Brooks Suite 215, Josephland, WV 54551",1/19/2019,West Virginia
1719,Kylie,Figueroa,(552) 652-1881 ext 84520,cknight@gmail.com,"686 Ramirez Springs, Port Joshua, MS 11717",10/5/2022,Mississippi
1720,Gregory,Yu,(851) 442-0689 ext 427,cpearson@hotmail.com,"60728 Zachary Village Suite 932, Philipmouth, AK 70100",6/25/2022,Alaska
1721,Holly,Moore,(610) 121-6200 ext 15790,nicole47@brady.com,"PSC 3776, Box 9044, APO AA 80119",6/16/2020,Army
1722,Brittany,James,(943) 629-9491 ext 3609,johnsonchristy@lee.info,"852 William Summit Suite 995, Amberside, MI 12327",1/1/2023,Michigan
1723,Andrew,Noble,(394) 439-4739 ext 1258,harrisondiana@price-harris.net,"Unit 2769 Box 5389, DPO AP 25922",12/26/2016,Army
1724,Molly,Dawson,(882) 334-8742 ext 46345,griffinsonya@gray-reid.com,"Unit 3641 Box 0822, DPO AA 55718",3/11/2016,Army
1725,Shannon,Garcia,(808) 813-6633 ext 263,mezazachary@salinas.com,"01829 Carol Grove Suite 731, East Javierfurt, VT 89261",9/12/2024,Vermont
1726,Ethan,Maxwell,(502) 424-5734 ext 1035,iporter@hotmail.com,"269 James Courts Suite 344, South Janice, CO 80463",7/14/2020,Colorado
1727,James,Sanchez,(282) 595-0179 ext 250,katherine40@jones.biz,"43648 Scott Expressway Apt. 788, East Andrewberg, MT 24598",4/16/2025,Montana
1728,Seth,Brown,(614) 456-4794 ext 9365,williamortiz@chang.info,"244 Lee Park, New Christopherhaven, NJ 64458",12/13/2016,New Jersey
1729,Christopher,Rice,(793) 507-7527,howellwilliam@gmail.com,"070 Diaz Unions, Jamesfurt, MS 21565",5/2/2024,Mississippi
1730,Julia,Nelson,(514) 767-4587 ext 8536,drose@ho.com,"98766 Campbell Shoal, Crawfordshire, CA 13214",3/14/2018,California
1731,James,Jacobs,29378006,vjones@gonzalez-thomas.org,"474 Hammond Road Suite 494, South Amanda, MA 47321",8/18/2016,Massachusetts
1732,Michelle,Jones,(288) 753-5566,nnelson@yahoo.com,"7435 Richmond Tunnel Apt. 877, South Robertmouth, AZ 78514",3/17/2021,Arizona
1733,Deborah,Myers,(639) 460-2838 ext 308,wrightjessica@russell-kane.com,"181 Ashley Crescent Suite 054, Kimborough, ME 95000",5/23/2023,Maine
1734,Chase,Davis,(224) 608-2471,josephdrake@hotmail.com,"933 Alexandra Lakes, East David, CO 26881",6/28/2017,Colorado
1735,Jonathan,Fitzpatrick,(622) 561-5223 ext 593,yorkdevon@walter.com,"7427 Cynthia Viaduct Suite 108, East Rebeccaburgh, CT 96197",8/6/2018,Connecticut
1736,Katie,Jones,(995) 078-4745 ext 5236,gaylauren@combs.biz,"3830 Sanders Squares, New Davidhaven, NJ 73399",2/17/2023,New Jersey
1737,Steven,Williams,(085) 235-5013 ext 958,katherineoconnell@yahoo.com,"88692 Mack Fords, Josestad, NJ 95196",6/1/2015,New Jersey
1738,Heather,Wells,(869) 022-8279 ext 53529,xproctor@holt-reed.biz,"8978 Sandy Shores, Mariatown, LA 48271",12/23/2018,Louisiana
1739,Joseph,Miller,(639) 666-6550 ext 9827,kevin51@hotmail.com,"557 Cobb Cape, North Patrick, IA 91016",1/8/2020,Iowa
1740,Steven,White,(577) 899-6477,qyoung@anderson.com,"PSC 0669, Box 0909, APO AA 22398",3/14/2023,Army
1741,Joshua,Greene,(184) 195-0618 ext 96377,kristinwilliams@gmail.com,"14541 Green Cape, North Jessica, WI 78787",7/31/2024,Wisconsin
1742,Philip,Brown,(143) 530-9237,piercealexander@hotmail.com,"PSC 8149, Box 1767, APO AP 73446",10/8/2020,Army
1743,Tracy,Hernandez,(366) 601-5375,elee@austin-washington.com,"05185 Carpenter Lodge, Blakeville, MT 37986",8/16/2019,Montana
1744,Victoria,Jackson,(708) 687-4180,jesseclark@sanchez.org,"18332 Oscar Tunnel, Andersonberg, MT 21531",5/24/2020,Montana
1745,Anthony,Ramirez,(902) 101-9641 ext 468,christina74@thomas.com,"82841 Tracy Bypass, Pamelamouth, MT 70212",6/14/2023,Montana
1746,David,Davila,(053) 399-2018 ext 162,samanthalee@hotmail.com,"900 Mejia Wall, Herreraside, WI 78742",5/9/2018,Wisconsin
1747,Kimberly,Weiss,(977) 931-8318,ambermitchell@hotmail.com,"63339 Lisa Loaf Apt. 168, Parsonsland, FL 37673",7/11/2016,Florida
1748,Wesley,Hunt,(668) 850-5395 ext 1204,bryan05@yahoo.com,"080 Heather Point, South Katherinemouth, HI 86687",4/25/2018,Hawaii
1749,Anthony,Sims,(456) 274-7796,tgarcia@garcia.biz,"2478 Adrian Brook Suite 831, Woodsland, LA 63375",3/21/2020,Louisiana
1750,Christopher,Simmons,(850) 954-6098 ext 7386,meyermark@hotmail.com,"2556 Gary Lane Apt. 499, Staffordside, NC 15879",6/3/2018,North Carolina
1751,Rebecca,Collins,(512) 926-3486 ext 35941,ijohnson@hotmail.com,"55085 Barrera Run, South Joanne, UT 27462",2/6/2019,Utah
1752,Cindy,Moore,(469) 449-8991 ext 30424,vwheeler@gmail.com,"USNV Melendez, FPO AP 72303",4/1/2023,Army
1753,Colton,Golden,(032) 132-3824 ext 8172,kellycampbell@johnson-gray.com,"80129 Stacy Cove Apt. 707, Simsport, CO 35800",5/13/2021,Colorado
1754,Michael,Cooper,(166) 587-5053 ext 15225,robert10@yahoo.com,"003 Kim Stravenue Apt. 741, Port Jean, SC 65634",12/10/2016,South Carolina
1755,Joshua,Blevins,(067) 797-5905 ext 03386,hesparza@powell.com,"028 Wilson Mews Suite 786, North Amandahaven, MN 94275",1/13/2020,Minnesota
1756,Rebecca,Johnson,(605) 691-5720,murphyalan@gonzalez-miles.net,"94564 Travis Points, Ryanville, MI 83383",1/10/2022,Michigan
1757,Timothy,Dunlap,(761) 833-5948,jenniferprice@hotmail.com,"7547 Palmer Key Apt. 772, West Meredith, WA 92841",7/4/2015,Washington
1758,John,Phillips,(331) 862-1712,gloverkara@jones.info,"6775 White Trafficway Apt. 203, North Matthew, NY 30178",5/13/2016,New York
1759,Rachel,Fisher,(224) 531-1788,willisjenna@tucker.com,"09310 Wood Wall, Megantown, CA 21707",11/18/2018,California
1760,Derrick,Barnes,(615) 895-9933 ext 273,samantha52@hotmail.com,"354 Emily Manors Suite 673, South Jennifermouth, MT 12385",10/29/2024,Montana
1761,Michelle,Lucas,(818) 659-7671,ryangutierrez@marsh-sosa.com,"0784 Trujillo Brook, Frenchhaven, HI 64409",11/29/2016,Hawaii
1762,Alyssa,Williams,(043) 138-5569,michelle55@white.net,"PSC 6136, Box 9517, APO AE 67478",5/30/2023,Army
1763,Nicholas,Byrd,(849) 024-2930 ext 42222,millertiffany@thomas.net,"6070 James Highway Suite 507, New Joybury, UT 13674",5/13/2017,Utah
1764,Thomas,Mendez,(686) 686-6414,jnixon@hotmail.com,"681 Kramer Isle Apt. 377, Williamsfurt, AR 70384",12/3/2018,Arkansas
1765,Cassandra,Harding,(559) 653-7757 ext 383,xmcdowell@walton.com,"9575 Lance Orchard Suite 453, East Erika, KY 31667",4/2/2021,Kentucky
1766,Joseph,Owens,(753) 686-6690 ext 78528,paul02@wolf.com,"041 Buchanan Mountains, East Johnmouth, AL 54547",6/7/2020,Alabama
1767,Ashley,Williams,(380) 518-5887,brooke78@shaw.com,"8436 Courtney Flat Suite 613, Martinezburgh, AR 02574",10/17/2023,Arkansas
1768,Kathryn,Casey,(823) 864-9931 ext 08880,raymond99@gmail.com,"801 Hughes Well Suite 434, Armstrongtown, VA 98710",2/2/2020,Virginia
1769,Melissa,Peterson,(555) 164-3985 ext 697,gonzalezjennifer@hotmail.com,"61482 Collins Mills, North Edward, MD 84869",1/18/2018,Maryland
1770,Chad,Jackson,(160) 443-9869 ext 316,hholder@roberts-jones.com,"77838 Danielle Terrace Suite 350, Moorechester, AL 67141",11/2/2021,Alabama
1771,Amy,Leon,(647) 509-2052 ext 98103,vwilliamson@riley.org,"352 Adams Estate Apt. 716, West Rebecca, ID 66925",12/23/2022,Idaho
1772,Paul,Casey,(808) 046-8181,ashley67@hotmail.com,"06531 Melissa Parks Suite 005, Laurenburgh, GA 65013",12/8/2019,Georgia
1773,John,Phillips,(483) 587-0218 ext 557,julie08@gmail.com,"043 Chapman Fields, South Crystaltown, HI 51307",9/14/2019,Hawaii
1774,Ian,Gonzales,(277) 050-8334 ext 8503,jhogan@yahoo.com,"PSC 4732, Box 8497, APO AP 76508",8/10/2015,Army
1775,Emily,Johnson,(778) 996-3867 ext 2858,johnchang@williams-bell.info,"369 Quinn Squares Apt. 112, West Joshuaberg, OH 35242",7/29/2018,Ohio
1776,Timothy,Silva,(444) 146-3861 ext 287,howen@walter.com,"924 Sheryl Meadow, Port Jeffrey, ME 97523",3/22/2025,Maine
1777,Nicholas,Newton,(751) 293-7040,amandagardner@morales-taylor.biz,"09272 Carpenter Lake Suite 273, Sullivanborough, ND 99538",1/3/2020,North Dakota
1778,Adriana,Ewing,(605) 775-4885,eric04@yahoo.com,"0980 White Islands Suite 245, West Lesliemouth, WY 84889",12/30/2019,Wyoming
1779,Amy,Copeland,(313) 749-5166 ext 432,margaretsoto@gmail.com,"USS Bonilla, FPO AP 53290",4/12/2019,Army
1780,Omar,Esparza,(931) 700-6376,erica80@yahoo.com,"717 Carly Villages, Gregorychester, MN 53337",9/21/2020,Minnesota
1781,Gina,Patterson,(915) 777-8766 ext 9755,earmstrong@murray.com,"7809 William Ford, Haneyhaven, CO 04697",1/26/2019,Colorado
1782,William,Park,(703) 090-1453 ext 67705,snyderjonathan@peters-miller.com,"4183 Stevens Burgs Suite 930, Sarastad, TX 37250",2/28/2019,Texas
1783,Linda,Valdez,(509) 082-7015 ext 642,ipace@yahoo.com,"543 Samantha Crossroad, New Ellenmouth, PA 50143",1/24/2024,Pennsylvania
1784,Allen,Oliver,(781) 461-0590,whitesherry@baker.org,"1029 Turner Inlet Apt. 278, Lake Franciscoville, NY 70044",6/17/2022,New York
1785,Katherine,Garcia,Invalid Data,sjones@gmail.com,"52584 James Knoll Suite 050, Josephchester, CO 00566",5/16/2020,Colorado
1786,Brandon,Hines,(091) 331-9168 ext 12672,wallacejamie@dixon-moreno.org,"48235 Craig Isle Apt. 182, Richardhaven, TN 46305",7/4/2021,Tennessee
1787,Alexis,Madden,(401) 365-7543 ext 0550,ztaylor@yahoo.com,"6562 Jessica Avenue Suite 519, Kentton, MN 24417",12/8/2019,Minnesota
1788,Rebecca,Harris,170839052,barrbobby@yahoo.com,"1653 Kristen Lakes, East Benjamin, WA 95959",5/21/2019,Washington
1789,Henry,Arroyo,(729) 881-7678,shellyyoung@yahoo.com,"31640 Michele Mountain, West Rhondaville, OR 83968",5/20/2015,Oregon
1790,Jennifer,Hughes,(167) 905-2048,meghan09@yahoo.com,"9614 Bryan Ramp, West Anthonyhaven, WI 29618",5/18/2017,Wisconsin
1791,Charles,Williams,(543) 655-2570 ext 68806,johncarter@yahoo.com,"132 Cindy Forges Apt. 521, Bernardchester, UT 52830",3/20/2018,Utah
1792,Taylor,Berry,(178) 425-7470,jonesandrew@hotmail.com,"5946 Baker Pine, Liuchester, CO 14437",11/30/2021,Colorado
1793,Makayla,Jones,(520) 886-2273,katiejohnson@smith.com,"232 April Shores, Port Pamelafurt, OR 64882",3/16/2018,Oregon
1794,Beth,Barnett,(762) 839-8936 ext 680,davidbeltran@wilson-smith.com,"1731 Tina Station, Gregorytown, NH 60405",5/22/2023,New Hampshire
1795,Danielle,Rogers,(565) 508-5768,matthewwilliams@hotmail.com,"516 Berry Neck Apt. 711, Higginsmouth, FL 93038",6/26/2023,Florida
1796,Sophia,Owens,(861) 053-3909 ext 69500,moodyandrew@frederick.com,"55267 Padilla Dam, Lake Ryanborough, WI 35678",5/30/2016,Wisconsin
1797,Susan,Dixon,Invalid Data,martincheryl@cannon.com,"71527 Henry Falls, New Mindy, VA 18004",6/2/2021,Virginia
1798,Amy,Hamilton,(598) 817-8754,mark21@conley.info,"51699 Rachel Stream Apt. 808, Lake Linda, PA 57986",10/17/2024,Pennsylvania
1799,Cheryl,Cook,(221) 786-8690 ext 266,kimberlyholmes@gmail.com,"Unit 7040 Box 8615, DPO AE 20809",4/7/2018,Army
1800,Sarah,Blackburn,(889) 603-9760 ext 6260,thomas29@jones.com,"878 Snow Plains Suite 646, Williamside, TN 54957",10/24/2018,Tennessee
1801,Margaret,Mccoy,(427) 195-8412 ext 85876,bnoble@gonzalez-allen.info,"1969 Laura Lake, East Johnny, MN 20136",8/17/2023,Minnesota
1802,Sarah,Lowe,(656) 600-2541 ext 370,josemartinez@yahoo.com,"660 Anderson Views, South Thomas, TN 88611",12/16/2020,Tennessee
1803,Michael,Adams,(262) 082-1538 ext 40575,trevinorobert@jackson-davis.com,"34694 Jones Union Apt. 041, East Aliciaburgh, WY 13477",3/21/2022,Wyoming
1804,Daniel,Martin,(427) 554-7997,mike79@gmail.com,"38061 Wesley Fork, Zimmermanburgh, NE 30604",4/1/2018,Nebraska
1805,Kimberly,Bailey,(387) 749-4418 ext 5951,kevin21@jimenez.net,"6172 Jerry Brook, Watsonborough, IN 65467",5/1/2016,Indiana
1806,Jerry,Beck,(078) 092-5533,jacksonrobert@smith.com,"178 Melissa Radial, Staceyfurt, VT 35852",7/28/2018,Vermont
1807,Daniel,Barr,(173) 292-9434 ext 35760,harrisjohn@hotmail.com,"6599 Moody Ranch, South Jamesstad, LA 48453",1/17/2017,Louisiana
1808,Beth,Stone,(823) 688-4125 ext 11633,sawyeraaron@gonzalez.com,"850 David Rue Apt. 812, Jeffreytown, NJ 23877",7/31/2023,New Jersey
1809,Robert,Santana,(214) 665-7062 ext 1595,millernathan@hotmail.com,"17657 Ashley Flats, Cynthiaville, RI 26417",10/26/2018,Rhode Island
1810,Pamela,Chapman,(218) 132-1864 ext 1702,michaelwalker@yahoo.com,"0986 Carey Lock Suite 097, Mendeztown, OH 92416",2/5/2023,Ohio
1811,Sarah,Reed,Invalid Data,mariagraham@brown.info,"0935 Carter Trail Apt. 758, Lake Gregory, OH 88480",10/6/2019,Ohio
1812,Belinda,Wyatt,(337) 292-4060,adkinsscott@hotmail.com,"072 Kayla Hill Apt. 277, Suttonport, MS 41965",7/20/2018,Mississippi
1813,Michelle,Powell,(872) 086-7769 ext 67036,edwardskevin@hotmail.com,"5946 Teresa Vista, Stephaniechester, AZ 94188",8/14/2015,Arizona
1814,Jennifer,Cunningham,(363) 346-5305,jamie69@yahoo.com,"Unit 8404 Box 9474, DPO AP 58542",8/3/2021,Army
1815,Alan,Cardenas,(159) 514-6935 ext 65927,faulknermatthew@yahoo.com,"299 Wilson Plains, East Patrickville, GA 66524",9/27/2023,Georgia
1816,Nicholas,Patel,(617) 302-4176,johncooke@hotmail.com,"1013 Sexton Port, South Raymond, WI 82695",11/29/2019,Wisconsin
1817,Brandon,Davidson,(710) 958-3502,munderwood@johnson.net,"35355 Rivera Creek, Rebeccaside, AZ 71956",11/4/2020,Arizona
1818,Sean,Spencer,(371) 365-6252,caitlinalvarez@yahoo.com,"06200 Jeffrey Keys, Shawnstad, NM 32010",2/16/2017,New Mexico
1819,Madison,Delacruz,(225) 450-0406 ext 72615,cindy59@levine.net,"04614 Nicholas Stravenue, Port Samuelton, LA 11123",7/6/2021,Louisiana
1820,Jacob,Mccarthy,(759) 270-8315,mark07@garcia.com,"748 Glenn Stream Suite 853, South Travisfurt, AZ 51013",11/16/2016,Arizona
1821,Mark,Riggs,(338) 102-1926 ext 996,tstone@yahoo.com,"81195 Eric Square Apt. 371, New Nancy, ID 53329",10/21/2023,Idaho
1822,Eric,Brown,(146) 730-9410 ext 1889,nathan35@gmail.com,"40194 Robert Land, East Rodney, HI 96285",5/4/2025,Hawaii
1823,John,Bryant,(232) 157-1286 ext 4725,olsenmichael@yahoo.com,"746 Williams Fall, Katherineland, FL 34206",2/11/2020,Florida
1824,Melissa,Garcia,(019) 461-8104 ext 202,millerchad@norris.com,"224 James Village Suite 340, Olsonhaven, MO 13651",5/29/2016,Missouri
1825,Monica,Brown,(181) 398-1306 ext 141,deangonzalez@gonzalez-cortez.info,"7882 Moore Lane Apt. 150, Hollystad, AK 35000",11/11/2016,Alaska
1826,Bailey,Beck,(518) 726-8227,vrussell@hotmail.com,"39357 Gonzalez Turnpike, Anthonyfurt, IA 49698",1/8/2019,Iowa
1827,Bobby,May,(073) 499-2965 ext 386,amanda15@ward.info,"025 Katherine Skyway, Jenkinsport, VT 80209",11/9/2017,Vermont
1828,Alan,Stanton,(264) 462-6678,praymond@silva.com,"6276 Campos Lane Suite 050, East Michaelland, RI 32495",12/1/2015,Rhode Island
1829,Melissa,Sanders,(625) 747-5576,oliviawilson@hotmail.com,"012 Nathan Falls Apt. 540, Kaylaland, WA 65357",3/19/2025,Washington
1830,Corey,Jones,(365) 774-4744 ext 7515,stacyglenn@gmail.com,"7242 Danielle Passage, Ambertown, SD 96880",5/20/2023,South Dakota
1831,Brett,Potter,(655) 221-3307 ext 48341,williamstephens@butler.biz,"9580 Gonzalez Garden Apt. 244, North Kathy, MT 67782",1/21/2018,Montana
1832,Anna,Kelly,(589) 945-4607 ext 066,christopher07@butler.com,"231 Tina Spur, Lewischester, WA 87447",8/27/2017,Washington
1833,Julie,White,(311) 758-3188 ext 25230,pedroholmes@gonzalez.info,"230 Rios Roads, North Maria, TN 34191",5/30/2020,Tennessee
1834,Emily,Hull,(933) 093-8929 ext 13192,oshepherd@allen.com,"USNV Burns, FPO AA 17853",8/4/2017,Army
1835,Brian,White,(035) 891-5771 ext 441,woodronald@morales.biz,"83028 Farmer Greens, Amandaburgh, LA 13753",8/11/2023,Louisiana
1836,Emily,Cisneros,(884) 283-1215 ext 6205,robyn56@cooper.com,"427 Mary Rue Apt. 704, Port Heatherfort, WY 90581",10/2/2015,Wyoming
1837,Jeff,Mccoy,(629) 072-9798 ext 050,ashleydoyle@villegas-garcia.com,"49558 Morrison Springs Apt. 354, New David, NV 22911",4/12/2021,Nevada
1838,Brian,Reid,(197) 636-1841 ext 779,campbellsue@yahoo.com,"643 Hayes Row, Carterstad, CT 20163",8/17/2023,Connecticut
1839,Stacy,Beck,(945) 237-7777,xrodgers@diaz.com,"195 Priscilla Ferry Suite 511, Port Gary, SC 03073",2/13/2019,South Carolina
1840,Dennis,Gonzalez,(891) 846-6094,joseguzman@gmail.com,"624 Barker Union Suite 977, Port Wesleyville, WA 25075",5/21/2022,Washington
1841,Chloe,Pineda,(103) 553-4596 ext 8544,laurawilson@yahoo.com,"490 Amanda Port Apt. 618, South Cynthia, ND 20354",4/19/2021,North Dakota
1842,Francisco,Wells,(260) 444-2337 ext 76586,smithtimothy@aguilar.info,"8848 Mays Meadows Suite 868, Amandastad, WY 55915",7/6/2018,Wyoming
1843,Eric,Bishop,(644) 228-2590 ext 198,kimkevin@gmail.com,"3767 Wright Cape, New Robin, OH 94711",4/3/2023,Ohio
1844,Katherine,Johnson,(687) 906-3368 ext 7267,francisco32@hotmail.com,"09757 Doyle Skyway Apt. 948, Lake Jeffrey, MA 50152",1/3/2018,Massachusetts
1845,Keith,Brown,(936) 938-0366 ext 6286,christophersmith@hotmail.com,"01575 Young Ford Apt. 259, West Christyport, MN 70815",11/12/2018,Minnesota
1846,James,Wilson,(340) 536-3014,odixon@hotmail.com,"806 Holmes Hills Apt. 297, Ryanburgh, NC 33310",8/25/2019,North Carolina
1847,Laura,Campbell,(035) 021-2676 ext 70510,nedwards@hotmail.com,"7159 Nicholas Burg Suite 247, Port Abigail, IN 72277",6/16/2023,Indiana
1848,David,Lopez,(870) 585-3879 ext 2871,zachary45@kennedy.org,"166 Wong Locks, Port Glentown, NH 33794",11/20/2024,New Hampshire
1849,Ryan,Luna,(357) 739-6092 ext 898,millerjoseph@hester.org,"9849 Derek Forest, East Joy, MD 79552",3/15/2024,Maryland
1850,Ryan,Gray,(530) 478-8358,elizabetholson@hotmail.com,"05149 Lisa Valley, Jennifermouth, IN 07706",9/27/2022,Indiana
1851,Julie,Campbell,(367) 069-8110,owenschristopher@brewer-henry.com,"1892 Smith Viaduct Suite 190, Reedfurt, HI 37858",5/17/2022,Hawaii
1852,Cynthia,Taylor,(110) 025-6838 ext 905,oneillnancy@yahoo.com,"04829 Bradley Vista, Philliphaven, MN 86582",1/4/2016,Minnesota
1853,Amanda,Zimmerman,(575) 273-8991,aaron12@johnson.info,"036 Jackson Knolls Apt. 286, East Gerald, DC 72170",9/22/2015,District of Columbia
1854,Dennis,Weaver,(460) 997-6382 ext 8534,thompsonthomas@hotmail.com,"4378 Sydney Drive, Port Tylerborough, OH 88420",4/26/2016,Ohio
1855,Caleb,Harper,(008) 221-9261,sean63@harris.info,"914 Michelle Cliffs, Port Ashley, WY 48922",3/3/2023,Wyoming
1856,David,Davis,(909) 415-1152,lnelson@yahoo.com,"044 Christopher Burgs, West Candace, DC 67975",5/24/2022,District of Columbia
1857,Hannah,Hall,Invalid Data,rwu@richardson.com,"63897 Gary Causeway Suite 953, Kimton, TX 74884",10/17/2019,Texas
1858,David,Ray,(791) 413-1542 ext 0641,xclark@campbell.com,"2393 Strong Extensions Apt. 204, Hinesport, SC 00593",11/14/2022,South Carolina
1859,Kevin,Luna,(358) 977-7895 ext 885,scottsara@hotmail.com,"98705 Horn Vista, Laurenchester, IL 17260",9/15/2024,Illinois
1860,Daniel,Flynn,(691) 543-2544,mlee@hotmail.com,"07959 Alan Run, Dixonberg, TN 58904",12/20/2017,Tennessee
1861,Jason,Morales,(191) 548-4010 ext 65714,gregory40@dixon.com,"PSC 0135, Box 2191, APO AE 30327",2/13/2022,Army
1862,Jacqueline,Harmon,(109) 003-0280,vargasjessica@rodriguez.biz,"97653 Owens Flat Apt. 520, Martinshire, MA 07331",1/14/2019,Massachusetts
1863,Jason,King,(441) 323-5079 ext 584,qcarrillo@yahoo.com,"1436 Davis Manor, New Carrieshire, MN 24414",5/14/2022,Minnesota
1864,James,Williams,(418) 287-7336 ext 986,jeremy82@yahoo.com,"5647 Sarah Mount Apt. 700, Carolynton, ME 37358",11/7/2016,Maine
1865,Jessica,Walker,(778) 126-9313,davidnoble@norton.com,"31063 Jeremy Isle, Port Johnburgh, MT 03452",3/2/2022,Montana
1866,Sarah,Stanley,(633) 591-5897 ext 256,dennisrobert@gmail.com,"8756 Amber Trafficway, Brookston, OK 22868",4/30/2024,Oklahoma
1867,Cory,Henry,(934) 885-4722 ext 90153,ujimenez@hotmail.com,"3468 Werner Manors, North Mark, MS 09529",11/19/2020,Mississippi
1868,Kenneth,Martinez,(458) 437-7527 ext 01686,hicksmartin@gmail.com,"0988 Jones Park Apt. 405, West Charlesburgh, NY 74316",11/6/2023,New York
1869,Tracy,Simmons,(056) 974-2349 ext 38328,scott76@warren.com,"9542 Davis Rapids, Christinafort, LA 22959",10/18/2019,Louisiana
1870,Angela,Austin,(364) 204-6899,jodi14@wilson.org,"PSC 7576, Box 7537, APO AP 77068",9/14/2018,Army
1871,Sharon,Smith,(080) 512-4429,mallen@yahoo.com,"3335 Sandoval Drives Apt. 806, West James, AZ 62784",12/5/2017,Arizona
1872,Lisa,Jensen,(714) 484-5496 ext 4932,robert01@little-ross.com,"191 Laura Prairie, North Donald, WI 36711",6/18/2021,Wisconsin
1873,Madeline,Rodriguez,(028) 596-6231 ext 1634,jon91@hotmail.com,"5592 Ryan Mountains, West Maria, SD 63736",4/15/2021,South Dakota
1874,Andrew,Caldwell,(160) 928-6454 ext 4415,susan10@yahoo.com,"USNS Abbott, FPO AP 15596",8/27/2017,Army
1875,Raven,Smith,(550) 879-9305 ext 758,qblack@gmail.com,"875 Reynolds Brook, West Bradley, NJ 24665",12/7/2020,New Jersey
1876,Kenneth,Hamilton,(843) 813-1567 ext 213,colemannatalie@yahoo.com,"34732 David Falls Suite 991, Greenview, MI 06904",12/27/2015,Michigan
1877,Courtney,Clark,(880) 788-4256 ext 114,spearsmark@schultz.com,"3809 Sara Place Apt. 552, Emilymouth, RI 24252",10/18/2023,Rhode Island
1878,Janet,Underwood,(138) 491-0233,williamjenkins@gmail.com,"Unit 4954 Box 4577, DPO AP 07720",11/21/2015,Army
1879,Brandon,Barron,(778) 557-4244 ext 540,ibautista@howard.com,"615 Harris Club, West Rebecca, MT 72364",6/15/2016,Montana
1880,Shane,Cross,(730) 213-2505 ext 3237,washingtondavid@ramsey.com,"0688 Ross Shore, Michellefort, LA 44207",1/11/2024,Louisiana
1881,Jared,Lee,(601) 672-5531,leesteve@gomez.org,"3557 Heather Ville, East Adamview, IL 56963",8/12/2020,Illinois
1882,Debbie,Johnston,(628) 764-1151 ext 3769,april78@hotmail.com,"68111 Crane Harbor, North Markhaven, OK 83645",12/25/2017,Oklahoma
1883,William,Barnes,(044) 651-8946,stacey81@gmail.com,"93821 Gutierrez Circle Suite 881, Ruizshire, IL 50598",5/27/2016,Illinois
1884,Scott,Collins,(494) 271-9535 ext 0717,nhughes@yahoo.com,"96312 Cain Greens, Hugheston, HI 87285",6/30/2018,Hawaii
1885,Ryan,Nguyen,(771) 471-6390 ext 125,wilsonrachel@yahoo.com,"61287 Roth Bypass, Lopezstad, TN 94754",8/23/2015,Tennessee
1886,Allison,Combs,(830) 459-1994 ext 35239,ogilbert@johnson.com,"596 Brian Gateway, Nicoleville, DE 06654",7/19/2024,Delaware
1887,David,Nguyen,(844) 277-6318 ext 865,wcampbell@gmail.com,"PSC 0987, Box 0578, APO AP 45209",6/2/2023,Army
1888,Francisco,Hunter,(847) 835-3372 ext 2451,james55@smith.org,"0177 Tracy Loop, Anthonyland, NE 51906",10/21/2024,Nebraska
1889,Michael,Caldwell,(739) 189-8427 ext 55943,kirkbrandon@gmail.com,"03470 Mercedes Meadow, Morrowburgh, FL 91718",6/13/2021,Florida
1890,Jeremiah,Newman,(060) 001-3132 ext 28459,nicholas46@carter.com,"30938 Acevedo Roads, North Frankton, RI 91170",5/28/2017,Rhode Island
1891,Morgan,Garcia,(985) 910-9913 ext 77527,scott07@gmail.com,"52507 Hendricks Villages, Deanmouth, GA 32049",6/9/2023,Georgia
1892,Gregory,Maldonado,(542) 169-1770,saraadams@yahoo.com,"USS Craig, FPO AP 30698",2/28/2022,Army
1893,Amber,Griffin,(262) 933-3367 ext 79761,yirwin@schwartz.com,"0413 Stacey Extensions Apt. 650, Williamburgh, AR 88659",11/21/2018,Arkansas
1894,Peter,Shields,Invalid Data,brittany43@morris.info,"18612 Cooper Track Suite 555, South Michaelview, NC 29043",9/3/2023,North Carolina
1895,James,Smith,(042) 130-1911,qwells@yahoo.com,"4494 Jacqueline Knolls, East Margaretchester, TX 32027",2/16/2023,Texas
1896,Jamie,Becker,(601) 172-1676 ext 298,parkslauren@clayton-murphy.org,"191 Brian Knolls, North Geraldmouth, UT 45242",7/29/2015,Utah
1897,Jodi,Davila,(901) 273-3996 ext 567,donald51@anderson.org,"0136 Franco Port Suite 533, Mendozamouth, WA 78341",4/24/2022,Washington
1898,Susan,Rodriguez,(662) 630-6244,lori67@randolph-flores.com,"USNS Hunt, FPO AE 40993",1/24/2017,Army
1899,Jacqueline,Sawyer,(111) 415-3135,stanleydaniel@johnson.info,"07983 Smith Ferry Apt. 127, Dannymouth, MA 56438",9/4/2019,Massachusetts
1900,Kevin,Hernandez,(212) 545-3982 ext 5095,ricky85@smith-rodriguez.com,"94388 David Mission Suite 061, West Nicolebury, SD 95846",5/16/2018,South Dakota
1901,Scott,Hickman,(328) 826-9707 ext 73203,allenalyssa@yahoo.com,"Unit 5387 Box 7376, DPO AA 21149",4/19/2017,Army
1902,Luke,Ramirez,(150) 325-0649 ext 408,smithcatherine@powell.com,"830 Thompson Locks, Calvinshire, TN 81213",2/7/2016,Tennessee
1903,Leslie,Ward,(077) 574-6927 ext 103,heathermiller@yahoo.com,"75532 Lori Forge Apt. 023, South Steven, HI 89788",9/7/2024,Hawaii
1904,Emily,White,(014) 411-2069 ext 557,smithlucas@smith.info,"5688 Mays Island Suite 325, Nicholasbury, CO 82013",11/6/2015,Colorado
1905,Claudia,Lane,(163) 748-9197 ext 6221,rdavis@williams.com,"35624 Carolyn Skyway Apt. 429, Manningfort, NV 58024",11/10/2023,Nevada
1906,Robin,Valencia,(932) 397-4041 ext 6914,alyssathomas@hotmail.com,"73716 Tony Landing Suite 538, North Marymouth, ME 62793",7/29/2021,Maine
1907,Christina,Smith,(409) 643-8735 ext 97272,jacquelineford@davis-sherman.com,"Unit 0491 Box 4406, DPO AE 29365",2/4/2018,Army
1908,Michael,Castillo,(360) 633-1107 ext 9313,xbernard@lawson.net,"72850 Christian Inlet Suite 054, Carlosbury, MN 51599",2/16/2024,Minnesota
1909,Lonnie,Dyer,(344) 910-8145 ext 42479,ecobb@gmail.com,"2302 Raymond Fort Apt. 606, Port Kaitlyn, GA 45935",5/27/2018,Georgia
1910,Jonathan,Houston,(923) 833-9649 ext 8388,uho@gmail.com,"PSC 2485, Box 4184, APO AA 97401",11/8/2022,Army
1911,Megan,Green,(231) 746-6750 ext 484,ltrujillo@evans-dixon.biz,"9637 Kenneth Forges Apt. 401, Joshuaburgh, MO 20842",1/13/2016,Missouri
1912,Mark,Reyes,(387) 188-7215 ext 03066,korozco@glover.com,"630 Brooke Green Apt. 674, New Rebecca, MN 65044",11/27/2022,Minnesota
1913,Gloria,Johnson,(456) 182-0546 ext 15487,echristian@green-bennett.com,"97179 Aaron Neck Apt. 244, Steeleton, FL 65484",5/20/2022,Florida
1914,Ashley,Thompson,(182) 168-8113 ext 823,qhernandez@yahoo.com,"358 Danielle Walk Suite 182, Williamstown, UT 13395",4/29/2023,Utah
1915,Gabriel,Hawkins,(061) 345-6464 ext 1412,valdeztodd@mclaughlin-carter.biz,"PSC 0288, Box 8687, APO AA 61754",4/30/2020,Army
1916,Shane,Evans,(765) 915-6154 ext 323,ablack@williams.com,"156 Brown Point Apt. 377, Ginaburgh, UT 52825",6/25/2019,Utah
1917,Anthony,Mcdonald,(901) 509-4299 ext 8002,philipcline@yahoo.com,"11241 Gallagher Lodge, Lake Lynn, AZ 82523",10/29/2023,Arizona
1918,Alexander,White,(952) 531-3590 ext 50958,kennedyjeffrey@matthews.com,"303 Kristen Viaduct Apt. 731, Levineborough, FL 07714",1/13/2020,Florida
1919,Jeffrey,Chandler,(958) 311-9601,amy15@stark.info,"PSC 8134, Box 7029, APO AA 60500",5/5/2025,Army
1920,Maria,Park,(815) 470-1313 ext 88970,thomas73@turner.info,"335 Hughes Ways, East Scott, IL 74513",4/28/2021,Illinois
1921,Steven,Morales,(159) 492-5065 ext 7911,amanda07@howell.com,"734 Stewart Burg, Leonardton, NV 99295",11/7/2017,Nevada
1922,Erika,Morgan,(641) 347-1938,oowens@bradley.com,"897 Patterson Shoals Suite 029, East Jenniferstad, KY 25108",7/14/2020,Kentucky
1923,Beth,Davis,(636) 660-7613,jason67@yahoo.com,"Unit 7580 Box 2981, DPO AA 90714",2/2/2022,Army
1924,Janet,Gomez,(775) 202-3382,ychang@yahoo.com,"612 Archer Drive Apt. 581, Jessicaborough, IN 27139",1/31/2018,Indiana
1925,Patricia,Garrett,(915) 851-3537 ext 625,ybruce@montes-brown.com,"41683 Bishop Ville, Scottmouth, NV 30042",9/2/2020,Nevada
1926,Kari,Sanchez,(141) 569-5170 ext 20562,phillipstaylor@yahoo.com,"3073 Black Road, Silvastad, NC 99257",5/15/2022,North Carolina
1927,Connie,Bradley,(589) 623-5605 ext 91012,dwise@morris-bates.net,"3964 Mcconnell Unions Apt. 964, South Codyfort, NV 80144",10/28/2015,Nevada
1928,Sarah,Gonzalez,(940) 673-9557,amber14@hotmail.com,"051 Chang Pine Apt. 304, Edwardsland, OR 28146",2/12/2018,Oregon
1929,Paul,Merritt,(773) 370-6949 ext 04370,romeroamy@williams.com,"199 Hubbard Estate, Ericaborough, SD 86004",12/13/2022,South Dakota
1930,Rick,Johnson,(636) 272-0260 ext 1146,jerryreed@owen.com,"65310 Charles Drives, Piercestad, NY 29220",5/23/2016,New York
1931,David,Rodriguez,(192) 885-6692,williamschristopher@yahoo.com,"PSC 8129, Box 7316, APO AE 17455",1/5/2020,Army
1932,Andrea,Hansen,(455) 791-2027,misty77@walker.com,"58695 Turner Via, New Albert, WY 94380",11/30/2016,Wyoming
1933,Christopher,Montgomery,(592) 009-4670,mcdonaldbryan@henderson.com,"789 Madison Via, Garnerton, PA 67865",11/22/2023,Pennsylvania
1934,Michael,Gonzales,(987) 605-5818 ext 58727,dianeweeks@thomas-smith.com,"6735 Thomas Cape, Kelleystad, IA 96872",5/8/2017,Iowa
1935,John,Anderson,(726) 472-3447,curtis65@baird-williams.com,"540 Cunningham Run, Robersonville, IN 67229",12/3/2018,Indiana
1936,Hannah,Foster,(314) 416-2196,tina41@rowe.net,"5331 Jones Station, Thomaschester, NY 90350",1/26/2021,New York
1937,Michael,Arnold,(275) 731-2046 ext 6238,mbanks@berry-welch.com,"882 Scott Roads Apt. 521, Jonesmouth, NY 49263",8/17/2016,New York
1938,Edward,Smith,(978) 487-2547,michelle33@payne.info,"845 Jacqueline Points, Michaelmouth, OR 13147",5/13/2024,Oregon
1939,William,Johnson,(188) 569-5933 ext 5541,ybentley@yahoo.com,"119 Hill View, Scottchester, VA 90535",12/17/2016,Virginia
1940,Michael,Davidson,(601) 547-0091,morganrice@durham.com,"8410 Christopher Courts Suite 598, Velazquezport, MD 05817",10/16/2019,Maryland
1941,Rebecca,Martin,(643) 426-3070 ext 170,zprice@hotmail.com,"9345 Alexander Land Suite 242, Davidburgh, IN 04666",1/12/2023,Indiana
1942,Rebecca,Martin,(541) 384-3998 ext 11275,lowejames@yahoo.com,"87493 Smith Knoll, South Keith, HI 81029",10/30/2024,Hawaii
1943,Douglas,Bryan,(474) 259-0167,brittanygalvan@riley.com,"59631 Alexandra Estates, New Sarah, MT 56184",6/19/2019,Montana
1944,Joanna,Francis,(719) 366-4703 ext 3209,wrightdebra@le.com,"22117 Christina Meadows Apt. 220, South Sharonfurt, WA 56387",9/4/2023,Washington
1945,Amber,Lee,(137) 960-9447 ext 8296,janice81@gmail.com,"998 Griffin Hollow Suite 968, West Gregoryhaven, NE 46358",6/19/2017,Nebraska
1946,Emily,Adams,(761) 871-2181,pobrien@rasmussen.info,"76270 Margaret Parks, Romanview, DE 59110",7/4/2020,Delaware
1947,Eric,Randolph,(522) 610-2901 ext 751,nanderson@yahoo.com,"57616 Taylor Island Apt. 354, New Kevinfurt, TN 27666",9/5/2015,Tennessee
1948,David,Brown,(518) 580-7915,danielle93@gmail.com,"346 Janice Estate Apt. 090, New Rickeyville, UT 18648",8/30/2015,Utah
1949,Kathleen,Patterson,(186) 192-3835 ext 519,damon60@smith.com,"268 Jason Cape, East Codyfort, OH 87328",3/13/2023,Ohio
1950,Kelly,Andrade,(474) 345-3844 ext 611,kdelgado@davidson.com,"4071 Elizabeth Creek Suite 069, Mariaton, MD 28088",6/20/2024,Maryland
1951,Duane,Rice,(335) 407-8380,michaelwalsh@brown.org,"46196 Thomas Burgs, Tammyborough, MN 26362",5/24/2015,Minnesota
1952,Emily,Contreras,(007) 527-7944 ext 584,rita26@hotmail.com,"08266 Chan Forest, Velazquezburgh, WI 24287",6/3/2015,Wisconsin
1953,Juan,Jordan,(804) 232-5159 ext 4591,jason36@garcia-randolph.com,"40142 Rocha Fork Apt. 598, North Joy, WI 82507",1/8/2017,Wisconsin
1954,Shannon,Garcia,(984) 998-0108 ext 278,alexanderrobert@rose-goodwin.net,"2621 Jennifer Valley Suite 412, Williamfort, WV 23840",11/10/2021,West Virginia
1955,Deborah,Bradley,(914) 747-5745 ext 4577,qevans@taylor.net,"02486 Johnson Well Apt. 039, North Christina, SD 58700",7/30/2018,South Dakota
1956,Lindsey,Giles,(716) 919-5619,ericsullivan@hotmail.com,"PSC 0723, Box 1610, APO AP 23127",4/30/2023,Army
1957,Devon,Malone,(909) 147-4072,victor99@yahoo.com,"USCGC Winters, FPO AP 53314",3/8/2016,Army
1958,Kimberly,Perez,Invalid Data,irivera@gmail.com,"354 Hart Village, Apriltown, NM 27476",10/22/2018,New Mexico
1959,Jeanette,Holloway,(018) 015-5453 ext 8401,jmyers@duarte-robinson.net,"9981 Sarah Manor, North Krystal, NM 03161",5/14/2015,New Mexico
1960,Shane,Holland,(319) 422-7677 ext 0348,rubendecker@yahoo.com,"0337 Julie Ford Apt. 032, New Joeville, NC 39095",9/8/2015,North Carolina
1961,Amanda,Navarro,(884) 275-3824 ext 213,bakerkristy@taylor.biz,"4973 Compton Cliff Apt. 544, Port Tonyastad, OK 34377",8/22/2018,Oklahoma
1962,Brent,Martin,(805) 793-3175 ext 048,owensmonica@phillips.org,"5932 Swanson Ford, Kimstad, NC 74717",2/11/2019,North Carolina
1963,Matthew,Foster,(752) 757-4912 ext 42305,lucasjesse@hotmail.com,"02628 Tara Shores, South Alexander, NM 82199",7/25/2019,New Mexico
1964,Michael,Nguyen,(440) 059-5900 ext 3438,wobrien@harper-collins.com,"Unit 4521 Box 4561, DPO AA 11883",11/21/2024,Army
1965,Ashley,Barnes,(644) 884-2970 ext 24067,ysmith@simmons-johnson.com,"721 Kevin Fields, West Kimberlystad, PA 39845",4/16/2024,Pennsylvania
1966,Kerri,Barrett,(561) 970-4781,iyoung@hotmail.com,"906 Shelly Trail, Nortonstad, IA 50666",7/8/2020,Iowa
1967,Claudia,Wyatt,(772) 345-6717,jessicavillegas@barton-flores.com,"9315 Thomas Lock Apt. 053, Jasonton, VA 83689",2/27/2019,Virginia
1968,Rebecca,Adams,(662) 648-2637 ext 4142,davidcohen@sanders.com,"9527 Aaron Tunnel, Jeffreychester, AZ 85735",6/9/2017,Arizona
1969,Peter,Gonzales,(794) 333-8005 ext 874,barrettalyssa@hotmail.com,"949 Jonathan Glen Apt. 318, Davidville, AK 30494",2/4/2022,Alaska
1970,Eric,Gordon,(116) 354-2904,michaelcunningham@bell-james.com,"3994 Jacob Plains Apt. 875, Port Shelly, OH 94871",8/24/2021,Ohio
1971,Jeffrey,Stone,(329) 871-3587 ext 1530,wendy56@hotmail.com,"15184 Michael Prairie, New Megan, IN 89124",10/28/2019,Indiana
1972,Susan,Anderson,(896) 018-2698 ext 50833,stewartmichael@allen.biz,"1072 Mariah River, East Jasonchester, AK 81176",1/30/2021,Alaska
1973,Ana,Mcpherson,476750698,rubenmarks@colon.biz,"0277 Jody Lodge, West Dwayne, AR 74613",8/28/2020,Arkansas
1974,Katherine,Edwards,(956) 755-1382 ext 316,foxlori@yahoo.com,"258 Jordan Lights Suite 962, Lake Kellyside, FL 64783",12/24/2024,Florida
1975,Gregory,Lopez,(198) 707-1354,matthew84@kennedy.com,"397 Ashley Field, Connorchester, FL 06682",3/16/2022,Florida
1976,Sarah,Simmons,785268917,mpearson@hotmail.com,"9380 Campbell Spring, West Jessica, WY 66124",6/24/2023,Wyoming
1977,Jonathan,Taylor,(177) 648-5336 ext 4864,ryanrodriguez@le.info,"77483 Rodriguez Summit, Chaseshire, TX 22759",1/14/2024,Texas
1978,Olivia,Peters,(893) 934-0443 ext 341,dshaw@morse.info,"Unit 8980 Box 0096, DPO AP 94920",12/25/2020,Army
1979,Kathy,Owens,(106) 615-0267,swilliams@hotmail.com,"7821 Patricia Circle, Port Rickychester, MI 88709",5/18/2021,Michigan
1980,Alexandria,Aguilar,269865297,mcdonaldanthony@hotmail.com,"51364 Lisa Path, Nicholasfurt, WA 93458",12/12/2023,Washington
1981,Matthew,Mckee,(701) 525-0521 ext 96261,zward@hotmail.com,"92608 Kenneth Court, Jasonstad, NY 56545",5/28/2022,New York
1982,Mackenzie,Deleon,(750) 894-0267 ext 975,goodmanmatthew@moran-harrell.com,"219 Curtis Path, Gardnerport, RI 93783",11/15/2015,Rhode Island
1983,Sarah,Ford,(971) 397-7522 ext 6777,kylemoore@fernandez-delgado.net,"469 Jared Locks Apt. 384, Lewischester, ND 48612",8/4/2017,North Dakota
1984,Jessica,Warren,(778) 638-0252,stephanietorres@quinn.org,"052 Sandra Meadow, East Mitchellshire, OK 32579",3/18/2022,Oklahoma
1985,Jon,James,(648) 171-4350 ext 9656,egutierrez@greene-snyder.com,"USS Holmes, FPO AE 20554",12/24/2015,Army
1986,Jason,Bowen,(604) 620-4010 ext 115,jeffreypruitt@hayes.org,"156 Todd Heights Apt. 948, South Henrymouth, PA 26342",7/31/2018,Pennsylvania
1987,Vincent,Henson,473419165,pearsonnathaniel@gmail.com,"100 Rogers Underpass Apt. 010, Lake Michealview, NE 45511",4/24/2017,Nebraska
1988,John,Taylor,(202) 443-9649 ext 2777,kcraig@hotmail.com,"85559 Nathan Overpass Suite 085, Williamsfurt, WA 42766",8/14/2017,Washington
1989,Peggy,Thomas,(549) 857-2166 ext 220,erikstone@gmail.com,"422 Shane Well Apt. 549, Ellisfort, AL 23192",12/20/2020,Alabama
1990,Linda,Meyer,(140) 759-7699 ext 50462,lori45@yahoo.com,"2054 Tyler Cliff Suite 773, Wilsonbury, AR 82330",8/15/2024,Arkansas
1991,Carol,Brewer,(387) 794-7773 ext 979,sarapayne@mata.org,"48422 Andrew Rue, North Kayleeburgh, ID 37791",7/23/2019,Idaho
1992,William,Evans,(201) 967-8517 ext 381,egreen@hotmail.com,"54190 Caroline Streets, East Steven, PA 88745",12/31/2019,Pennsylvania
1993,Kimberly,Cochran,(500) 545-8167 ext 63512,shirleyellison@hotmail.com,"053 Bryan Extension Apt. 229, Westmouth, SD 25106",4/10/2024,South Dakota
1994,John,Smith,(607) 568-8690 ext 093,collinsalison@hotmail.com,"PSC 0326, Box 6382, APO AE 32634",5/17/2020,Army
1995,Caroline,Walker,(003) 771-9991 ext 70921,mary74@harrington.com,"4253 Ryan Well Apt. 478, Lake Jesusmouth, VA 11679",3/15/2020,Virginia
1996,Jasmin,Brennan,(663) 935-1364 ext 518,summersphillip@gmail.com,"10989 Jenna Lights Apt. 548, Andrewshire, LA 91097",3/25/2021,Louisiana
1997,Lindsay,Allen,(580) 780-7034 ext 59138,ywoods@gmail.com,"6718 Wilson Center, Stephenbury, KY 62220",12/23/2015,Kentucky
1998,Stacy,Ballard,Invalid Data,santosmegan@scott-walker.com,"939 Karen Stravenue Apt. 785, Benjaminberg, DC 84103",8/16/2024,District of Columbia
1999,Abigail,Stanley,(642) 584-0050 ext 5938,sylvia77@gmail.com,"83282 Walker Bridge Suite 017, Lake Robertofurt, AR 93574",10/13/2015,Arkansas
2000,Bradley,Smith,(552) 918-3831 ext 978,vrhodes@scott.com,"36726 Mckinney Crest Apt. 472, South Melissashire, AR 17699",1/30/2021,Arkansas
2001,Rebecca,Carter,(636) 595-5976,johnny22@gmail.com,"USNS Roberts, FPO AE 48364",6/27/2024,Army
2002,Marissa,Davis,(866) 280-8639 ext 8350,alexandra18@hotmail.com,"9315 Gonzales Pine Apt. 929, West Jefffurt, OK 15363",2/21/2017,Oklahoma
2003,Cynthia,Lopez,(186) 979-5883 ext 37504,wmiller@flores.net,"71890 Michael Inlet Suite 287, Beanview, GA 79647",2/13/2024,Georgia
2004,Kathleen,Gonzalez,(879) 054-4911 ext 5616,christinagonzalez@weber.net,"8247 Leblanc Route, Bethhaven, OR 57909",2/25/2016,Oregon
2005,Thomas,Ramirez,(152) 000-7209,jwilliams@gmail.com,"02799 David Corners Apt. 044, East Danielmouth, WV 44219",8/5/2020,West Virginia
2006,Jessica,Lynn,(132) 449-1756,jonathan58@gmail.com,"28564 Palmer Ferry Apt. 178, Lake Johnfurt, WY 18343",9/9/2017,Wyoming
2007,Doris,Scott,(204) 470-5847 ext 667,nancyhayes@barron.com,"467 Stein Gateway, Anitashire, NH 75629",1/10/2022,New Hampshire
2008,Denise,Hill,(755) 370-1380 ext 6856,mckinneyfrancis@yahoo.com,"994 Kenneth Falls Apt. 131, Port David, NY 14522",11/1/2022,New York
2009,Mary,Nichols,(908) 986-7868 ext 035,curtis86@townsend.info,"USS Harris, FPO AP 70879",6/22/2021,Army
2010,Dillon,Villegas,(699) 210-7208,thorntonlisa@yahoo.com,"59929 Billy Valleys, Lowetown, FL 64627",7/3/2019,Florida
2011,Matthew,Davis,(889) 198-8499,taylor99@gmail.com,"8657 Deanna Flats Apt. 328, New Victoria, IA 28677",7/18/2018,Iowa
2012,Mathew,Perez,(872) 134-6833 ext 139,lindadavis@patterson-montoya.biz,"97982 Landry Heights Suite 899, New Amyland, HI 36183",11/21/2020,Hawaii
2013,Jade,Ramirez,(437) 621-1324,obrienlisa@gmail.com,"6944 Claudia Port Apt. 602, Heathermouth, GA 07009",2/10/2023,Georgia
2014,Jennifer,Walsh,(355) 295-1376 ext 62976,yjohnson@yahoo.com,"591 Chandler Pines, Calebton, KS 29839",4/30/2020,Kansas
2015,Christina,Williams,(587) 188-5508 ext 4956,alexander96@yahoo.com,"655 Karen Orchard Suite 805, New Patrickbury, SD 11020",1/2/2024,South Dakota
2016,Courtney,Walker,(194) 995-4702 ext 599,alexander01@gmail.com,"PSC 7786, Box 6308, APO AE 59434",10/20/2016,Army
2017,Michelle,Rogers,(443) 026-2433 ext 7747,douglascompton@yahoo.com,"0717 Love Court, Keithstad, CO 69747",2/6/2018,Colorado
2018,Jason,Nixon,(331) 734-5620,sean29@yahoo.com,"378 Stuart Greens Suite 869, West Jessicaview, WI 92440",2/28/2022,Wisconsin
2019,Kathryn,Walsh,(842) 752-5090 ext 5682,zgiles@hotmail.com,"259 Nguyen Garden Suite 912, Hayneschester, NH 09920",5/11/2024,New Hampshire
2020,Christina,Goodman,(210) 082-3996,toddcrystal@taylor.biz,"2258 Sean Keys Apt. 329, Erinton, CT 30550",2/2/2025,Connecticut
2021,Rebecca,Scott,(309) 746-1664,charles00@gmail.com,"6454 Jeremy Manors, Lake Michaelland, RI 35502",1/20/2025,Rhode Island
2022,Benjamin,Hines,(834) 859-3532 ext 17680,jjensen@rivera.com,"280 Stephanie Points Suite 504, North Ashley, NM 58756",5/31/2019,New Mexico
2023,Eric,Johnson,(159) 978-9430 ext 1211,michael07@anderson.org,"917 Young Via, Tiffanyville, NY 55447",7/11/2016,New York
2024,Ryan,Stanton,(468) 478-5070,dthomas@hotmail.com,"580 Myers Rapids Suite 011, Michaelland, ID 31001",1/12/2016,Idaho
2025,Jennifer,Li,(512) 400-7990 ext 74752,utran@russell-christian.com,"7285 Cannon Mountains, West Monica, OR 89724",2/11/2021,Oregon
2026,Hunter,Pitts,(252) 118-7880 ext 2175,birdamanda@gmail.com,"4553 Pierce Pines, East David, TX 55703",4/10/2020,Texas
2027,Mark,Wong,(595) 128-3874,duanediaz@yahoo.com,"1675 Gentry Rue, Amandaport, MI 36282",3/26/2023,Michigan
2028,Travis,Casey,(498) 520-9563,ryan56@reyes.com,"89065 Brooks Island Apt. 139, Scottport, UT 05167",12/27/2020,Utah
2029,Jason,Wallace,(616) 323-3784 ext 99796,holmesjohn@oneill.biz,"467 Joseph Views, North Ericside, CT 96500",7/25/2018,Connecticut
2030,Maurice,Martinez,(940) 356-8165 ext 83509,droberts@hotmail.com,"869 Gregory Overpass, Petersonfort, PA 76382",1/18/2025,Pennsylvania
2031,Mark,Patrick,(878) 158-8059,bradfordelizabeth@gmail.com,"86313 Gutierrez Gateway Suite 258, Gonzalezstad, WA 35087",5/11/2016,Washington
2032,Jesus,Oconnor,(728) 793-9518,powersmichelle@wood-lang.com,"USCGC Thompson, FPO AP 86905",12/7/2016,Army
2033,Scott,Erickson,(140) 732-4784 ext 6877,mmartin@gmail.com,"45541 Sandra Valleys Suite 149, Larryport, ME 34537",1/9/2017,Maine
2034,John,Reyes,(991) 452-6773,andrewpayne@hotmail.com,"PSC 5699, Box 4916, APO AP 11246",2/22/2025,Army
2035,Jennifer,Blackburn,(047) 102-5832,robertrichards@morton-leonard.info,"PSC 8138, Box 8430, APO AP 93605",11/11/2023,Army
2036,Patrick,Cummings,(601) 882-4970,wbarnes@hotmail.com,"63841 Garcia Freeway Apt. 279, Angelastad, AK 51767",5/6/2020,Alaska
2037,Kimberly,Austin,(374) 348-7374,harrisjames@johnson.com,"50811 Arthur Ford, New Marcus, MS 31323",2/27/2017,Mississippi
2038,Steven,Mullins,(517) 267-4687 ext 6885,dominguezdeborah@thompson.net,"8377 Maurice Shores, New Megan, RI 05066",3/2/2018,Rhode Island
2039,Charles,Ballard,(577) 292-2661 ext 555,joshuaharvey@gmail.com,"9266 Lee Walks Apt. 097, Torresland, OR 33451",12/16/2015,Oregon
2040,Tracey,Hayes,(224) 762-9829,jamesjones@yahoo.com,"001 Decker Knolls, Alexandriamouth, DE 55145",11/4/2016,Delaware
2041,Jermaine,Mendoza,(502) 781-2097 ext 264,fray@yahoo.com,"96154 Henry Land, West Dalton, IL 61478",10/4/2020,Illinois
2042,Samantha,Keller,(165) 577-2234,nealthomas@brown.com,"1671 Christine Trace, Andreahaven, FL 25531",9/21/2015,Florida
2043,Brittney,Taylor,(319) 514-4271,agonzalez@yahoo.com,"434 William Spring, Port Charleshaven, IN 44247",1/1/2019,Indiana
2044,William,Ortiz,(954) 830-5279,pacejennifer@hotmail.com,"230 Brown Dale, Lovestad, CO 41352",11/5/2022,Colorado
2045,Jennifer,Rowland,(990) 187-2672 ext 73377,yeseniahill@gmail.com,"657 Michael Shoals Suite 983, North Julia, OK 48757",12/9/2015,Oklahoma
2046,Christina,Blair,(103) 760-3049 ext 3412,nevans@henry-diaz.com,"9785 Christina Wall Apt. 341, East Craig, MD 30824",10/27/2023,Maryland
2047,Ronald,Nichols,(782) 063-6528 ext 92399,jonesbetty@reyes.info,"3377 Smith Squares, Tammytown, KY 55666",5/18/2022,Kentucky
2048,Dominique,Davis,(006) 650-8226 ext 54977,connieturner@allen-malone.com,"136 Mullins Parks Suite 853, Jennifertown, NV 45443",12/27/2017,Nevada
2049,Michele,Bush,(453) 890-6499 ext 91005,csalazar@gmail.com,"7416 Wendy Isle Apt. 510, West Pamelachester, MD 75434",11/20/2019,Maryland
2050,Lynn,Wright,(892) 615-7293,john01@nielsen-hall.com,"882 David Corner Suite 195, Allisonport, HI 60166",2/1/2016,Hawaii
2051,Kevin,Malone,(791) 545-2223 ext 0391,markholland@yahoo.com,"80344 Kendra Branch Suite 920, South Angela, SC 76041",12/27/2015,South Carolina
2052,Christy,Moody,(070) 757-2835 ext 5884,annejackson@armstrong.com,"941 Bruce Crossing, Allenfurt, OK 82032",10/21/2021,Oklahoma
2053,Taylor,Burnett,(787) 904-1481 ext 8919,kgriffin@cook-willis.net,"7298 Gray Shoals Suite 101, Moralesfurt, UT 09457",8/17/2017,Utah
2054,Shelley,Brown,(581) 832-3017 ext 0083,wanda51@hotmail.com,"PSC 0702, Box 4970, APO AE 58062",8/24/2016,Army
2055,Erik,Miranda,(512) 866-6515 ext 661,ymoody@hotmail.com,"389 Karen Lodge Apt. 840, Lake Leonardport, NJ 64611",5/27/2021,New Jersey
2056,Maria,Guerrero,(752) 960-7144 ext 262,dwells@gmail.com,"14577 Tiffany Radial Apt. 435, Lake Stacy, SD 80409",8/29/2017,South Dakota
2057,Michael,Ray,(191) 360-8282 ext 2445,allison45@hotmail.com,"4322 Stephen Park Suite 618, Lake Gregory, CO 68783",12/20/2019,Colorado
2058,Jacob,Murphy,(856) 287-4055 ext 817,johnsonsharon@yahoo.com,"835 Monica Stravenue, South Jennifer, VA 14244",3/9/2025,Virginia
2059,Sabrina,Davila,(344) 378-8882 ext 17025,lisa25@lewis.biz,"0034 Phillip Street, North Tyler, OH 46883",5/13/2024,Ohio
2060,Dustin,Stanley,(771) 751-9200,carol62@gmail.com,"0718 Williams Via, Melanieview, MN 62331",12/2/2018,Minnesota
2061,Kevin,Torres,(953) 226-1166,chapmannicholas@hotmail.com,"087 Alexandria Trace, Lake Lisatown, OH 66140",9/15/2018,Ohio
2062,Sandra,Flores,(570) 362-6214 ext 75130,donovanelizabeth@yahoo.com,"25844 Armstrong Lodge Suite 266, North Ericville, NJ 23084",2/1/2022,New Jersey
2063,Ann,Lopez,(301) 131-2076,hramirez@ford.org,"76549 Karen Haven, Derrickshire, NM 73502",5/26/2019,New Mexico
2064,Diana,Carrillo,(074) 372-6498 ext 3058,nicolecarroll@yahoo.com,"783 Ann Mill Apt. 714, Wilsonburgh, NV 98769",4/18/2022,Nevada
2065,Sydney,Nichols,(658) 569-8890 ext 37698,philip43@gmail.com,"Unit 8826 Box 9787, DPO AE 24691",11/2/2018,Army
2066,Rita,Holt,(280) 758-4105,boylekimberly@gmail.com,"215 Brianna Island, Whiteburgh, NJ 92725",3/20/2020,New Jersey
2067,George,Black,(246) 141-9016,brian29@moore-henderson.org,"56366 Michael Walks Suite 514, Aliciaberg, ND 39685",2/27/2019,North Dakota
2068,Steven,Smith,Invalid Data,sphillips@gmail.com,"94607 Bruce Drive, Torresside, VA 16887",2/9/2024,Virginia
2069,Jerry,Boyd,(470) 994-4385 ext 6139,david33@hill-sellers.com,"13390 Delgado Ferry, North Gregory, ID 45416",7/10/2023,Idaho
2070,Alicia,Johnson,(606) 032-2111,hsmith@yahoo.com,"51538 Mcbride Summit Apt. 144, East Mary, MS 01642",6/27/2023,Mississippi
2071,Andrew,Matthews,(539) 986-6585,agomez@anderson-obrien.com,"79851 Smith Well Apt. 050, East Matthew, CO 31045",6/20/2018,Colorado
2072,Heather,Smith,(386) 924-9535 ext 44149,winterssamantha@rhodes.org,"2902 Caitlyn Springs, Haynesberg, NV 59815",7/31/2019,Nevada
2073,Sharon,Fowler,(264) 152-7265,kroberts@stanton-herrera.com,"9217 Porter Ridges Suite 315, Schmittbury, SD 66810",10/11/2019,South Dakota
2074,Carol,Johnson,(369) 133-1449 ext 1303,friedmaneric@gmail.com,"1762 Patricia Tunnel Apt. 914, Floresmouth, ND 34047",1/31/2023,North Dakota
2075,Jillian,Stevenson,(795) 145-5539,megan33@rose.biz,"36782 Gail Walks, South Jamesland, OK 59556",9/16/2023,Oklahoma
2076,Lisa,Whitehead,(134) 999-0559 ext 68589,jillowen@luna.com,"0226 Lee Bypass Apt. 887, Nicoleside, GA 46341",6/24/2020,Georgia
2077,Patrick,Green,(733) 252-6242 ext 581,washingtonjulie@gmail.com,"78831 Jonathan Bypass, New Ryan, MT 60526",7/24/2020,Montana
2078,Matthew,Mendez,(297) 368-6482 ext 3117,jamesmiller@meyer-hatfield.com,"27916 Marcus Hill Apt. 950, East Brandon, NE 48605",1/21/2021,Nebraska
2079,Brittany,Hughes,(817) 632-9854 ext 361,valerierice@hotmail.com,"75205 Flores Mission, Christopherbury, NM 53755",5/12/2016,New Mexico
2080,Jimmy,Rios,(369) 927-7732,tmurphy@yahoo.com,"69675 Smith Place, Port Tiffany, NH 06179",1/17/2023,New Hampshire
2081,Heather,Rhodes,(936) 308-0987,clinton38@garcia.com,"3843 Brown Village Apt. 784, West Michellemouth, UT 50913",5/5/2024,Utah
2082,Brian,Jennings,(795) 850-4999,clarkjoseph@white.info,"456 Mcgrath Lodge Apt. 763, Lake Amandamouth, MT 69841",7/12/2021,Montana
2083,Anthony,Cobb,(210) 066-9982,georgeann@hotmail.com,"657 Newman Pike Apt. 040, Brendahaven, FL 79311",3/13/2021,Florida
2084,Crystal,Larson,(760) 872-1178,xharris@yahoo.com,"05873 Walker Inlet Apt. 007, Lake David, SC 14518",5/29/2022,South Carolina
2085,Adrian,Gray,(378) 231-1166,jimenezandre@williams-wells.com,"92820 Benjamin Harbors Suite 162, Lake Brittanyfurt, FL 76817",6/14/2022,Florida
2086,Karen,Carter,(796) 822-7927 ext 18918,amanda27@navarro.com,"5025 Glenda Rapids Suite 398, Caseytown, MO 37039",3/19/2021,Missouri
2087,Adam,Yoder,(999) 103-2790,adrian28@houston-donovan.com,"7990 Carr Island Apt. 314, North Victoriachester, TN 37198",9/21/2020,Tennessee
2088,Joel,Lester,(290) 079-6274 ext 778,peter54@griffith-powers.info,"3480 Margaret Isle, Kanestad, OR 53885",10/18/2018,Oregon
2089,James,Wilkins,(106) 677-7153 ext 41992,ccollins@roberson-smith.com,"USNV Burch, FPO AA 86153",2/13/2024,Army
2090,Janet,Brown,(602) 900-7829 ext 2689,gutierrezbradley@watson.net,"49056 Grant Circles, Monroeport, CT 65460",12/6/2020,Connecticut
2091,Chad,Grant,(227) 608-0002 ext 742,samuel05@lewis.com,"27845 Sue Mountain Suite 364, Victoriaville, VA 49596",9/13/2023,Virginia
2092,Crystal,Lopez,(382) 226-2399 ext 5452,yshannon@hotmail.com,"Unit 4292 Box 4741, DPO AE 08900",9/6/2023,Army
2093,Tracy,Marshall,(948) 774-5235,fmoore@gmail.com,"41785 Christina Valleys Apt. 716, Chelseaborough, TN 48053",5/10/2024,Tennessee
2094,Kara,Love,(358) 961-7298,andersontheresa@hotmail.com,"0679 Norma Hill Apt. 944, North Charles, KS 74916",8/27/2015,Kansas
2095,Katrina,Hayes,(161) 368-3345 ext 420,brobertson@hill.biz,"75916 Pamela Harbor Suite 033, Kaylabury, AL 13564",1/14/2017,Alabama
2096,Chad,Mora,(241) 746-7274,wrightrobert@myers.net,"832 Carter Ranch, Lake Sandraview, SC 75505",3/4/2017,South Carolina
2097,Jesus,Spencer,(393) 712-0556,jonathanpatton@walton-garrett.info,"67814 Pamela Common, South Chadchester, NY 41325",12/10/2016,New York
2098,James,Spears,(527) 853-3357 ext 76566,heatherwright@yahoo.com,"51803 Davis Freeway, Cherylville, NY 35448",6/7/2020,New York
2099,Shawn,Duran,(093) 910-1855 ext 054,ashleyrodriguez@joseph.net,"05493 Hernandez Keys, Donaldburgh, WI 03562",11/5/2018,Wisconsin
2100,Amber,Salazar,(964) 946-6849 ext 67061,jessica03@boyer.com,"23848 Donald Mountain, New Joshua, SC 54210",9/8/2015,South Carolina
2101,Jacob,Simpson,(039) 046-4916,umccullough@hotmail.com,"70934 Roth Oval, Garyhaven, NH 87101",4/28/2023,New Hampshire
2102,Joshua,Lee,(445) 793-9065 ext 7217,lisa30@lewis.biz,"1626 Anderson Path, Hughesfort, OR 95938",7/13/2015,Oregon
2103,Amanda,Logan,(719) 745-9552,kathymorrison@gmail.com,"89504 Torres Prairie Suite 434, West Dawn, IN 46055",3/11/2020,Indiana
2104,Scott,Haley,(915) 058-6518 ext 090,dthomas@reynolds-weaver.com,"775 Berry Track, Thomasberg, NJ 63779",4/14/2016,New Jersey
2105,Todd,Ramirez,(384) 549-9424 ext 97483,smaxwell@love-olson.com,"3002 Powers Dale, West Veronica, WA 44588",3/27/2017,Washington
2106,Justin,Estrada,(698) 470-5024,lisahensley@murphy.net,"159 Laura Spring, Timothyburgh, WI 35130",9/18/2022,Wisconsin
2107,Alexandra,Morgan,(263) 538-7094 ext 866,ellishannah@clark.com,"07856 Jennifer Trail, Toddport, KY 34743",10/6/2016,Kentucky
2108,Theresa,Nelson,(691) 304-7180 ext 71977,pjohnson@murphy.com,"056 Jennifer Dale, New Timothy, WA 55787",7/17/2017,Washington
2109,Mary,Copeland,(529) 013-6644 ext 0923,ingramtammy@vega.com,"PSC 8246, Box 6335, APO AE 80475",11/16/2017,Army
2110,Rebecca,Sullivan,(118) 725-8877 ext 17748,wolson@taylor-smith.net,"10369 Heather Vista Apt. 970, West Mark, CT 75552",2/17/2024,Connecticut
2111,Joshua,Jones,(119) 412-3784 ext 9246,isaac92@clark.com,"87101 Lopez Turnpike Suite 939, West Pamela, AL 70306",9/25/2023,Alabama
2112,Kimberly,Craig,(201) 638-8586 ext 395,tgray@yahoo.com,"291 Jones Springs, Maryhaven, WI 70880",10/14/2023,Wisconsin
2113,Sandra,Monroe,(203) 217-6751 ext 97844,xbailey@baker-jordan.com,"53405 Hernandez Mountain Suite 137, West Kathrynhaven, LA 03368",10/8/2020,Louisiana
2114,Mary,Hunter,(225) 906-0656,adamsjeffrey@hotmail.com,"1711 Nicole Ways Suite 558, Henryside, DE 35955",11/13/2022,Delaware
2115,Ryan,Francis,(371) 475-2417 ext 697,katherine63@hotmail.com,"22097 Micheal Locks Suite 894, West Kylefurt, NY 34504",9/11/2022,New York
2116,Robert,Wilson,(485) 237-8387 ext 86134,hollowayrodney@campbell.com,"9148 Tim Extension Suite 118, Michaelchester, HI 38942",9/25/2015,Hawaii
2117,Donna,Harris,(290) 984-9955,maynardsamantha@smith.org,"061 Anderson Drives, Lake Christopher, UT 64088",6/21/2023,Utah
2118,Judith,Phillips,(948) 243-3639,cody42@yahoo.com,"38206 Anna Stravenue Suite 780, East Laurie, HI 72684",2/20/2016,Hawaii
2119,Jennifer,Gonzales,(310) 425-7591 ext 01615,eric78@gmail.com,"6562 Palmer Flats Apt. 355, East Jamesshire, WI 37045",3/21/2021,Wisconsin
2120,Mark,Brown,(103) 207-7040 ext 39743,lesliecolon@barr.info,"564 Christina Viaduct Apt. 364, Matthewville, NM 63373",11/16/2022,New Mexico
2121,Lori,Lee,(478) 315-9987 ext 6580,sharon40@yahoo.com,"74978 Matthew Point Apt. 039, Hillview, CA 18430",12/29/2019,California
2122,Carmen,Henson,(659) 015-1033 ext 5266,chambersglenda@hotmail.com,"USCGC Bishop, FPO AE 27214",6/20/2024,Army
2123,Kerry,Bailey,(295) 105-4143,hannahcross@smith-lutz.biz,"043 Hayley Dam, Mezashire, MI 13991",6/11/2024,Michigan
2124,John,Williams,(344) 798-6706 ext 42552,perezcory@flores.net,"530 Williamson Circles Suite 484, Joshuaville, AL 32720",5/28/2017,Alabama
2125,Grant,Butler,(162) 741-9372,richard50@chavez-ray.com,"337 Gay Flat Suite 928, South Adambury, AR 76482",5/8/2017,Arkansas
2126,Willie,Figueroa,(915) 680-0424 ext 58933,elizabethjimenez@gmail.com,"42403 Pamela Station Apt. 473, Michelleburgh, CA 66664",7/9/2020,California
2127,Amanda,Rodriguez,(079) 315-9565 ext 3119,acarroll@beard.net,"18885 Moses Meadows, Wilsonfurt, TN 02586",5/30/2023,Tennessee
2128,Christopher,Brock,Invalid Data,nicholasbennett@griffin.com,"9442 Hatfield Shore, North Stanley, SC 87992",3/11/2016,South Carolina
2129,Rebecca,Alvarado,(748) 914-3853 ext 41353,veronicastrickland@yahoo.com,"599 Catherine Corners, East Christopher, UT 97022",6/17/2024,Utah
2130,Brett,Holland,(839) 573-4499 ext 11750,hayneschristopher@yahoo.com,"0214 Noah Bridge, Johnshire, MO 13415",10/3/2021,Missouri
2131,Angela,Hays,(525) 026-6440 ext 35277,amanda91@brown.net,"618 Christopher Motorway, West Michael, WV 60688",8/1/2022,West Virginia
2132,Matthew,Holmes,(585) 768-9649,larry96@ramos.com,"4007 Christy Port Suite 690, Jakeview, AR 35416",1/3/2022,Arkansas
2133,Mary,Dunn,(829) 939-2865 ext 874,ydavis@hotmail.com,"468 Randall Fall Suite 162, New Kristen, NH 19310",1/12/2019,New Hampshire
2134,Alexis,Johnson,(651) 014-7485 ext 47426,icarter@yahoo.com,"273 Nathan Rapids, Gregoryfort, KS 01100",5/11/2018,Kansas
2135,Joy,Hill,(435) 513-2736,whitneyprice@hughes.info,"4922 Haynes Expressway, West Keithton, CT 69637",3/10/2019,Connecticut
2136,Jennifer,Smith,(062) 901-4079 ext 959,mpoole@miller-wilkerson.com,"835 Ivan Mountains Apt. 484, Port Robert, MA 70778",10/7/2022,Massachusetts
2137,Aaron,Orr,(180) 951-0104,yfry@tran.biz,"USNV Moore, FPO AA 03573",11/27/2015,Army
2138,Emily,Schmidt,(761) 194-6548 ext 70143,sherylfreeman@hotmail.com,"34417 Bridges Centers Suite 132, East Jeffreytown, MT 59541",5/9/2023,Montana
2139,Phillip,Hawkins,(217) 760-3273 ext 379,trevorbrown@ortega.com,"4096 Hayley Haven Suite 131, Millertown, AK 67199",7/22/2017,Alaska
2140,Derek,Woods,249614287,maria14@yahoo.com,"510 April Creek Apt. 690, West Jim, NM 85837",11/23/2020,New Mexico
2141,Stephen,Scott,(351) 048-9211 ext 008,xsmith@gmail.com,"81938 Ebony Point Apt. 784, East Jasmine, NM 78790",1/10/2020,New Mexico
2142,Alexander,Evans,(246) 113-9178 ext 74706,plong@spencer.com,"94344 Davis Corner Suite 201, West Maryborough, NY 80744",10/30/2018,New York
2143,Margaret,Smith,(383) 429-6776,robertsaaron@gmail.com,"7606 Ochoa Lakes Suite 515, Rivasside, CT 59022",6/18/2024,Connecticut
2144,Danielle,Mcintosh,(735) 347-6330 ext 98151,marissagardner@sanchez.net,"PSC 8461, Box 7150, APO AA 08873",1/22/2025,Army
2145,Blake,Campbell,(737) 586-7650 ext 04302,sharonlynn@yahoo.com,"95405 Sean Roads, Nathanielfort, WV 87154",9/8/2023,West Virginia
2146,James,Owen,(078) 806-6474,caseykaren@moreno.com,"12623 Joe Expressway, South Erin, AZ 14792",10/31/2015,Arizona
2147,Jamie,Mitchell,(421) 503-7359 ext 081,johnsonsandra@hinton-jimenez.com,"82234 Amber Union Suite 829, West Kristina, IL 39973",11/11/2021,Illinois
2148,Adam,Lewis,(951) 139-5112,sean70@hotmail.com,"PSC 4054, Box 1108, APO AP 58627",3/31/2021,Army
2149,Tina,Little,(582) 796-4610 ext 2677,orogers@gmail.com,"5127 Webb Prairie, South Joseph, SD 55941",12/19/2022,South Dakota
2150,Nicole,Mcclain,(633) 929-6098,bkelly@tanner-johnson.biz,"1552 Wilson Junction, Laurieport, OR 62738",5/1/2017,Oregon
2151,Rachel,Smith,(057) 971-1077,fwilliams@yahoo.com,"7715 Underwood Valley Suite 785, Dominguezstad, MA 17929",7/31/2019,Massachusetts
2152,Gina,Wood,(314) 252-5656,cesarbender@torres-mcneil.com,"60038 Lopez Knolls Apt. 030, East Josephfurt, VA 02754",1/4/2024,Virginia
2153,Tanya,King,(674) 690-3191 ext 4483,shelia66@mccormick-hoffman.info,"830 Young Gardens Suite 699, East Stephenhaven, LA 26421",5/8/2019,Louisiana
2154,Maureen,Santos,(434) 560-9979,cordovazachary@pratt.biz,"931 Jones Spur Suite 193, West Nicolefort, NH 61893",9/21/2023,New Hampshire
2155,Crystal,Bell,Invalid Data,lopezjuan@white-black.org,"94284 Kayla Branch Apt. 982, Mcdonaldchester, DE 35709",4/20/2019,Delaware
2156,Alexander,Turner,(054) 550-5445 ext 680,cstewart@hotmail.com,"652 Harper Tunnel Apt. 558, Hardyfurt, VA 21023",6/20/2020,Virginia
2157,Leslie,Wilson,(764) 498-8613 ext 00631,emilyrasmussen@chan.com,"0852 Evan Ports Apt. 935, Gabrielchester, AZ 40812",10/10/2017,Arizona
2158,Karen,Davies,Invalid Data,garrisondaniel@ramirez.org,"023 Taylor Point, North Joehaven, SC 23196",7/27/2019,South Carolina
2159,Steven,Hill,(632) 964-5162 ext 9885,dcruz@watson.com,"08212 Anthony Union Apt. 178, Port James, MD 41136",4/26/2025,Maryland
2160,Michelle,Kelly,(258) 398-3819,brockbeth@hotmail.com,"835 Hensley Valley, Kaneton, OR 53128",12/19/2020,Oregon
2161,Brooke,Harmon,(022) 000-8776,jeremy01@yahoo.com,"194 Mallory Drive, New Jasonborough, NM 07043",12/25/2020,New Mexico
2162,Julie,Adams,(194) 625-6183,patriciamitchell@yahoo.com,"6189 Jose Shores Suite 237, Lake Matthew, WY 76458",2/12/2023,Wyoming
2163,David,Grant,(268) 937-2332,sbell@lamb.com,"48969 Williams Crossing, Harrisburgh, PA 96987",7/5/2018,Pennsylvania
2164,Linda,Sanchez,(179) 608-8155 ext 26504,stephensterri@martinez-wong.com,"7552 Keith Stream, Benitezview, ND 56411",12/2/2020,North Dakota
2165,Dakota,May,(571) 690-6139 ext 7729,uthomas@hotmail.com,"7287 Stacy Groves, Jeremychester, RI 05316",3/26/2025,Rhode Island
2166,Kristin,Ward,(934) 671-3694,fgarcia@hudson.biz,"58199 Myers Villages, Lake Joshuaside, AR 36389",3/27/2018,Arkansas
2167,Elizabeth,Allen,(481) 333-8340,harveyrobert@yahoo.com,"52276 Robert Ramp Apt. 361, West Connortown, FL 99805",6/12/2017,Florida
2168,Sydney,Jones,(876) 338-5374,pricedana@short.biz,"919 Samantha Motorway Apt. 657, Jilliantown, WY 65756",12/7/2024,Wyoming
2169,Kathryn,Watson,(884) 578-1036 ext 15834,matthew21@simmons.biz,"071 Derek Keys Apt. 738, Alvarezside, SC 93994",12/1/2018,South Carolina
2170,Sandra,Davis,(455) 352-1724,dale65@yahoo.com,"83764 Wilson Rapids, Smithville, CT 15251",7/17/2019,Connecticut
2171,Derek,Barber,(802) 113-7380 ext 934,john29@hotmail.com,"918 Ortiz Ports Suite 945, New Scottborough, NY 03419",3/3/2020,New York
2172,Sheila,Mathis,(178) 406-0336 ext 516,william13@washington.com,"85111 Adams Mall, Greenburgh, OR 51997",11/12/2017,Oregon
2173,Angie,Schneider,(107) 931-7778 ext 57050,mannzachary@wilkins.org,"15452 Miller Mews Suite 788, East Aaronville, AR 50802",9/23/2018,Arkansas
2174,Stacy,Henderson,(313) 635-5700 ext 4429,vhensley@garcia.com,"63996 Michael Spring Apt. 668, Diamondmouth, KY 46938",6/4/2017,Kentucky
2175,Crystal,Austin,(721) 285-7929,scottmalone@ramirez.com,"487 Cooper Vista, Garciaborough, KY 62783",10/2/2022,Kentucky
2176,Raymond,Maddox,(940) 585-1382 ext 35965,marylee@gmail.com,"4026 Anderson Lights, South Adammouth, HI 30042",8/4/2019,Hawaii
2177,Jim,Hill,(644) 529-0626 ext 24459,jessicagreen@moreno.com,"0335 Timothy Brooks Suite 258, Coxmouth, NY 44438",8/5/2015,New York
2178,Erica,Moyer,(593) 758-9655 ext 2549,shawn68@hotmail.com,"1532 Randolph Estates, Morriston, SD 85294",6/4/2018,South Dakota
2179,Andrew,Castillo,(330) 499-7273 ext 146,juliejohns@stein-silva.biz,"24697 Megan Prairie, Lake Amanda, TX 26811",2/10/2018,Texas
2180,Derek,Simon,(308) 360-3512 ext 364,annetteallen@gmail.com,"3229 Tonya Flats Suite 994, Lisaland, HI 97010",12/22/2024,Hawaii
2181,Anthony,Hoffman,(210) 912-2163,travisconrad@yahoo.com,"84275 Brown Park Apt. 080, Kelleymouth, AR 87901",9/21/2020,Arkansas
2182,Steven,Lewis,(749) 950-4786 ext 297,ashleyguerra@hotmail.com,"59187 Jordan Gardens, New Leslie, AZ 66539",7/2/2020,Arizona
2183,Gina,Ross,(257) 356-2963,dicksonandrew@gmail.com,"49872 Carol Village Apt. 081, North April, ME 94796",8/14/2024,Maine
2184,Jeffrey,Huffman,(777) 008-8114 ext 644,mckenzie34@johns.info,"8443 Michael Hills, New Wayne, KS 72318",1/12/2025,Kansas
2185,John,Walker,(471) 860-7580 ext 78722,samanthajohnson@yahoo.com,"472 Martinez Lodge, South Michelleland, CA 65395",11/22/2015,California
2186,Gwendolyn,Anderson,Invalid Data,meghan32@gmail.com,"91591 Greene Flats, New Karenburgh, AR 85800",4/26/2016,Arkansas
2187,Jennifer,Elliott,(609) 326-7030 ext 446,kennethcollins@yahoo.com,"24068 Jennifer Camp Suite 484, Stacyborough, MI 51399",8/17/2015,Michigan
2188,Anthony,Hicks,(992) 629-2793 ext 5029,audrey87@barnes-bowman.com,"849 Nicole Springs, Lisahaven, ND 63043",5/13/2019,North Dakota
2189,Robert,Adams,(336) 913-0523 ext 97490,christie34@yahoo.com,"23665 Trujillo Station Apt. 445, West Willieland, MO 13104",6/30/2022,Missouri
2190,Nicholas,Moore,(930) 494-2350 ext 014,fmiranda@garcia-johnson.com,"1468 Christopher Squares, New Kevinmouth, DC 40144",10/30/2024,District of Columbia
2191,Rachel,Weber,(321) 931-8909 ext 6675,garciamarcus@morgan-pena.com,"056 Lane Land, Port Zoeton, KS 23415",12/6/2018,Kansas
2192,Melanie,Green,(763) 912-3894,kristanguyen@gmail.com,"512 Sarah Valleys Apt. 208, Angelicastad, OH 78308",2/21/2016,Ohio
2193,Courtney,Smith,(784) 966-5663,henrybenjamin@allen.info,"07771 Kim Orchard, Myersbury, RI 79372",11/27/2017,Rhode Island
2194,Ronnie,Johnson,Invalid Data,robinsonkaitlyn@hotmail.com,"8564 Cody Estates Apt. 657, Lake Stacy, MN 85102",5/21/2015,Minnesota
2195,Zachary,Rodriguez,(029) 214-4661 ext 67630,maria54@bryant.biz,"29778 Sullivan Skyway, Merrittton, NJ 25603",8/1/2022,New Jersey
2196,Brett,Vargas,(762) 408-6068 ext 00614,charles75@yahoo.com,"3745 Wright Wall Apt. 061, Nicoleburgh, FL 33836",12/12/2019,Florida
2197,Cody,Reyes,(417) 808-1735,christinesmith@yahoo.com,"6620 Garrett Stravenue Apt. 284, Lesterberg, GA 29313",2/29/2016,Georgia
2198,Jennifer,Mcintosh,(159) 334-3964 ext 7207,jacksonstephen@gilbert.com,"79358 Kenneth Prairie Apt. 206, Michaelton, ND 26953",6/7/2017,North Dakota
2199,Jean,Hawkins,Invalid Data,kevinperez@buchanan.com,"108 Sandy Isle, East Brendaville, KY 82675",2/17/2025,Kentucky
2200,Tonya,Ramsey,(161) 337-7629 ext 04187,xchase@reynolds-nelson.info,"9992 Mitchell Club, Lake Rhondatown, MN 78622",4/7/2023,Minnesota
2201,Steve,Peterson,(404) 286-1212,vcarney@yahoo.com,"9976 Richard Streets, Margaretstad, AR 66066",10/8/2022,Arkansas
2202,Christina,Moon,(901) 835-4529,velazqueznicholas@gmail.com,"85057 Tara Manors Apt. 492, Andrewtown, WV 01583",7/14/2020,West Virginia
2203,Penny,Sutton,(311) 924-0209,kbright@rosario.org,"019 Travis Drives, West Teresaberg, MO 45606",2/11/2023,Missouri
2204,Heidi,Ingram,(685) 673-9380,kelly68@patterson-steele.com,"62526 Christopher Drive Apt. 932, North Scottton, VT 90780",2/14/2016,Vermont
2205,Troy,Crawford,(436) 808-2714,thomaslaura@yahoo.com,"972 Lauren Cliffs Apt. 949, Port Jimmybury, OK 24289",8/8/2016,Oklahoma
2206,Lucas,Ho,(281) 409-5283,wlamb@yahoo.com,"8870 Don Trafficway, New Julie, KY 40858",11/8/2015,Kentucky
2207,Brenda,Williams,(795) 997-5578,kathleenwillis@mccullough.net,"867 Joshua Place Apt. 260, Charlesborough, KY 24952",5/18/2019,Kentucky
2208,Barbara,Thompson,(849) 676-8728,herrerakara@gmail.com,"720 Moore Garden Suite 561, South Gregorybury, IL 16079",10/20/2022,Illinois
2209,Barbara,White,(859) 370-3457 ext 6377,nicolenguyen@ward.com,"605 Katherine Inlet, Jamesbury, SC 02408",5/30/2022,South Carolina
2210,Andre,Rodriguez,(564) 937-2311 ext 211,jasoncallahan@scott.biz,"984 Walker Ridges, East Christine, DC 01448",4/7/2017,District of Columbia
2211,Donald,Williams,(419) 097-0248,bradley56@yahoo.com,"21857 Douglas Villages, South Cynthiabury, MI 43977",4/14/2016,Michigan
2212,Kevin,Nguyen,(478) 890-8021,natashamiller@gmail.com,"603 Elizabeth Park Suite 834, Port Angelahaven, ND 78538",4/17/2024,North Dakota
2213,Nancy,Williams,(704) 099-7813,scottcheryl@yahoo.com,"22393 Molina Crossroad, Gabriellechester, DE 45129",11/7/2019,Delaware
2214,Jose,Velasquez,(020) 219-7353 ext 07916,mikayla43@gomez.biz,"99400 Hall Fords, Port Krystal, IN 37226",8/16/2022,Indiana
2215,Mitchell,Smith,(017) 918-9810 ext 36691,hbarker@mays.org,"112 Evans Pike, Vasquezland, VT 74037",7/6/2024,Vermont
2216,Sandra,Aguirre,(488) 662-7992,xsmith@waller.com,"4436 Hernandez Knoll Suite 647, Smithton, ID 85968",10/13/2015,Idaho
2217,Joy,Alvarez,(953) 438-0625,benjaminhaynes@gmail.com,"917 Kennedy Land Apt. 711, Johnsonchester, ID 89603",1/6/2020,Idaho
2218,Cory,Cervantes,(585) 135-7413 ext 7330,meganschmidt@moore.biz,"Unit 6761 Box 9984, DPO AP 19731",9/12/2021,Army
2219,Matthew,Harris,(187) 030-6949,amylawrence@jones-nelson.info,"071 Paul Estates, North Nicole, MI 11214",8/27/2021,Michigan
2220,Joanne,Morales,(258) 423-7849 ext 78228,emilydavis@spencer.com,"6545 Matthew Grove Apt. 392, Vegamouth, MD 60085",3/9/2022,Maryland
2221,Michael,Richardson,(539) 569-5172 ext 63353,udiaz@sutton.org,"602 Silva Street Apt. 642, North Cynthia, DE 44670",3/9/2024,Delaware
2222,Garrett,Knight,(135) 126-1821 ext 334,paulajohnson@robertson.info,"528 Gregory Bridge, Calebton, NH 45291",4/12/2020,New Hampshire
2223,Tonya,Jacobs,(911) 140-4359 ext 55675,robert77@vaughn.net,"9879 Timothy Court Apt. 019, Ericabury, ID 53539",4/28/2019,Idaho
2224,Nicole,Burns,(363) 467-5437,cassidy33@hotmail.com,"Unit 6066 Box 3495, DPO AA 67895",5/7/2023,Army
2225,Charles,Garner,(934) 923-4322,brianawheeler@foster.com,"5315 Wu Roads, Starkfort, NC 59526",11/7/2018,North Carolina
2226,Lauren,Wong,(224) 251-9933,clarkjacob@hotmail.com,"26042 Nichols Islands Suite 124, North Tarafort, DE 67229",2/23/2024,Delaware
2227,Samuel,Russell,(000) 870-7482 ext 51707,pamela79@donovan.com,"515 Cooley Viaduct, Gabrielleton, VT 34281",6/6/2019,Vermont
2228,Deborah,Wilson,(612) 625-2314,kim43@hotmail.com,"521 Michael Falls, Justinborough, RI 47504",5/11/2019,Rhode Island
2229,John,Carpenter,(413) 394-2454 ext 193,kennethpowell@willis.info,"930 Shawn Mall, Meganborough, IA 59115",6/17/2018,Iowa
2230,William,Tran,(321) 001-2523,xgentry@yahoo.com,"69180 Joshua Camp, Torresbury, CA 66439",1/30/2022,California
2231,Robert,Lawson,(287) 155-1347 ext 0308,wwilliams@bennett.com,"6723 Lauren Springs, Bishopborough, ME 54406",12/27/2016,Maine
2232,Steven,Jackson,(264) 886-4179,kelly05@gmail.com,"997 Carlos Rest, New Joseph, MN 31731",1/30/2020,Minnesota
2233,Chelsea,Stuart,(143) 278-9786 ext 29323,dmartinez@bell-alvarado.com,"497 Wright Estates Apt. 240, West Melissa, TX 80163",11/21/2017,Texas
2234,Joseph,Jackson,(149) 951-7590,simpsonhaley@carey.com,"3449 Marvin Avenue Suite 303, East Karina, WY 05986",12/16/2022,Wyoming
2235,Cody,Chung,(410) 508-8375 ext 582,wilsoncarmen@yahoo.com,"4651 Rice Wall Apt. 981, Lake Justinton, GA 66533",8/6/2018,Georgia
2236,Shane,Morris,(264) 380-2321,baileysuzanne@hotmail.com,"1753 Alexandra Bridge, East Stefaniechester, NJ 84348",12/27/2015,New Jersey
2237,Crystal,Brown,(284) 210-7893 ext 596,rhonda69@gmail.com,"PSC 6238, Box 4791, APO AA 27739",11/11/2020,Army
2238,Jared,Adams,(168) 991-4448 ext 909,wardjuan@yahoo.com,"65399 Ann Circle Apt. 689, Lake Christophershire, MS 77774",7/9/2023,Mississippi
2239,Stephanie,Ross,(831) 280-0293,wsanders@morgan.com,"6188 Lester Street Apt. 560, South Josephstad, WA 58444",6/4/2020,Washington
2240,Nathan,Ruiz,(684) 384-7244 ext 31269,nicole09@hotmail.com,"447 Gutierrez Station Apt. 033, Martinshire, WY 94446",12/19/2016,Wyoming
2241,Tim,Tran,(720) 478-2538,jenkinselizabeth@lewis.net,"PSC 2063, Box 6750, APO AA 39830",12/5/2018,Army
2242,Cody,Peterson,(649) 436-6006,suelong@gmail.com,"5069 West Loaf, West Jamesport, SC 34877",12/15/2017,South Carolina
2243,Frank,Hudson,(088) 297-1223,kellynathaniel@hotmail.com,"320 Griffin Meadows Apt. 011, North Christopher, KY 90255",5/4/2016,Kentucky
2244,Shannon,Clark,(339) 800-1328 ext 40312,ethompson@anderson-freeman.info,"600 Jamie Parkway, Allisonfurt, MO 62487",4/23/2017,Missouri
2245,Amy,Atkins,(243) 687-8985 ext 41899,coxbriana@hotmail.com,"06476 Jacqueline Path, West Trevor, VT 59402",4/11/2019,Vermont
2246,Melissa,Stephens,(503) 928-7554 ext 382,james21@hill.com,"9247 Olson Light, West Joannabury, MO 77373",9/18/2017,Missouri
2247,Sarah,Johnson,(330) 522-0588 ext 85448,thompsonjessica@gmail.com,"19087 Robertson Drive, North Chrismouth, NV 14459",6/23/2015,Nevada
2248,Amy,Cooke,(722) 675-5807 ext 235,powellpam@gmail.com,"31115 Bradford Valley Apt. 555, Robertmouth, NH 88021",9/27/2018,New Hampshire
2249,Mary,Brown,(134) 261-5566 ext 379,brooksstephen@boyd.com,"29693 Carlson Key Apt. 023, Emilychester, AL 50025",4/13/2016,Alabama
2250,Anthony,White,(383) 894-6305 ext 308,moorekayla@hotmail.com,"05639 Lawrence Road Suite 974, West Rickyberg, OR 68662",3/20/2022,Oregon
2251,Christopher,Horton,(218) 146-2193,colemanelizabeth@hicks-horton.com,"058 Joel Vista Apt. 050, New Andrew, UT 38302",2/5/2018,Utah
2252,Francis,Fuentes,(522) 709-1573,johnsonrobin@mitchell-munoz.com,"0874 Kyle Mission Apt. 443, Lake Lisa, AL 94847",1/23/2021,Alabama
2253,Martin,Hurst,(133) 882-5708,riveraapril@wilkins-howard.com,"46384 Cheryl Mount Apt. 406, West Jeffreyville, CO 70420",6/5/2023,Colorado
2254,Jeremy,Cook,(831) 340-7664 ext 2357,tiffany86@wood.com,"USCGC Simpson, FPO AP 55606",7/14/2019,Army
2255,Eric,Garza,(881) 114-5466,ishort@hotmail.com,"733 Hardy Pine Suite 162, Frostshire, DC 84258",9/2/2017,District of Columbia
2256,Gregory,Blake,(044) 459-5671,upeterson@yahoo.com,"94783 Andrew Greens Apt. 391, West Karenville, NV 45421",5/28/2017,Nevada
2257,Oscar,Harrison,(259) 540-5547,misty39@hotmail.com,"88861 Mills Stravenue, Wallaceside, WA 79117",2/18/2019,Washington
2258,John,Li,(433) 568-4992 ext 509,gtaylor@gmail.com,"247 Kim Meadows Suite 445, Castilloton, SC 19561",10/12/2018,South Carolina
2259,Andrew,Reed,(017) 437-6872 ext 8273,rebekahhanson@kennedy.info,"151 Gibson Trace, Lake Jonathan, CO 65647",10/11/2021,Colorado
2260,Cody,Russell,(876) 554-5671,randyfrancis@zimmerman-chambers.com,"Unit 6901 Box 2789, DPO AA 64141",7/2/2024,Army
2261,Jeffrey,Long,(674) 125-9935 ext 65600,bmiles@wells-garza.org,"7241 William Point Suite 376, New Steven, WI 75891",8/11/2017,Wisconsin
2262,Chase,Baxter,(214) 085-1832 ext 414,stephaniecox@sanchez-schultz.info,"222 Kevin Divide, Bernardshire, MT 40202",4/30/2022,Montana
2263,Steven,Stewart,(160) 600-9115 ext 80745,bradwarren@yahoo.com,"PSC 2958, Box 7898, APO AP 18149",1/7/2019,Army
2264,Ryan,Lawrence,(959) 195-1159 ext 630,michaelmacias@yahoo.com,"5152 Natasha Underpass, Nunezville, MI 35933",10/30/2021,Michigan
2265,Victoria,Curtis,(143) 412-8572 ext 147,toconnor@hotmail.com,"5669 Wright Light Apt. 956, Jessicabury, OR 17016",10/30/2022,Oregon
2266,Whitney,Price,(374) 612-9343 ext 3788,michaelmaldonado@garcia-mayer.com,"8996 Fritz Stravenue Apt. 083, Glennview, VT 58398",6/15/2020,Vermont
2267,Julia,Goodman,(361) 772-2295 ext 2389,sydneyhancock@hotmail.com,"PSC 0510, Box 8145, APO AP 35646",6/6/2020,Army
2268,Katherine,Stewart,Invalid Data,scott58@walsh-anderson.com,"316 Ryan Estates, Jessicaburgh, ME 93274",10/2/2023,Maine
2269,Michael,Russell,(284) 766-8529,yvette90@anthony-waters.com,"916 Jon Mall Suite 015, West Kellystad, MN 38454",6/15/2023,Minnesota
2270,Larry,Lang,(904) 644-5201 ext 4699,dbryan@hotmail.com,"345 Jennifer Oval Apt. 853, North Timothyton, AR 77619",6/24/2022,Arkansas
2271,Michelle,Huber,(062) 644-9810 ext 1611,hhickman@yahoo.com,"541 Emily Springs, South Jenniferside, HI 69721",10/25/2020,Hawaii
2272,Rebecca,Smith,(302) 934-8011 ext 3145,fjones@reilly.com,"165 Janet Cape, North Natasha, ME 42361",8/26/2021,Maine
2273,Taylor,Holmes,(321) 311-0071 ext 761,mackenzieellis@chan-garcia.net,"5903 Maldonado Fords Apt. 727, Bridgesside, NE 86112",10/9/2023,Nebraska
2274,Jean,Vazquez,(579) 215-4366 ext 727,iyoung@gallagher.com,"867 Smith Groves Apt. 186, New Ashley, IN 23297",9/6/2021,Indiana
2275,Helen,Smith,(818) 746-9130 ext 21787,michael95@james.com,"631 Vaughn Stream Suite 341, Lake Williamview, AR 93012",3/22/2024,Arkansas
2276,Chad,Fields,(778) 616-2501 ext 2789,vfuller@james.com,"112 Lawrence Turnpike, East Christianberg, MS 01088",7/29/2017,Mississippi
2277,Ryan,Mathis,(048) 037-5919 ext 704,rbrown@reed.biz,"93399 Moore Gateway Suite 866, Clarkside, RI 29961",6/15/2016,Rhode Island
2278,Phillip,Benson,Invalid Data,glee@martin.com,"1574 Callahan Manor, Ericksonton, NE 86190",9/29/2022,Nebraska
2279,Nicole,Goodwin,(224) 095-8307 ext 9675,victoriacarlson@hotmail.com,"58971 Tammy Union, Lake Michael, DE 45544",2/20/2016,Delaware
2280,Desiree,Kim,(399) 677-1797,leonardbrenda@henry-massey.com,"Unit 3391 Box 0073, DPO AP 39259",3/6/2019,Army
2281,William,Gardner,(558) 736-9677,jacobselizabeth@holloway.biz,"51859 Simon Shoal, North Cassandra, CA 54583",6/2/2024,California
2282,James,Figueroa,(465) 356-3184 ext 6599,cookpatrick@parker-gray.net,"USNS Bradley, FPO AE 93254",12/12/2015,Army
2283,Brittany,May,(138) 659-1162,hmiller@blackburn.com,"82378 Sanford Fall, Port Robert, MI 26052",9/4/2021,Michigan
2284,Rebecca,Preston,(748) 167-0455 ext 6820,hconway@zimmerman.com,"Unit 2995 Box 7745, DPO AP 76322",11/17/2018,Army
2285,Rachel,Mcpherson,(076) 978-8020 ext 386,griffinalexis@gmail.com,"7289 Shane Dale, Port Nicholasstad, TN 40169",6/21/2019,Tennessee
2286,Brandon,Johnson,(816) 576-2692,liucrystal@fernandez.com,"3814 Gabriel Square Suite 950, Gregorymouth, GA 69638",6/1/2020,Georgia
2287,Melody,Brooks,(205) 394-2518,gutierrezapril@gmail.com,"5796 Walker Walk, North Kimberly, WY 50005",11/5/2018,Wyoming
2288,Crystal,Marshall,(459) 329-8925 ext 3775,jamessmith@spencer.net,"PSC 9199, Box 4434, APO AE 14618",3/18/2022,Army
2289,Billy,Gilbert,(800) 099-1014,christiemills@yahoo.com,"27126 John Lakes, Cobbport, MO 83158",8/31/2019,Missouri
2290,Diana,Frazier,(331) 012-3371,davidtimothy@rocha.net,"255 Reeves Crossroad Suite 896, West Mariebury, DE 23312",6/17/2022,Delaware
2291,Amy,Burke,(230) 175-8927 ext 607,danielbradley@gmail.com,"84191 Terry Throughway, Thomasmouth, DC 84080",8/6/2016,District of Columbia
2292,David,Johnson,(254) 480-8987,cooperjoshua@chen.com,"67050 Howard Villages Suite 027, North Nicole, IA 30377",1/14/2022,Iowa
2293,Jennifer,Allen,(596) 100-4022,zavalathomas@hotmail.com,"49276 Mason Squares Apt. 428, East Tara, TN 40124",10/22/2019,Tennessee
2294,Miguel,Henderson,(896) 118-7046 ext 68334,kelleyrose@gmail.com,"362 Garcia Mountain, North Marystad, DE 98159",9/2/2018,Delaware
2295,Andrew,Warren,(113) 104-3734,barnettkaren@hotmail.com,"7235 Christopher Extensions, North Nicholasfurt, ND 81831",11/14/2023,North Dakota
2296,Jack,Rollins,(907) 412-9910 ext 134,xjordan@parrish-smith.biz,"745 Robert Mill Suite 370, Davidville, ND 46325",10/25/2023,North Dakota
2297,Jessica,Evans,Invalid Data,fross@gmail.com,"6559 Hogan Spurs, East Nancychester, VA 05398",7/24/2016,Virginia
2298,Laura,Irwin,(712) 039-5690,yprice@gmail.com,"96216 Flores Forge, Port Markbury, CA 30615",11/24/2023,California
2299,Stephanie,Lee,(289) 189-7466,mary74@tucker-cole.com,"117 Hernandez Extension, Onealfort, WY 84382",12/19/2016,Wyoming
2300,Jessica,Evans,(913) 853-5379,andersenerin@hampton-gill.com,"9292 Karen Skyway, Port Lauraburgh, HI 46199",5/30/2023,Hawaii
2301,Sylvia,Raymond,(576) 676-9572 ext 34879,nchen@yahoo.com,"324 Miller Land Apt. 842, Jacksonfort, HI 62759",8/26/2021,Hawaii
2302,Amanda,Vance,(556) 116-5987 ext 474,ramirezseth@yahoo.com,"025 Mikayla Harbor, Michellemouth, PA 88511",11/28/2024,Pennsylvania
2303,Sean,Moore,(282) 877-5486 ext 4236,cfranklin@hotmail.com,"Unit 0796 Box 4417, DPO AP 77630",12/17/2023,Army
2304,Amy,Weaver,(633) 021-2101 ext 3645,christopherrivers@trevino-hughes.org,"4934 Williams Plains, Dustinchester, ME 34541",10/24/2017,Maine
2305,Victor,Kelley,(513) 566-8560,riosholly@yahoo.com,"PSC 9085, Box 3271, APO AA 25933",10/25/2018,Army
2306,Samantha,Turner,209487165,ili@gmail.com,"Unit 4867 Box 4447, DPO AP 52533",12/30/2022,Army
2307,Eric,Moore,(245) 044-5696 ext 72506,johnsonjohn@cooke-norris.biz,"PSC 8827, Box 1781, APO AP 84300",5/24/2022,Army
2308,Mallory,Hill,(258) 252-3719,brianna88@schmidt-johnson.biz,"6619 Joseph Summit, Janiceville, AL 11421",8/17/2019,Alabama
2309,Adam,Lutz,(456) 898-0663,mpoole@thomas.com,"280 Jones Vista, North Jonathan, TX 54050",8/28/2018,Texas
2310,Connor,Koch,Invalid Data,crystal99@hill-webb.com,"29828 Lori Mill Suite 168, Port Gregory, TN 25577",2/23/2020,Tennessee
2311,Brian,Hickman,(468) 504-3291 ext 184,lwhite@gmail.com,"295 Martinez Mill, Jamesmouth, WA 82056",7/30/2021,Washington
2312,Joan,Reynolds,(161) 337-2353 ext 8199,hevans@potts.com,"745 William Haven, South Lindsey, NE 02891",11/25/2019,Nebraska
2313,Kathleen,Bell,(335) 756-8487,jenniferford@yahoo.com,"64333 Randy Squares Suite 944, East Cassiechester, PA 63395",11/20/2024,Pennsylvania
2314,Ashley,Wong,(359) 132-8408 ext 3483,thomasburke@hotmail.com,"5082 Reynolds Road Suite 640, South Julieport, MN 06394",12/11/2018,Minnesota
2315,Richard,Perez,(343) 262-5711 ext 4410,fbrady@hotmail.com,"7469 Whitney Manors Suite 791, Smallton, VT 97693",12/20/2018,Vermont
2316,Alicia,Nguyen,(743) 080-7294,anthony78@chapman.com,"76904 Clark Grove, West Michael, NJ 17681",5/16/2015,New Jersey
2317,Danielle,Paul,(123) 704-6050 ext 1922,tonya00@price.com,"112 Hall Ways Apt. 277, Hubbardfurt, DC 93797",12/25/2016,District of Columbia
2318,Ashley,Brown,(593) 709-9874 ext 1040,robinsonzachary@hotmail.com,"073 Allison Mills Apt. 635, South Carol, NH 69778",12/4/2018,New Hampshire
2319,Jessica,Bailey,(032) 401-4643 ext 70170,kenneth68@decker-martin.net,"3231 Flores Lakes, Ginafurt, DE 71015",6/1/2020,Delaware
2320,John,Pearson,(096) 180-8305 ext 37871,zrogers@andrews.com,"7865 Rogers Causeway, West Todd, MD 75974",10/24/2016,Maryland
2321,Mary,Ellison,(783) 284-6033 ext 12312,martinshawn@yahoo.com,"58850 Michael Route, New Charles, MT 85517",2/4/2023,Montana
2322,Ethan,Keller,Invalid Data,kathleen66@yahoo.com,"357 Chavez Island, East Joshua, AL 27398",12/9/2019,Alabama
2323,Bernard,Grimes,(426) 124-8321 ext 42779,morrismatthew@yahoo.com,"73518 Hayes Fall Apt. 188, West Michellehaven, MO 57813",6/14/2024,Missouri
2324,Jerry,Robinson,(964) 482-3993 ext 62503,jose13@gmail.com,"720 Jacob Dam Suite 551, Taylorbury, DE 94480",7/30/2019,Delaware
2325,Lisa,Brown,(927) 988-0583,kbuchanan@murphy.com,"USNS Rice, FPO AA 38305",10/18/2022,Army
2326,Daniel,Holmes,(707) 793-5315 ext 63185,pwhite@gill.com,"0314 Roman Underpass, South Tammy, HI 84077",8/24/2015,Hawaii
2327,Rebecca,Fowler,(379) 994-1601 ext 216,riversbrian@hotmail.com,"79236 Whitney Mountain Suite 385, Harrishaven, ND 06514",2/5/2025,North Dakota
2328,Heather,Bennett,(268) 727-9293 ext 43236,jacob73@hotmail.com,"05576 Catherine Cove, Rebeccaview, OH 25143",7/19/2019,Ohio
2329,Jessica,Young,(508) 686-5715 ext 158,jasmin69@gmail.com,"Unit 2064 Box 0869, DPO AE 68171",11/12/2022,Army
2330,Thomas,Wong,(324) 798-5139,mitchell22@moore.com,"76782 Nicole Stravenue, East Brianland, LA 53029",12/22/2018,Louisiana
2331,Robin,Ramirez,(157) 247-4406 ext 240,lisa68@gmail.com,"6263 Nielsen Way, Lake Amandafurt, CT 05547",9/15/2022,Connecticut
2332,David,Andrews,(004) 236-3530 ext 23563,millerbailey@yahoo.com,"3016 Jones Coves Suite 298, Joshuaberg, RI 52333",3/4/2016,Rhode Island
2333,Karen,Arellano,(610) 772-4063 ext 895,lynchsteven@yahoo.com,"283 Jones Fall Apt. 168, Brandontown, IL 85550",7/24/2023,Illinois
2334,Matthew,Fields,(193) 896-6435,stephanie37@yahoo.com,"4844 Tina Heights, Scottside, IA 17335",8/17/2015,Iowa
2335,Charles,Thomas,(777) 962-8617,amanda45@yahoo.com,"756 Crystal Village, Lake Brianshire, MO 84322",1/26/2019,Missouri
2336,Jason,Taylor,(569) 750-0668,jonessteven@gmail.com,"94067 Danielle Centers Apt. 673, Lopezbury, MS 91323",10/10/2021,Mississippi
2337,John,Phillips,(936) 596-2142 ext 09693,urasmussen@yahoo.com,"884 Michael Lakes, Lake Alexis, NM 58475",6/11/2018,New Mexico
2338,Sara,Patel,(541) 774-0619 ext 3664,tdavis@hotmail.com,"134 Pineda Overpass, Barbaraville, NJ 38269",4/13/2019,New Jersey
2339,Susan,Walker,(602) 600-5192,tvillanueva@martin.com,"860 Nguyen Glen, North Leonard, IL 57237",5/5/2016,Illinois
2340,Mary,Hall,(670) 691-9883 ext 5585,jeremy76@gmail.com,"9819 Sellers Inlet Apt. 130, West Robertland, WA 89169",9/17/2024,Washington
2341,Anthony,Smith,(703) 141-2131 ext 648,donaldsoncharles@hotmail.com,"209 Singh Crest Apt. 958, West Deborahstad, NV 61655",7/28/2019,Nevada
2342,Virginia,Yates,(460) 859-8316 ext 466,mark60@ross.com,"93409 Jones Crescent Suite 276, Smithton, FL 90380",2/2/2018,Florida
2343,Kathryn,Bishop,(762) 658-6009,randallanderson@george.com,"442 Clark Curve Suite 987, Aliciatown, ID 71524",5/21/2017,Idaho
2344,Laura,Miller,(558) 308-5428 ext 63367,prattthomas@yahoo.com,"626 Fowler Roads Suite 361, Catherinefurt, SC 46421",8/24/2019,South Carolina
2345,Joseph,Miller,(010) 947-9390,jessicagonzalez@gmail.com,"7393 Austin Haven, Michaelland, MO 54165",11/16/2019,Missouri
2346,Amanda,Olson,(724) 005-3938 ext 70065,larryperez@gmail.com,"270 Bryan Curve, Hesterfort, WA 98029",3/17/2017,Washington
2347,Roy,Moran,(776) 932-8781 ext 72837,george15@ritter-white.com,"PSC 8340, Box 2282, APO AP 16544",3/13/2023,Army
2348,Alexander,Hendrix,(573) 235-6747 ext 147,brendancohen@williams.com,"550 Sean Lodge Apt. 564, East Jeanette, KY 71712",2/28/2022,Kentucky
2349,Marie,Lester,(679) 921-2223,jason99@baker.net,"6044 Vickie Corners Suite 291, Kaylaland, VT 61633",7/17/2020,Vermont
2350,Wayne,Brown,(618) 863-9775,jessica05@stewart-nicholson.net,"536 Jones Vista Suite 290, Port Lesliebury, MD 41882",5/6/2021,Maryland
2351,Ellen,Cervantes,Invalid Data,brownmichael@hotmail.com,"37426 Kirk Roads Suite 059, Lake Felicialand, ND 74299",3/10/2022,North Dakota
2352,Greg,Parks,(491) 162-1640 ext 601,spencerstanley@hotmail.com,"053 Dyer Walk, Woodshaven, PA 56203",12/1/2024,Pennsylvania
2353,Ashlee,Williams,(549) 907-5703 ext 633,joshuachung@yahoo.com,"200 Chad Tunnel, Campbellfort, MN 75250",12/19/2022,Minnesota
2354,Elaine,Lewis,(499) 296-0365 ext 804,llong@rosales.biz,"5051 Patricia Branch, Port Mark, NC 73809",10/9/2015,North Carolina
2355,James,Carlson,907521553,williamschultz@lewis-anderson.biz,"1057 Parrish Walk Suite 307, Marvinside, AK 27457",6/19/2019,Alaska
2356,Douglas,Smith,(535) 985-5344,fharris@baker.info,"8819 Holt Summit Suite 192, Larsenville, SD 16059",4/17/2022,South Dakota
2357,Matthew,Hill,(835) 310-5928 ext 08229,sandra53@frank.com,"03437 Scott Passage Suite 906, East Sabrinaberg, WV 77639",12/23/2017,West Virginia
2358,Brandy,Conner,(902) 604-6919,bjohnson@gardner.com,"89939 Gallagher Prairie, East Brenda, IA 73988",10/23/2021,Iowa
2359,Carolyn,Morris,(521) 189-9950,frankjohnny@brock.biz,"9674 Ponce Port Apt. 786, East Brandon, OR 96589",1/31/2017,Oregon
2360,Stacey,Rice,(607) 579-2135 ext 97762,ylee@boyle.com,"3842 Little Glens Apt. 725, Laurastad, CA 29160",7/11/2024,California
2361,Gary,Goodman,(764) 508-5664 ext 594,sbender@gmail.com,"671 Donald Greens, Lake Matthew, DE 02232",6/9/2015,Delaware
2362,Teresa,Lynch,(939) 254-4590 ext 7404,wilsonmegan@johnson.com,"932 Rose Ridge Suite 163, Barbaraport, MD 50882",3/30/2021,Maryland
2363,Rita,Sandoval,(181) 796-2627,fullercatherine@yahoo.com,"559 Simmons River Apt. 177, Nelsonbury, IL 21894",4/10/2022,Illinois
2364,Caleb,Bennett,(744) 046-0662,toddwalter@rose.com,"1082 Hess Curve, Orozcoside, FL 99029",4/22/2024,Florida
2365,Joshua,Miller,(955) 170-8068,benjamin11@yahoo.com,"173 Elizabeth Hollow Apt. 127, Lake Brandyburgh, NH 14482",5/24/2018,New Hampshire
2366,Melissa,Thompson,(825) 374-8804,ofaulkner@hart.com,"866 Christopher Crossing, East Davidshire, UT 75150",3/18/2022,Utah
2367,Adam,Lee,(528) 874-8773,vallen@salazar-phillips.com,"269 Mathews Island, West Samantha, DE 53655",11/5/2015,Delaware
2368,Jonathan,Perez,(882) 486-3376 ext 394,jonathan27@gutierrez-atkinson.com,"088 Curtis Turnpike, North Ryan, WA 81576",10/19/2018,Washington
2369,Amy,Ward,(381) 609-1226 ext 6711,hannahcook@rios.net,"77908 Rachel Summit, Lake Adamside, MN 18938",9/21/2022,Minnesota
2370,Kristi,Robinson,(352) 902-8250 ext 318,larsenjessica@ramsey.net,"423 Howard Park, Port Stacy, IL 16782",2/24/2016,Illinois
2371,Julie,Juarez,(353) 434-1045,moorelisa@hotmail.com,"002 Thomas Shores, West Angelatown, WV 88566",3/18/2019,West Virginia
2372,Sharon,Aguilar,(368) 249-1430 ext 062,sullivanbrett@herrera-lawson.com,"038 Brock Plains Apt. 341, North Kevintown, IA 32117",12/12/2023,Iowa
2373,Shannon,Rosales,(760) 462-7873,marciahuffman@griffin.com,"394 Smith Row, Barrettburgh, NY 52736",10/14/2018,New York
2374,John,Bates,(583) 893-4355,khunter@gmail.com,"0433 Case Roads Suite 499, Amandatown, NJ 81984",11/12/2019,New Jersey
2375,Eric,Hamilton,(146) 379-7773 ext 078,oscar46@castillo.com,"PSC 0804, Box 7251, APO AP 63514",9/30/2017,Army
2376,Darrell,Hooper,(639) 416-6721 ext 901,wardjessica@adams.com,"0351 Ricky Junction Apt. 769, Leeburgh, VA 40663",7/10/2020,Virginia
2377,James,Schmidt,(960) 607-3013,guzmanbrian@gmail.com,"38866 Woodard Street Apt. 221, West Cherylport, AK 18216",2/26/2023,Alaska
2378,Joshua,Lewis,(067) 713-2949 ext 18532,davidhorton@alexander.info,"PSC 6958, Box 8208, APO AP 90693",6/24/2018,Army
2379,Vincent,Williams,(664) 632-9545 ext 28475,kaneconnie@yahoo.com,"7336 Tanner Mountain, Barnesmouth, WV 31104",2/19/2023,West Virginia
2380,John,Acevedo,(874) 749-8425,jennifer34@hart.com,"832 Kurt Vista Suite 364, Lake Desireeside, PA 35498",10/14/2020,Pennsylvania
2381,Sabrina,Holland,(869) 497-2203 ext 90951,carlosbrennan@robinson.com,"0055 Mark Junction, New Brendafurt, PA 77530",9/10/2019,Pennsylvania
2382,Nicole,Murphy,(115) 915-1742,burnskaylee@gmail.com,"3317 Stevens Skyway, Cordovahaven, TN 34906",11/23/2015,Tennessee
2383,Christine,Johnson,(448) 664-2056 ext 812,hbuck@yahoo.com,"PSC 7061, Box 9780, APO AE 78988",7/28/2024,Army
2384,Mary,Li,(813) 223-3458,harry67@holland.com,"5282 Brandon Mall Suite 329, Brownton, IA 94084",3/22/2017,Iowa
2385,Nathaniel,Anderson,(843) 496-5198,haley77@yahoo.com,"86471 Cheryl Harbors Apt. 888, Diazborough, IA 31994",7/6/2018,Iowa
2386,Grant,Barnett,(354) 508-8238 ext 2504,yward@johnson.com,"PSC 8376, Box 7881, APO AP 04444",6/27/2023,Army
2387,Daniel,Swanson,(072) 007-0973,ann89@johnson-cortez.com,"95388 Alex Crest, West Derek, NM 76708",7/31/2018,New Mexico
2388,Ronnie,Wright,(011) 413-8566 ext 01515,keykim@hotmail.com,"0909 Edwards Forge, New Mauricehaven, TX 06612",3/6/2024,Texas
2389,Laura,Travis,(990) 677-3233 ext 677,lisamendoza@hunter.com,"744 Avila Mountains, North Gloriaberg, WA 59155",9/24/2015,Washington
2390,James,Pena,(946) 700-7864,acostanathan@rodriguez-brown.com,"23831 Brittany Lodge, New Bobby, NJ 65644",8/16/2017,New Jersey
2391,Whitney,Barker,(320) 501-8659 ext 527,carolinesandoval@yahoo.com,"9846 Paul Plaza, Jenniferport, UT 53342",8/26/2018,Utah
2392,Mark,Kirk,(822) 403-5959 ext 97879,amywise@hotmail.com,"5441 Cox Crossing Apt. 734, North Thomas, NJ 85581",9/5/2024,New Jersey
2393,Tiffany,Hogan,(824) 770-4012 ext 51606,mtaylor@peterson.com,"188 Wise Shore, Davisbury, MN 01991",3/29/2023,Minnesota
2394,James,Ray,(136) 319-3599 ext 74960,devinwhite@gmail.com,"400 Freeman Key Apt. 983, East Codytown, TX 65056",11/30/2021,Texas
2395,Sherry,Oconnor,(078) 269-5586 ext 36735,milesmelissa@yahoo.com,"92579 Wolfe Keys, Shannonshire, CT 88707",5/8/2019,Connecticut
2396,Mallory,Logan,(997) 966-8337 ext 3511,ashleyedwards@hotmail.com,"731 Glenda Inlet, Port Andreachester, UT 86641",5/8/2024,Utah
2397,Sarah,Clark,(433) 692-7328,oking@miller.biz,"4425 Crystal Glen, Clarkfurt, SD 56856",6/22/2019,South Dakota
2398,Shawn,Thompson,(479) 580-8899 ext 7875,william19@gmail.com,"3733 Lori Station, Lake Timothy, NJ 72222",4/25/2017,New Jersey
2399,Michael,Allen,(535) 360-9096 ext 800,masonheidi@hernandez.com,"95592 Johnson Isle, Huertabury, KY 08276",4/15/2025,Kentucky
2400,Gary,Mclaughlin,(190) 746-8914 ext 85782,upierce@yahoo.com,"8338 Roberson Plains, South Laurenhaven, TN 85172",6/10/2016,Tennessee
2401,Christopher,Reese,(336) 044-5802 ext 657,schneidermaria@hotmail.com,"USNV Perez, FPO AE 27315",5/16/2021,Army
2402,Christian,Howard,(210) 683-4340 ext 112,floresheather@hotmail.com,"920 Gregory Village Apt. 517, Davidtown, NM 53365",11/13/2019,New Mexico
2403,Karina,Flores,(229) 321-2062 ext 2831,xbeck@yahoo.com,"USS Thompson, FPO AE 11043",1/15/2019,Army
2404,Jose,Collier,(729) 837-4950,anthony89@fox.com,"USNV Miller, FPO AP 02501",1/7/2018,Army
2405,Brittney,Garrett,(088) 374-7696,stephaniegonzalez@yahoo.com,"0648 Jackson Turnpike, Dawnchester, NH 04446",9/1/2016,New Hampshire
2406,Joyce,Poole,(554) 111-1994 ext 719,paige57@yahoo.com,"5053 Lauren Stravenue Suite 847, New Kristopherfurt, OK 22622",1/9/2017,Oklahoma
2407,Robert,Cox,(107) 491-8836 ext 77987,jhenderson@yahoo.com,"04816 Steven Wells, Tinahaven, GA 50284",4/3/2021,Georgia
2408,Jennifer,George,(062) 571-0090,rachelfoster@nelson-cox.com,"2952 Lin Radial, South Edwardbury, SC 36606",11/12/2018,South Carolina
2409,Amy,Carter,Invalid Data,rbuckley@wagner-wilcox.info,"603 Mcpherson Wall Suite 934, Riversberg, MN 77521",12/1/2020,Minnesota
2410,Jessica,Cordova,(908) 816-0998,cathymartin@gmail.com,"77286 Lopez Plaza, Lake Nichole, AZ 71769",12/29/2017,Arizona
2411,Ricky,Blackwell,(893) 641-7768,xpaul@hotmail.com,"Unit 3934 Box 2770, DPO AE 36095",10/7/2021,Army
2412,Raymond,Cooper,(803) 778-6347 ext 61218,amanda34@yahoo.com,"317 Ariel Mill Suite 248, Lauraborough, OH 53639",12/31/2020,Ohio
2413,Kim,Bowen,(373) 346-0259,snydercurtis@yahoo.com,"343 Moreno Highway, Amandaland, MT 44002",6/16/2018,Montana
2414,Michelle,Sanders,(059) 157-9063,zachary64@smith-miles.com,"991 Kristen Center Apt. 951, Stevenberg, NC 63466",9/25/2015,North Carolina
2415,Alicia,Ball,(869) 550-5991 ext 4216,ekelley@lynn-henry.com,"1789 Kim Rapid, Porterfort, ND 48146",4/17/2020,North Dakota
2416,Richard,Miles,(420) 674-6610,bobbywalters@gmail.com,"5505 Wallace Divide, Lake Sandraland, ID 35116",9/15/2019,Idaho
2417,Zachary,Clark,(286) 640-1917,sara61@gmail.com,"7589 Ashley Path, West Barbaraland, OK 52132",3/31/2020,Oklahoma
2418,Diamond,Pearson,(935) 208-9580 ext 578,cody28@gmail.com,"32308 Taylor Roads Apt. 394, Dianemouth, MA 93641",11/16/2023,Massachusetts
2419,David,Hayes,(525) 724-3533,jennifer09@schaefer.org,"40904 Christopher Village, Galvantown, IN 45804",8/3/2023,Indiana
2420,John,Barry,(549) 937-3195,timothyboyle@hotmail.com,"Unit 1859 Box 8162, DPO AE 59742",9/21/2017,Army
2421,Nicole,Smith,(693) 826-0735 ext 354,wileytony@watkins.com,"0063 Kari Village, New Brettborough, TN 27030",9/9/2020,Tennessee
2422,Gregory,Clark,(577) 691-7484,stephenlong@gmail.com,"661 Sara Manors Apt. 316, South Kristinaton, MN 38992",6/9/2015,Minnesota
2423,Veronica,Brooks,(737) 536-4871 ext 9568,jesussmith@lucas-richardson.com,"919 Barron Spurs, East Pamela, OR 62999",10/18/2023,Oregon
2424,Bethany,Parker,(239) 809-5466 ext 55738,rogersbarbara@gmail.com,"8164 Davis Road Apt. 728, Lake Michele, SC 59391",2/7/2022,South Carolina
2425,Lisa,Woods,(513) 641-5698,briannelson@hurst.info,"5872 Joseph Grove Apt. 439, Dianeborough, DC 64008",2/7/2020,District of Columbia
2426,Melvin,Spencer,(149) 969-0047 ext 7494,greenjustin@yahoo.com,"544 Jose Ridges Apt. 309, Port Lacey, MD 57885",7/1/2019,Maryland
2427,Lauren,Quinn,(193) 201-2891 ext 2770,amandaevans@delgado.com,"422 Christy Crossing, New Tarastad, WY 33958",4/23/2025,Wyoming
2428,Melinda,Miller,(708) 930-1842 ext 15490,kathrynmorgan@hotmail.com,"85721 Emily Spring Suite 628, South William, AL 08551",6/20/2022,Alabama
2429,Curtis,Douglas,(667) 006-8064,greeneanthony@gmail.com,"420 Ana Spring, Mannborough, AR 15808",6/2/2016,Arkansas
2430,Ryan,Knight,(349) 746-9092 ext 16758,ealvarado@cowan.info,"3895 Dustin Pass, Danielsland, SD 41863",9/16/2022,South Dakota
2431,Jennifer,Lam,(153) 981-5234 ext 403,contrerascasey@gmail.com,"5199 Kimberly Locks Suite 479, New Colleen, ID 93069",11/11/2017,Idaho
2432,Robin,Ball,(977) 470-5266 ext 0126,tonyasmith@gmail.com,"4854 Michael Neck, West Tinaton, MN 25638",5/3/2020,Minnesota
2433,Nancy,Thompson,(994) 379-0247,paul55@fleming.com,"6830 Johnson Gateway, Lake Tara, MD 75351",6/19/2018,Maryland
2434,Christopher,House,(214) 569-1716 ext 70993,rwhite@yates.info,"9697 Robert Track Apt. 461, Josephport, CA 12760",5/24/2021,California
2435,Christy,Johnson,(364) 016-0791 ext 450,jacquelineproctor@benitez.com,"08381 Timothy View, Lake Linda, VT 14695",1/10/2020,Vermont
2436,Kaylee,Maldonado,(647) 545-5424 ext 497,gabrielreed@hotmail.com,"942 Cameron Road, East Nicholas, AR 48478",8/5/2018,Arkansas
2437,Lori,Jacobson,(164) 973-1177 ext 212,lisa51@yahoo.com,"672 Glenn Extensions Apt. 718, New Amandaside, NM 10628",4/7/2019,New Mexico
2438,Paula,Bennett,(885) 684-6767 ext 757,richard67@stanton.com,"0196 Smith Viaduct, Christopherberg, IN 74800",6/8/2019,Indiana
2439,Brandon,Rogers,(736) 879-2475 ext 71238,john93@hotmail.com,"752 Kevin Knolls, South Timothy, NJ 53136",2/19/2018,New Jersey
2440,James,Simon,(095) 356-0971 ext 3031,nathanwilliams@hotmail.com,"2163 Jennifer Manors Apt. 351, Smithbury, MD 91299",9/2/2015,Maryland
2441,Hector,Collins,(228) 412-7620 ext 81386,gregoryleslie@morrison-scott.net,"395 Ellen Junction, Port Marvinport, MA 11778",2/2/2019,Massachusetts
2442,Matthew,Bennett,(252) 018-6959,ryan57@hotmail.com,"30396 Avery Drive, South William, OR 26145",9/16/2023,Oregon
2443,Jacqueline,Hawkins,(573) 777-7240 ext 4560,patelkatherine@hotmail.com,"937 Harris Views, East Christopher, NM 83919",10/15/2020,New Mexico
2444,Cynthia,Rogers,(486) 510-5007,cunninghamrebecca@yahoo.com,"9496 John Springs, West Ritaton, KS 66129",8/8/2024,Kansas
2445,Gary,Roberts,(049) 345-5553 ext 8667,taylordouglas@torres.net,"3430 Kelsey Corners, East Taylormouth, AK 33155",12/4/2019,Alaska
2446,Jonathan,Christian,Invalid Data,juliewelch@gmail.com,"645 Aguilar Skyway Suite 880, Danielton, KY 65865",9/3/2017,Kentucky
2447,Crystal,Williams,Invalid Data,greenchase@hardy.com,"20969 Estes Vista, Youngstad, NC 94063",1/8/2019,North Carolina
2448,Matthew,Martin,(968) 027-0084 ext 3987,jeffreyvillanueva@gmail.com,"087 Jack Roads, Ortizfort, KY 69655",4/24/2016,Kentucky
2449,Christopher,Austin,(818) 176-0113,patriciadrake@smith.info,"966 Vanessa Lodge, West Kerri, MA 16817",10/19/2021,Massachusetts
2450,Anna,Weiss,Invalid Data,kristina30@pierce.net,"955 Pamela Trail, South Allison, ND 64571",4/24/2021,North Dakota
2451,Karen,Meyers,(012) 130-8275,brian44@gmail.com,"6580 Bradley Unions, Lake Davidport, AR 50465",9/15/2024,Arkansas
2452,Richard,Carpenter,(965) 143-8752 ext 9627,charleswilliams@hotmail.com,"11469 Katie Well Suite 438, Lake Richard, CO 07057",5/12/2019,Colorado
2453,Robert,Wagner,(450) 360-0038,pottsmichelle@yahoo.com,"916 Glen Ways Suite 056, Chelseamouth, NH 19460",7/1/2024,New Hampshire
2454,Katrina,Scott,(794) 681-0425,matthew44@yahoo.com,"287 Beth Harbor Suite 374, Heatherfort, ID 98448",5/28/2020,Idaho
2455,Tyler,Jones,(442) 349-0841,heather39@gmail.com,"43111 David Station Apt. 596, South Lisastad, NJ 66366",10/9/2019,New Jersey
2456,Regina,Gibson,(610) 383-5696,zmarquez@yahoo.com,"230 Reyes Shoals Apt. 314, Hayesbury, OH 23782",4/4/2017,Ohio
2457,Stephanie,Owens,(319) 423-6381 ext 025,gjackson@allen.com,"723 Salazar Corners, Andresview, MN 82826",8/7/2017,Minnesota
2458,Charles,Villegas,(423) 695-7871 ext 43020,cunninghambrandon@wilson.com,"3578 Mejia Trafficway Suite 427, South Kyle, MS 75560",10/7/2023,Mississippi
2459,Nancy,Johnson,(621) 143-3483 ext 979,caitlinowens@hotmail.com,"7338 Thomas Forge Suite 957, Port Ricardoside, WY 85934",4/6/2017,Wyoming
2460,Eric,Hernandez,(767) 188-9795 ext 573,burgessbill@spence.biz,"11383 Jackson Crossing, Acostaton, WA 82686",6/12/2019,Washington
2461,Margaret,Barnes,(218) 746-9019 ext 2652,millercrystal@smith-taylor.com,"9056 Shane Squares, North Chadburgh, TX 53934",1/21/2017,Texas
2462,Sarah,Stevens,(641) 528-8101,michelle28@swanson-todd.com,"90734 Oliver Locks Suite 692, North Kayla, WV 87411",6/6/2015,West Virginia
2463,David,Key,(601) 327-7623,reyesrenee@hotmail.com,"888 Stanton Falls Apt. 955, Lake Jeremy, KY 94899",10/25/2020,Kentucky
2464,Patricia,Thomas,(263) 152-0897 ext 354,james79@baker-jackson.net,"1624 Carlson Skyway Apt. 670, Lake Dannychester, AZ 97778",9/18/2015,Arizona
2465,Janice,Scott,(887) 860-5193 ext 70305,brandonspencer@cunningham-harris.com,"67552 Garcia Street, Port Alexborough, MT 86415",2/13/2021,Montana
2466,Savannah,Horton,(721) 318-2265,davidshaw@newton-ingram.com,"98119 Moss Spurs Apt. 797, Lake Jasonport, SC 12894",8/29/2016,South Carolina
2467,Anthony,Frye,(942) 127-1057 ext 31609,alex13@hotmail.com,"81498 Molly Village, Port Jamesfort, AK 36683",12/6/2017,Alaska
2468,Marie,Brewer,(584) 149-5972 ext 05725,jason02@jones-moore.biz,"Unit 9595 Box 0602, DPO AP 66885",10/28/2019,Army
2469,Sarah,Patel,(300) 356-3338 ext 40611,shaun01@gmail.com,"5585 Jeffrey Haven Suite 619, Ashleyburgh, IA 67448",11/17/2023,Iowa
2470,Matthew,Pruitt,(234) 578-1921 ext 895,mendezjulie@hotmail.com,"847 Hanna Point, Christianmouth, WA 11954",7/17/2015,Washington
2471,Alyssa,Mendoza,(935) 094-5140,mitchelljenna@mercado.com,"458 Wright Mission Suite 680, South Donnamouth, OR 49679",9/16/2016,Oregon
2472,Susan,Woods,(982) 766-3856,hernandezmichelle@fleming.com,"55056 Molina Road, South Nancy, AL 49627",12/17/2019,Alabama
2473,Edward,Horne,(814) 336-3643,daniel58@yahoo.com,"1045 Salazar Brook, Robertside, KY 28565",1/22/2018,Kentucky
2474,Amanda,Scott,(205) 914-3192,beckerdominique@gmail.com,"09240 Carrillo Gardens Suite 296, East Kimberly, NJ 59179",8/24/2024,New Jersey
2475,Tara,Price,(994) 293-3110,brandongilmore@rodriguez.com,"1643 Hall Estate, Brendachester, LA 60880",9/10/2016,Louisiana
2476,Mary,George,Invalid Data,johnmiller@yahoo.com,"0059 Melanie Plains Apt. 223, Rodriguezport, ND 45264",11/16/2023,North Dakota
2477,Tim,Walker,(337) 248-4990 ext 22939,joseph23@gomez-cole.com,"181 Hardy Meadow, Bishophaven, MN 50718",9/20/2020,Minnesota
2478,Jasmine,Travis,(776) 361-7200,annettewalsh@rodriguez-nguyen.com,"5863 Sean Corners, West Christine, NJ 10395",9/24/2016,New Jersey
2479,Daniel,Blake,(263) 987-1865 ext 567,tyler32@shelton.net,"7904 Robert Via Suite 253, Marthaton, VA 20515",6/22/2016,Virginia
2480,Kristen,Trujillo,(200) 846-3510 ext 4005,lisatate@gmail.com,"PSC 6456, Box 6008, APO AE 10458",7/16/2016,Army
2481,Martin,Clark,(963) 919-6291 ext 1224,briansimpson@banks.info,"747 Rebecca Hills, Lake Christopher, MI 27854",10/30/2022,Michigan
2482,Brandi,Williams,(965) 383-7320 ext 651,sheltonmelanie@williams-bates.com,"928 Debbie Squares Apt. 633, Port Nancyview, KS 54395",1/18/2019,Kansas
2483,Robert,Kelly,(288) 445-5434,annaholland@lawson.info,"5198 Brent Islands, Port James, OK 98497",11/13/2015,Oklahoma
2484,Rita,Day,(619) 720-7740,jeffery05@watson.com,"512 Leblanc Land Apt. 147, Melissabury, CA 02912",7/31/2018,California
2485,David,Mann,(073) 187-1203,baileyjohn@smith.com,"759 Watkins Streets Suite 288, Jensenmouth, NM 77272",11/8/2019,New Mexico
2486,Victoria,Neal,(611) 774-7130 ext 443,gallaghermary@yahoo.com,"97169 Thornton Views, West Johnfurt, AZ 23718",8/13/2019,Arizona
2487,Connie,Evans,(933) 866-3235 ext 307,yford@hotmail.com,"2750 Stephanie Port Apt. 912, Elizabethfurt, WY 64914",3/28/2018,Wyoming
2488,Courtney,Mcdonald,(240) 752-3231 ext 32568,rossstephanie@smith.com,"15317 Cynthia Mall, Jessicafurt, CO 26807",11/5/2020,Colorado
2489,Chad,Miller,(994) 492-5612,jessicabrown@wilson.com,"2884 Robertson River Apt. 642, Lake Kristinehaven, AL 57716",3/14/2020,Alabama
2490,Michelle,Owens,Invalid Data,collinsshawn@king.com,"9499 Hunter Ford Suite 075, South Kaitlinmouth, GA 91556",4/2/2017,Georgia
2491,Calvin,Novak,(697) 236-4335 ext 2611,ldavis@wilson-miller.com,"8048 Dominic Spring Apt. 733, Lake Tonyfort, AK 62715",10/27/2022,Alaska
2492,Zachary,Griffith,(372) 596-0643,ginasmith@smith-thompson.com,"30367 Alexander Manors, Meyershire, HI 29765",6/25/2022,Hawaii
2493,Amy,Woodard,(328) 006-0915 ext 537,brendaparrish@cuevas-conway.com,"40092 Arthur Haven Apt. 199, South Katelyn, NM 45548",8/29/2022,New Mexico
2494,Kara,Le,(722) 193-2578,watersellen@gmail.com,"50561 Ashley Forks, Lake Kariview, UT 46940",7/5/2016,Utah
2495,Phillip,Parker,(940) 322-0377,gonzalezjohn@hotmail.com,"718 James Roads, Ashleyberg, MA 22382",10/15/2023,Massachusetts
2496,Robin,Garrison,(564) 954-2481,taradavis@hotmail.com,"592 Abbott Highway Apt. 613, New Daniel, NY 34069",2/25/2025,New York
2497,Teresa,Lawrence,(517) 284-3577 ext 08248,tcasey@brown-kelly.com,"4808 Wyatt Squares, Davisfort, NE 29045",8/12/2017,Nebraska
2498,Joshua,Gordon,(244) 915-2546 ext 50317,gardnerjorge@morris-brown.com,"623 Myers Square Apt. 363, West Justinside, KY 62684",5/13/2019,Kentucky
2499,Jesus,Hernandez,(248) 845-7754 ext 72537,joseph96@gmail.com,"11162 Tammie Ford Suite 497, West Sarah, AL 70230",9/12/2019,Alabama
2500,Patricia,Rocha,(128) 329-3537,ramostammy@jackson-dickerson.com,"15638 Charles Run, West Michael, MA 33193",1/21/2023,Massachusetts
2501,Ashley,Juarez,(960) 058-3551,xhernandez@gmail.com,"Unit 4170 Box 2097, DPO AP 85151",1/16/2023,Army
2502,Ralph,Green,(647) 722-7170,leslie32@odonnell.org,"1931 Young Underpass, Port Thomasmouth, NM 92078",8/14/2024,New Mexico
2503,Mark,Scott,(655) 287-0908 ext 7099,gboone@yahoo.com,"6514 Chambers Via, Saraburgh, AR 12155",7/11/2018,Arkansas
2504,Jennifer,Oconnor,(498) 807-9861 ext 9641,jacobmitchell@gmail.com,"USNS Cook, FPO AE 42488",5/5/2025,Army
2505,Sandra,Weiss,(825) 688-7499,julia91@hotmail.com,"98159 Adrian Loop Suite 251, Mollyton, SC 92111",6/13/2015,South Carolina
2506,Gary,Sosa,(150) 568-6434,tbutler@sawyer.org,"94087 Howard Cliffs Suite 591, Hendersonmouth, SC 73935",4/11/2017,South Carolina
2507,Wesley,Waters,(776) 648-9597,wlopez@gmail.com,"213 Julia Bypass Suite 044, Hammondchester, AZ 41930",10/19/2020,Arizona
2508,Alyssa,George,(056) 863-3036 ext 2324,fischerseth@gmail.com,"2664 Linda Dam, West Elizabethville, DC 93724",2/26/2019,District of Columbia
2509,Jeffery,Gonzales,(023) 865-1783 ext 107,jorge19@hotmail.com,"01048 Chad Brook Apt. 790, Hillborough, MT 32226",12/27/2022,Montana
2510,Craig,Meza,(909) 895-7116,ljordan@carr.com,"Unit 2809 Box 7182, DPO AP 47306",7/14/2017,Army
2511,James,Rodriguez,(704) 339-2898,jenna67@jacobson-wolfe.org,"242 Erik Plaza, South Matthewburgh, WY 46913",6/9/2018,Wyoming
2512,Jennifer,Wilson,(830) 586-7302,mrusso@gmail.com,"7999 Simpson Fields Apt. 413, East Erinshire, WA 12339",10/27/2024,Washington
2513,Bryan,Gentry,(089) 635-5610,caseymack@dennis.biz,"3568 Lauren Turnpike, Port Matthewhaven, WY 29949",2/20/2017,Wyoming
2514,Tammy,Rios,(343) 876-6222 ext 5596,hendersondenise@hotmail.com,"84146 Gonzales Ways Suite 268, Lake Thomasfurt, MS 00764",4/11/2018,Mississippi
2515,Darlene,Fox,(754) 623-2334,anthony91@harper-fischer.info,"60876 Russell Springs, Collinsview, MI 73071",10/31/2023,Michigan
2516,Tammy,Gonzalez,(222) 695-8355 ext 405,travis64@hotmail.com,"4981 Frazier Corners Apt. 376, West Robert, ME 09704",7/2/2015,Maine
2517,Sydney,Payne,(200) 847-5680 ext 932,rmcpherson@gmail.com,"3449 Marquez Estate Apt. 335, Davidburgh, IL 80704",11/8/2016,Illinois
2518,Danny,Walker,(933) 222-1587 ext 8053,sanchezjennifer@yahoo.com,"85976 Smith Cove Suite 000, North Molly, AK 46030",12/1/2022,Alaska
2519,Jennifer,Williams,(185) 846-9441 ext 009,cindygriffin@smith-fox.info,"2434 Donald Branch, West James, MS 10328",10/11/2017,Mississippi
2520,Kenneth,Cisneros,(086) 053-4552 ext 171,wilsonmichael@wong.com,"561 Olson Forges Suite 834, Joshuaside, ID 03618",12/14/2022,Idaho
2521,Sharon,Stevens,(211) 381-5095,kaylaschneider@hotmail.com,"5644 Jesse Burg Suite 794, East Michael, CO 49149",1/23/2025,Colorado
2522,Christina,Ayers,(365) 457-6240 ext 944,wongcathy@wilkinson.net,"85575 James Keys, Andersonview, HI 62451",10/5/2016,Hawaii
2523,Gregory,Russell,Invalid Data,jeffreywashington@yahoo.com,"9631 Sharon Keys Suite 406, North Brenda, TX 35328",8/25/2022,Texas
2524,Charles,Blackwell,(927) 467-5492 ext 521,nataliemartin@yahoo.com,"PSC 3317, Box 7926, APO AE 56924",6/24/2016,Army
2525,Manuel,Williamson,(436) 055-0926 ext 9239,jonessusan@hopkins-fuentes.info,"USNV Brooks, FPO AE 38928",4/14/2017,Army
2526,Leah,Smith,(098) 822-5730,jimwalker@gmail.com,"2172 Amanda Fort Suite 120, Brownside, KS 66675",7/3/2019,Kansas
2527,Anne,Simmons,(022) 792-0977 ext 5316,ibrown@gmail.com,"0721 Thomas Heights Suite 290, Nicoleborough, NC 49170",9/24/2019,North Carolina
2528,Richard,Smith,(465) 162-7500 ext 8300,reginalyons@martin-williams.com,"PSC 3719, Box 8657, APO AE 02643",7/6/2018,Army
2529,David,Chandler,(103) 053-5084,scottburton@yahoo.com,"9009 Nathaniel Passage, New Andrew, AR 17402",5/8/2020,Arkansas
2530,Kenneth,Ramirez,(189) 456-9970 ext 96146,spayne@pitts.info,"091 Jason Mountains, Brooksberg, NE 70295",8/15/2015,Nebraska
2531,Jason,Rivera,(248) 142-0887 ext 9393,nhawkins@yahoo.com,"35837 Jonathan Rest Suite 163, Stevenshire, NV 13867",10/1/2021,Nevada
2532,Timothy,Garcia,(938) 830-5529,robertsonjames@yahoo.com,"5982 Carrillo Pine Apt. 193, Wrighttown, DC 15660",12/6/2017,District of Columbia
2533,Susan,Walters,(833) 764-7777,brendamassey@wu-vazquez.com,"Unit 5425 Box 5868, DPO AP 45291",9/25/2018,Army
2534,Cindy,Cline,(597) 913-2350,jacksonjoshua@walsh.com,"Unit 9873 Box 9926, DPO AA 17600",10/18/2016,Army
2535,Diane,Wood,(869) 429-3766 ext 54554,catherine78@alvarez.com,"11756 Michael Wells Suite 312, Bennettstad, MD 35780",7/11/2020,Maryland
2536,Christine,Walker,(336) 451-5754 ext 73525,meganherrera@hotmail.com,"1324 Simmons Plaza, Brianview, WV 98889",10/30/2018,West Virginia
2537,Jacob,Krueger,(897) 101-7603 ext 0026,edwingarcia@gmail.com,"469 Pratt Mall Apt. 429, East Dominique, HI 64087",4/28/2018,Hawaii
2538,Jill,Bush,(216) 958-0502,connercolleen@yahoo.com,"14950 Danielle View, Gabrieltown, AZ 04447",12/7/2016,Arizona
2539,Christopher,Perry,(258) 679-4060,brittanyrobles@johnson-williams.org,"USNS Hawkins, FPO AP 74827",2/4/2021,Army
2540,Richard,Nunez,(598) 397-3466,fsimmons@macias.org,"8757 Aaron Turnpike Apt. 774, Dillonmouth, OK 57973",7/20/2018,Oklahoma
2541,Cameron,Johnson,(271) 583-5799,jenniferdixon@lopez-suarez.org,"240 Frances Turnpike, New Dannyshire, SD 90246",11/17/2018,South Dakota
2542,Kevin,Torres,Invalid Data,ojones@snyder-moore.com,"939 Michael Forest Apt. 774, East Samantha, VA 45796",10/28/2016,Virginia
2543,Joshua,Hinton,(794) 769-2575,qruiz@gmail.com,"950 Martinez Greens Apt. 785, North Aaron, WY 17268",2/2/2024,Wyoming
2544,Deborah,Williams,(128) 725-6500 ext 51841,robertsangela@mitchell.net,"Unit 6830 Box 4435, DPO AP 13579",2/4/2018,Army
2545,John,Stuart,(476) 627-9832,allenalexis@rodriguez-olson.com,"2348 Romero Tunnel Apt. 381, Tylerside, AR 64891",5/30/2018,Arkansas
2546,Elizabeth,Watkins,(824) 842-9314 ext 63883,anthony77@cline.net,"9098 Logan Port Suite 676, Gutierrezland, AL 65417",1/17/2023,Alabama
2547,Robert,Russo,(351) 496-2611 ext 013,dawn48@newman.org,"Unit 1874 Box 7800, DPO AA 31279",9/24/2020,Army
2548,Carrie,Anderson,(538) 800-3746,emilybrown@yahoo.com,"37086 Anna Street, South Jessicaborough, CO 57645",5/1/2022,Colorado
2549,Jessica,Washington,(458) 046-6745,richard69@hotmail.com,"5310 Lewis Loaf Suite 490, Zacharyhaven, IL 96339",8/11/2024,Illinois
2550,Michael,Ellis,(103) 254-4389 ext 097,agarcia@hotmail.com,"50058 Ballard Drive, South Candace, VA 41638",2/27/2020,Virginia
2551,Jennifer,Carlson,(246) 805-2013 ext 59935,vsmith@yahoo.com,"7733 Wright Squares Apt. 620, North Joseph, IA 71358",5/8/2019,Iowa
2552,Aaron,Moyer,(976) 425-7553 ext 174,meagan19@hotmail.com,"82035 Ross Squares Apt. 199, Carterberg, KY 05736",8/23/2018,Kentucky
2553,Isabella,Cline,(504) 365-9203 ext 354,melodycook@allen.com,"9127 Lee Plains Apt. 134, North Mitchellfort, CO 39916",12/28/2019,Colorado
2554,Sharon,Carter,(188) 865-0619,johnstonbeverly@hood.org,"1346 Michael Path, North John, MS 09087",8/3/2019,Mississippi
2555,Angela,Burgess,(028) 970-9443,zmeyer@yahoo.com,"92430 Amber Islands Apt. 637, East Kyle, ND 82290",5/29/2019,North Dakota
2556,Laura,Howard,(730) 608-7702 ext 5028,blairkelly@yahoo.com,"93736 Teresa Vista, Nguyenport, KS 15766",8/15/2023,Kansas
2557,Matthew,Adams,(631) 915-6101,jamieking@conrad.com,"02715 Patrick Stravenue Apt. 146, New Felicia, FL 18156",12/19/2021,Florida
2558,Justin,Hamilton,(333) 433-7766 ext 931,tthomas@ward-reese.com,"219 Dillon Inlet Apt. 931, Kathrynberg, NY 64913",9/18/2018,New York
2559,Daniel,Delacruz,(004) 170-8136 ext 07851,dwilliams@thompson.com,"714 Conway Manors Apt. 997, Brightmouth, MI 36524",6/8/2023,Michigan
2560,Samantha,Evans,(401) 641-6242,johnsonamy@hotmail.com,"PSC 6214, Box 1570, APO AP 32661",11/22/2022,Army
2561,Hunter,Aguirre,Invalid Data,cindy01@howard-fletcher.biz,"408 Hooper Expressway, South Brianshire, OR 97303",5/10/2023,Oregon
2562,Mark,Torres,(305) 282-9680 ext 6362,walkerwilliam@hotmail.com,"4023 Jordan Vista, Stephaniechester, NV 26697",5/9/2017,Nevada
2563,Sandy,Nelson,(275) 885-3839 ext 239,kelly28@mckee.com,"21170 Cook Throughway, Douglasmouth, DC 77220",6/15/2024,District of Columbia
2564,William,Martin,(794) 727-9886 ext 321,cfoster@gmail.com,"125 Mack Dam Suite 343, Moralesmouth, IN 28046",9/14/2019,Indiana
2565,Sarah,Edwards,(781) 461-8048 ext 7545,uortega@gmail.com,"8110 Rose Trafficway Apt. 253, Caseyside, NC 10224",2/3/2020,North Carolina
2566,Sarah,Moore,(239) 911-0588 ext 347,evansdavid@marquez-hanson.info,"7109 Walker Walk Apt. 190, Port Robertfort, CA 06053",2/22/2022,California
2567,Joseph,Koch,(501) 981-2616 ext 361,melanielewis@neal.com,"2089 Poole Grove Apt. 798, North Michelle, MI 60735",9/30/2019,Michigan
2568,Kevin,Mckinney,(909) 833-9514 ext 91506,jeffreygoodman@scott.com,"10931 Nicholas Roads, Lopezton, CO 02632",3/1/2018,Colorado
2569,Brittany,Hicks,(551) 534-5273 ext 0326,dwalker@hotmail.com,"19340 Jason Island Suite 390, East Kathleen, FL 29448",2/12/2021,Florida
2570,Raymond,Franco,(765) 581-9147,mcgrathnatalie@yahoo.com,"4486 Cynthia Landing Apt. 965, Port Kristi, FL 67551",3/29/2018,Florida
2571,Michael,Jones,(593) 878-2221 ext 4559,gmiles@hotmail.com,"59439 Alexander Center, West Ryanburgh, CO 35030",7/13/2021,Colorado
2572,Christopher,Cardenas,(970) 250-7447,jamessnyder@duncan-cortez.com,"544 Moore Cove Suite 189, East Brooke, ME 39966",12/27/2017,Maine
2573,Donald,Sanford,(775) 568-5602,matthewcordova@douglas.biz,"PSC 2752, Box 2150, APO AE 24625",10/4/2021,Army
2574,Jeffrey,Morales,(318) 801-9799 ext 69027,grace61@yahoo.com,"0356 Williams Vista, East Anthonyfurt, SD 39013",7/17/2020,South Dakota
2575,Emily,Kramer,(491) 712-4479,zhale@gutierrez.com,"301 Thompson Fall, Port Kimberlyberg, AL 52921",12/7/2017,Alabama
2576,John,Sullivan,(812) 418-8560,sjimenez@hotmail.com,"393 Michael Spring, Williamsstad, OK 12211",5/27/2020,Oklahoma
2577,Michelle,Sellers,(235) 139-3880 ext 773,andersenmaria@yahoo.com,"5198 Abigail Heights Apt. 805, Wayneshire, OK 74799",11/24/2021,Oklahoma
2578,Jeanne,Lopez,(238) 210-3575,william49@hotmail.com,"566 Wilson Tunnel Suite 506, Bautistaburgh, CO 52956",4/14/2017,Colorado
2579,Rachel,Hartman,(835) 403-8297 ext 79738,angelalarson@miller.com,"2666 Roberts Squares, North Leeland, GA 29203",3/26/2016,Georgia
2580,Julie,Hernandez,(975) 644-6512 ext 310,jenkinscaleb@gmail.com,"02904 Elizabeth Square Apt. 510, Kristenville, MI 46393",12/8/2015,Michigan
2581,James,Sims,(267) 802-4265 ext 66748,lawrence39@yahoo.com,"676 Crystal Flat, West Jamie, LA 80416",9/27/2020,Louisiana
2582,Sara,Vasquez,(137) 203-1470 ext 4968,leecosta@wilkins-bradford.biz,"6163 Julie Views, Mistyborough, KS 95255",7/9/2022,Kansas
2583,Adrian,Perry,(276) 414-1976 ext 03312,nelsonjames@tapia.info,"2708 Regina Street, North Amanda, CA 28415",11/1/2017,California
2584,Christine,Patton,(229) 082-2686 ext 61811,ijones@hall.com,"4235 Bailey Plaza Apt. 684, Port Matthew, OH 16923",9/10/2024,Ohio
2585,Shaun,Howard,(231) 907-3913 ext 183,elizabethanthony@hotmail.com,"USCGC Lucero, FPO AP 71568",8/23/2021,Army
2586,Peter,Jordan,(194) 394-9106 ext 388,aprilreyes@hotmail.com,"352 Rita View Suite 296, Lauraberg, LA 03518",9/6/2024,Louisiana
2587,Patrick,Taylor,(096) 743-2881 ext 8390,lgonzales@brown-harris.biz,"1742 Olson Trail, Floresstad, MT 43239",4/29/2022,Montana
2588,Kristie,Foster,(297) 830-5591,melindaochoa@yahoo.com,"665 Peterson Estates, South Melissa, WI 29984",1/4/2022,Wisconsin
2589,Melanie,Ramirez,(892) 797-9058 ext 517,reyeswilliam@hotmail.com,"Unit 0523 Box 0170, DPO AP 58534",11/13/2020,Army
2590,Pamela,Montgomery,(319) 311-1052,wvalenzuela@charles.com,"844 James Orchard, South Kimberly, AK 72944",2/19/2017,Alaska
2591,Daniel,Ramirez,(487) 944-6215 ext 4791,tonya71@gmail.com,"PSC 5313, Box 4473, APO AP 60191",4/17/2022,Army
2592,Chad,Mendoza,(639) 826-8102 ext 5244,audrey98@maldonado.org,"PSC 0859, Box 1620, APO AA 94463",3/19/2025,Army
2593,Mary,Young,(034) 794-3267 ext 454,ericaking@klein-rojas.com,"PSC 9255, Box 7742, APO AA 93101",5/5/2020,Army
2594,Diana,Bailey,(431) 970-9220 ext 07710,rebekah44@hotmail.com,"9992 Juan Bridge Suite 903, North Erin, DE 51939",11/29/2018,Delaware
2595,Allison,Miller,(337) 651-5688 ext 885,jenniferthomas@yahoo.com,"052 Joy Lakes, Adamsburgh, MD 43203",12/14/2024,Maryland
2596,Tiffany,Weaver,(491) 489-8956 ext 523,kevinsolomon@hotmail.com,"75234 Bowman Park Suite 881, Port Jonathonborough, MI 31777",6/2/2023,Michigan
2597,Marcus,Grant,(945) 010-7173 ext 625,qhayden@clark-ponce.biz,"760 Higgins Inlet Apt. 185, Howardland, WY 09402",3/24/2025,Wyoming
2598,William,Gonzalez,(353) 148-0134 ext 46971,glennshari@adams-jackson.com,"705 Wells Cliffs, New Jessicamouth, NH 09124",2/28/2022,New Hampshire
2599,Vickie,Miller,(766) 051-8653 ext 161,miguelpearson@yahoo.com,"8887 Gibbs Points Apt. 951, Olsenview, AL 10034",9/18/2016,Alabama
2600,Lauren,Gibson,(805) 288-7016,sonia04@frazier.com,"1638 Decker Center, Lake Lisa, CT 73144",9/16/2020,Connecticut
2601,Elizabeth,Wilkerson,(162) 945-6453,qhernandez@hotmail.com,"94026 Cortez Camp, Phillipfort, MN 50627",5/31/2016,Minnesota
2602,Jessica,Bradford,(078) 660-5599 ext 6367,brian49@gmail.com,"5950 Jennifer Lane, Toddland, ID 32520",6/14/2024,Idaho
2603,Benjamin,Santiago,(069) 092-9273 ext 980,lpowell@hotmail.com,"7905 Heath Unions Suite 148, New Nathan, NV 39220",4/21/2021,Nevada
2604,Shari,Leblanc,(730) 707-3080,zdavis@hebert-evans.com,"6134 Rios Lakes Suite 897, Crawfordborough, NJ 58918",8/26/2020,New Jersey
2605,Crystal,Walker,(734) 217-0376 ext 256,xmendez@taylor.com,"Unit 8454 Box 4236, DPO AE 40522",4/24/2020,Army
2606,Cory,Middleton,(605) 209-7506 ext 8614,pclark@welch-smith.org,"1130 Martin Spur Apt. 956, Melissaburgh, SC 41641",2/3/2017,South Carolina
2607,Emily,Perez,(628) 074-2102 ext 55928,gary73@gmail.com,"6478 York Rest, Mariaville, NV 39072",7/1/2019,Nevada
2608,William,Weber,(731) 081-7248,leonardbenson@hotmail.com,"87767 Kennedy Pass Apt. 679, Victoriamouth, NV 40276",11/3/2019,Nevada
2609,Cody,Collins,Invalid Data,catherine95@robinson.info,"3303 Tammy Court, Jenningsville, IL 59150",2/15/2024,Illinois
2610,Andrew,Watson,(035) 719-9681 ext 2142,hgarcia@yahoo.com,"17841 Johnson Streets Apt. 241, West Tracey, WI 64344",4/3/2018,Wisconsin
2611,Zachary,Snyder,(688) 226-7591 ext 8450,benjamin59@yahoo.com,"389 Tony Shoal Apt. 572, South Pamela, OR 68760",9/9/2024,Oregon
2612,Stephen,Webster,(374) 148-5518 ext 6786,kevingraham@taylor-smith.com,"94784 Wells Falls, West Rachelfort, VA 94962",5/25/2021,Virginia
2613,Matthew,Miles,(816) 598-7165,dkemp@richard.com,"4950 Love Fall, West Dawn, UT 36635",5/5/2019,Utah
2614,Elizabeth,Le,(573) 912-9339 ext 080,pwilson@rhodes.net,"697 Vargas Highway Suite 290, Smithview, MT 71272",4/18/2021,Montana
2615,Kenneth,Wade,(532) 934-7280 ext 811,kstevens@gmail.com,"21744 Yoder Springs Apt. 987, Toddchester, LA 24896",4/1/2023,Louisiana
2616,Gregory,Lee,(994) 921-6380 ext 32082,krististewart@gmail.com,"095 Johns Drive Apt. 997, Port Reginald, MT 98886",4/8/2016,Montana
2617,Charles,Oliver,(164) 200-3489 ext 5486,stevenbautista@hotmail.com,"2014 Jenkins Pike, Brittanyview, MO 23513",3/22/2022,Missouri
2618,Danny,Williams,(851) 038-8175 ext 734,krivera@gmail.com,"5455 Maxwell Rest, Arianamouth, KS 16647",9/21/2020,Kansas
2619,Tanya,Herrera,(441) 446-3473 ext 360,qfreeman@cruz-howard.com,"89630 Denise Orchard Suite 973, Walkertown, RI 74208",4/16/2017,Rhode Island
2620,Caleb,Smith,(161) 505-2900 ext 7127,qjohnson@bush.com,"5499 Felicia Estates Apt. 227, Lake Jasonview, CA 49346",4/23/2022,California
2621,Joshua,Wheeler,(149) 495-9866,taylorjennifer@gonzalez.info,"38067 Jennifer Spring Suite 734, New Greg, HI 65350",9/5/2024,Hawaii
2622,Melissa,Pacheco,(678) 472-3784 ext 76912,ryan60@flores-wilson.com,"33854 Frazier Roads Suite 865, Josephshire, OK 15791",10/7/2023,Oklahoma
2623,Joseph,Russell,(882) 417-3104 ext 154,dianarichards@huff.com,"504 Haley Street Apt. 055, Tuckerview, NJ 53668",5/16/2023,New Jersey
2624,Patricia,Gonzalez,(179) 977-0594,randalljeffrey@gray.biz,"USNV Miller, FPO AP 76143",12/7/2022,Army
2625,Robert,Myers,(117) 899-8841 ext 5026,pmahoney@wilson-baker.net,"353 Nicole Street Suite 746, Warrenfurt, GA 42217",6/13/2021,Georgia
2626,Abigail,Schmidt,(760) 452-9396 ext 61224,debra65@oconnor.biz,"416 Suzanne Way Apt. 934, New Darrellmouth, AZ 13870",10/19/2020,Arizona
2627,Clifford,Woods,(236) 037-3194,joelsingh@hotmail.com,"7701 Jennifer Road, New Philipland, WI 24724",10/3/2018,Wisconsin
2628,Jennifer,Lamb,(810) 779-7733 ext 860,stokeslarry@baker.net,"736 Smith Harbor, North Sarahmouth, HI 17659",9/18/2019,Hawaii
2629,Ryan,Silva,(068) 572-4089 ext 12611,eric81@shea.com,"755 Lopez Parkways Suite 836, Haleyfort, IA 43824",2/4/2022,Iowa
2630,Kevin,Lawson,(117) 964-4449 ext 058,robinsonterri@yahoo.com,"5812 Clarke Oval, Lake Stevenfurt, MI 53816",12/16/2019,Michigan
2631,Michael,Underwood,(432) 558-8485,mullinsdawn@miller.com,"6373 Mcclure Points, Maryton, VA 63616",2/21/2021,Virginia
2632,Brian,Martin,(534) 012-6649,cheyennegreen@johnson.com,"PSC 9202, Box 7302, APO AP 57242",11/14/2021,Army
2633,Linda,Knight,(149) 684-8413,gouldchelsea@hawkins-brown.com,"925 Meyer Loop, Bergerport, IA 27576",2/14/2016,Iowa
2634,Ryan,Hernandez,(601) 396-4539,kirbyheather@castillo.net,"95107 Julie Drive, East Alicia, IN 33446",1/30/2023,Indiana
2635,Victoria,Spencer,(940) 068-9289 ext 4211,cohenvincent@hotmail.com,"370 Page Avenue, Lancehaven, WI 55694",8/22/2017,Wisconsin
2636,Katelyn,Dominguez,(368) 209-6870,timothybutler@young-morgan.com,"223 Bernard Circles, East Bradleystad, NJ 24682",6/21/2018,New Jersey
2637,Autumn,Weaver,(841) 948-4868 ext 996,bonniemiller@gmail.com,"421 Johnson Oval, South Tammymouth, LA 36433",11/10/2019,Louisiana
2638,Lori,Miller,(429) 666-7586 ext 9009,cruzemily@hotmail.com,"USCGC Hughes, FPO AA 48644",12/19/2024,Army
2639,Alyssa,Wilkerson,(954) 991-1236 ext 34914,michelle81@gmail.com,"3762 Green Canyon Apt. 657, Port Brandon, MN 73305",6/22/2017,Minnesota
2640,James,Jackson,(662) 814-5492 ext 45440,jerrymejia@schaefer.com,"85110 Roy Port, Lake Amy, MS 79527",3/27/2019,Mississippi
2641,Katherine,Turner,(077) 661-2179 ext 35918,dnelson@smith.com,"6174 Horne Greens Apt. 818, Johnhaven, KY 79204",3/10/2019,Kentucky
2642,Amy,Rogers,(057) 296-8867 ext 3788,leslie99@hotmail.com,"051 Dustin Port Suite 405, Stephenview, MO 92127",5/15/2019,Missouri
2643,Crystal,Cummings,(311) 252-7284,lindseymckay@fowler.com,"655 Annette Cove, North Jamie, IA 76148",1/4/2020,Iowa
2644,Janice,Soto,(639) 499-1915,petersamy@hotmail.com,"91291 Matthew Lights, Sawyerbury, AR 57203",5/24/2022,Arkansas
2645,Daniel,Hines,(247) 497-6332 ext 7156,cchung@gmail.com,"7113 Robert Shoal Suite 708, South Melissamouth, NH 29371",5/29/2017,New Hampshire
2646,Benjamin,Wood,(927) 177-8344,robertnorman@gmail.com,"59730 Brandon Estates, Lake William, MI 30167",9/11/2020,Michigan
2647,Deborah,Peterson,355763999,darius99@clayton-kemp.com,"310 Oconnell Course Apt. 992, Wagnerburgh, IA 58366",11/23/2015,Iowa
2648,Ronnie,Davis,(285) 229-6336 ext 6549,christopher19@juarez.net,"34179 Anthony Cape Suite 590, East Stephenbury, KS 83995",7/14/2020,Kansas
2649,Andrew,Preston,(487) 496-4284 ext 632,mendezcollin@yahoo.com,"04292 Jonathan Trafficway, West Williamtown, NE 63926",12/28/2016,Nebraska
2650,Jane,Mccoy,Invalid Data,npetersen@hall.com,"06096 Keith Parkway, North Elizabeth, MN 50457",7/27/2017,Minnesota
2651,William,Johnson,(392) 015-2597,kinganthony@yahoo.com,"9184 Garcia Drives, Norrisborough, WI 70202",6/11/2020,Wisconsin
2652,Shannon,Ramirez,(329) 757-9301 ext 528,kellyholden@austin.org,"2121 Mcintosh Rest, Watersport, AZ 49808",1/27/2019,Arizona
2653,Danielle,English,(289) 322-8957,tiffanymendez@yahoo.com,"077 Victoria Camp Apt. 770, Elizabethburgh, DE 36778",12/22/2021,Delaware
2654,Paula,Knight,(482) 729-6319 ext 040,erin09@williams.com,"825 Derrick Spring, Lake Bradley, WY 96569",1/4/2019,Wyoming
2655,Madeline,Scott,(800) 806-3887 ext 09446,jjensen@hotmail.com,"Unit 8552 Box 2937, DPO AP 48288",4/18/2024,Army
2656,Daniel,Brown,(007) 428-3009 ext 40899,fostermichelle@mcmahon-clark.com,"58347 Mark Stream Suite 326, South Jenna, MO 15685",12/28/2017,Missouri
2657,Christina,Reed,(056) 991-3155,susansawyer@copeland.biz,"USS James, FPO AE 42669",1/18/2023,Army
2658,Daniel,Quinn,Invalid Data,ymcgee@yu.com,"947 Alvarez Tunnel Suite 628, Simpsonshire, OR 23901",1/23/2019,Oregon
2659,Harold,Johnson,(815) 852-3120 ext 444,sweeneylauren@yahoo.com,"4195 Brewer View Apt. 755, Port Jeremyton, NY 65955",4/10/2022,New York
2660,Christopher,Trujillo,(129) 913-4242,moodymatthew@nelson.biz,"872 Castro Station Apt. 153, Port Randall, CA 88376",4/10/2023,California
2661,William,Lang,(837) 522-0404 ext 2548,mwells@dunlap-anderson.org,"2452 Larson Squares, Christinebury, OR 36250",6/19/2016,Oregon
2662,Tammie,Crawford,(102) 348-7422,moorechristine@hotmail.com,"PSC 0447, Box 7514, APO AE 23189",4/27/2018,Army
2663,Scott,Alvarez,(198) 353-5988 ext 5463,millerbrandy@quinn.net,"197 Murphy Drive Apt. 611, Jeffreymouth, VT 24695",4/4/2018,Vermont
2664,Tracey,Serrano,(797) 360-0281,lindastephens@rice.com,"48141 Dorsey Street Apt. 367, Lake Patrickton, VT 79871",7/23/2016,Vermont
2665,Madison,Burke,(866) 278-2904 ext 6412,scott98@brown-koch.info,"451 Mccarthy Circle, Lake Annaside, KY 21376",2/20/2021,Kentucky
2666,Michael,Smith,(609) 632-4734,jonesdouglas@gmail.com,"27282 Miller Course Suite 398, Ibarrafurt, PA 31505",11/13/2020,Pennsylvania
2667,Johnathan,Werner,(022) 629-0178 ext 539,susanbarton@smith.com,"851 Christina Plains Suite 977, Port Eddie, VT 15394",3/12/2023,Vermont
2668,Deborah,Arroyo,Invalid Data,gayrebecca@gmail.com,"5878 Randall Manors, East Jasmineton, WI 71196",10/25/2015,Wisconsin
2669,Alicia,Everett,(921) 699-2561 ext 1578,mejiarichard@ramirez.biz,"PSC 5627, Box 3484, APO AP 84742",2/12/2023,Army
2670,Michael,Simmons,(225) 839-7510 ext 724,antonioallen@long.biz,"240 Williams Fort, Christopherview, UT 93654",10/16/2021,Utah
2671,Christopher,Freeman,(979) 622-6785 ext 24764,chapmanalyssa@hotmail.com,"04442 Alvin Springs Apt. 915, Ericland, DC 10863",10/11/2021,District of Columbia
2672,Nicole,Johnson,(183) 489-5228 ext 46953,patrickhorton@page-chen.com,"47663 Thompson Fort, Evansfort, CT 65622",4/23/2021,Connecticut
2673,Jessica,Parker,(505) 760-9004 ext 916,qmcneil@black.net,"17029 Keith Ways, Greentown, OR 90390",9/7/2021,Oregon
2674,Dawn,Ward,(296) 750-6232,terrellalyssa@cooper.org,"Unit 5594 Box 3013, DPO AP 11711",10/11/2016,Army
2675,Angela,Jensen,(350) 674-0068 ext 04168,kerralexis@hess.net,"1021 Gary Union, East Timothy, SD 38230",7/9/2024,South Dakota
2676,Kayla,Case,(818) 187-6970 ext 101,larryhaynes@gmail.com,"362 James Overpass, Kimberlyside, IL 77165",12/9/2018,Illinois
2677,Christina,Morris,(455) 068-2522,michelle76@cain.com,"7165 Nancy Court, East Michelle, CT 62329",9/14/2023,Connecticut
2678,Christopher,Thomas,(346) 052-9906 ext 308,wgonzalez@gmail.com,"591 Harris Parkways, New Kim, NC 30351",4/28/2017,North Carolina
2679,Kayla,Chandler,(787) 529-8258 ext 295,troy89@gmail.com,"985 Johnson Club Apt. 427, Josephstad, HI 66534",3/18/2018,Hawaii
2680,Laura,Ruiz,(879) 666-7513 ext 91569,williamscaitlin@farrell.com,"18270 Olivia Springs Apt. 052, Jessicashire, AL 26393",11/7/2020,Alabama
2681,Kristin,Esparza,(503) 523-8811,randyadams@mullen.info,"289 Isaac Fall Suite 044, West Charlesshire, IA 91464",3/5/2016,Iowa
2682,Cody,Velasquez,(552) 305-0375,jeffreywilliams@reeves-day.biz,"188 Julie Trace Apt. 265, East Sean, GA 16110",2/24/2022,Georgia
2683,Jennifer,Coleman,(886) 533-6379,robert47@mcdaniel.com,"835 Holmes Knolls Apt. 287, Port Davidmouth, ID 26702",5/7/2020,Idaho
2684,Beth,Mcgrath,(299) 754-3873 ext 2661,gary00@yahoo.com,"02875 Thompson Gateway Suite 886, Jenniferfort, IN 38780",1/13/2021,Indiana
2685,Tony,Franklin,(584) 273-5631 ext 6182,ugomez@gmail.com,"385 Sharp Corner, Johnport, VA 81636",3/23/2024,Virginia
2686,Stacy,Rojas,(553) 095-1983 ext 9753,martinjessica@yahoo.com,"1738 Michael Springs Suite 529, Johnsonshire, CA 39474",6/1/2020,California
2687,Danielle,Williams,(701) 481-5616,nicolebruce@anderson.com,"6860 Thomas Stravenue, New Glennbury, LA 30671",4/29/2021,Louisiana
2688,Victoria,Gonzalez,(819) 327-3483,yrobbins@hotmail.com,"583 Miller Meadows, Barbaraborough, MN 25849",11/21/2016,Minnesota
2689,Jennifer,Herrera,(941) 119-0301,woodseduardo@walker.com,"17270 Wanda Manors, Lake Andreside, WA 23424",9/23/2022,Washington
2690,Ethan,Burns,(610) 692-1233,dschultz@gmail.com,"Unit 6712 Box 3404, DPO AP 88577",5/25/2017,Army
2691,Phyllis,Jones,(949) 210-6888,chad86@yahoo.com,"05188 Lauren Forge Suite 427, Kristenside, DE 93427",9/14/2019,Delaware
2692,Brian,Bailey,(068) 786-9587 ext 65578,vicki44@hotmail.com,"0804 Shane Parkways, Scottbury, NY 68559",6/27/2022,New York
2693,Stephanie,Cook,(591) 754-7463 ext 2685,bryansmith@gmail.com,"59856 Ryan Way Suite 741, Maciasshire, KS 19824",8/19/2024,Kansas
2694,John,Morris,(930) 664-2345,evelyncook@davis.com,"9154 Lambert Key Suite 928, Hugheston, ID 62423",12/27/2017,Idaho
2695,Adrienne,Garcia,(921) 197-1420,yolandasmith@gmail.com,"46517 Miller Gardens, Walkermouth, IL 84641",3/4/2016,Illinois
2696,Arthur,Mccarthy,(888) 210-6265,haley34@bond-scott.com,"6473 Gregory Brook Apt. 547, Lake Jacob, OK 74115",1/24/2023,Oklahoma
2697,Eric,Lucas,(364) 371-0077 ext 648,lindatate@beck.com,"USNV Stone, FPO AA 68018",8/22/2015,Army
2698,Jeffrey,Swanson,(132) 827-2736,boonepeggy@cole-alexander.com,"5720 Danielle Fields, Burchshire, GA 64589",12/21/2024,Georgia
2699,David,House,(687) 271-2832 ext 23384,yolandaharrison@gmail.com,"31275 Randall Ville, New Carolyntown, FL 39080",10/6/2023,Florida
2700,Marvin,Lewis,(908) 160-2849,diamondchristensen@yahoo.com,"775 Kevin Port Suite 252, West Heatherview, NJ 63186",8/23/2023,New Jersey
2701,Maria,Sanchez,(420) 942-5063 ext 07890,brendan02@yahoo.com,"300 Harris Crossing Suite 991, New Ryantown, VT 85631",3/11/2020,Vermont
2702,Haley,Ramos,(839) 484-7361 ext 734,kara97@carrillo-ellis.com,"971 Miller Shoals Apt. 805, Gonzalesbury, NY 12213",6/14/2021,New York
2703,Michael,Bailey,(683) 308-1555 ext 3751,gregory65@yahoo.com,"9654 Smith Rue Suite 027, Port Luiston, MN 29322",12/30/2017,Minnesota
2704,Walter,Stewart,(735) 457-0083,goodmantina@hardin.net,"376 Sharon Fields Apt. 905, Ortegafort, MN 71098",6/16/2024,Minnesota
2705,Amy,Herrera,(173) 165-1477,powellbrian@melton.biz,"88304 Brandy Vista Apt. 790, Rachelshire, MN 34467",8/12/2021,Minnesota
2706,David,Hood,(104) 529-0038,matthewfranklin@clayton-hickman.com,"96931 Michelle Spring Apt. 527, Gregoryfort, WI 54593",2/14/2022,Wisconsin
2707,Aaron,Chen,(910) 505-2925 ext 2653,uleon@rich.com,"80387 Edward Roads Apt. 881, Jamieside, AL 10269",2/27/2018,Alabama
2708,Jessica,Ford,(762) 171-7090 ext 65753,chase01@gmail.com,"148 Joshua Rapids Apt. 012, Cynthiamouth, MA 18105",11/20/2015,Massachusetts
2709,Robert,Warren,(313) 741-8301 ext 71734,jessica93@gilmore-berger.com,"7861 Rivera Keys Suite 227, Logantown, LA 69735",7/26/2019,Louisiana
2710,Catherine,Young,(741) 196-1980 ext 18317,colemanjoshua@ingram.com,"647 Paula Rapid Apt. 799, West Savannah, WA 32519",4/26/2018,Washington
2711,Rebecca,Adkins,(361) 172-4359 ext 558,antoniomccall@brown-smith.info,"7882 Morrow Bridge, Meganshire, NM 97959",2/1/2018,New Mexico
2712,Courtney,Barnes,(802) 797-7364 ext 811,oconnorlaura@cox.biz,"48212 Rubio Extension Suite 714, Justinberg, AR 27391",2/29/2020,Arkansas
2713,Peter,Liu,Invalid Data,lawrencemoore@mcintosh.com,"1883 Clayton Turnpike Suite 947, Lake Natasha, OH 09416",2/24/2018,Ohio
2714,Todd,Lowe,(821) 001-7561 ext 265,bjennings@hall.org,"3539 Lauren Path Suite 884, Georgeport, KS 86162",12/31/2017,Kansas
2715,Joshua,Castro,(127) 384-9921,zruiz@hotmail.com,"74964 Christine Valleys, Claudiamouth, MS 07114",10/6/2016,Mississippi
2716,Dale,Johnson,(631) 188-0112 ext 560,danderson@beltran.net,"54387 Gordon Crescent Apt. 165, New Morgan, WY 58003",7/28/2017,Wyoming
2717,Carla,Cook,(981) 542-8737 ext 5863,dcruz@carroll.com,"739 Lopez View, Wheelerberg, NE 83373",3/25/2021,Nebraska
2718,Richard,Carter,(644) 844-3204 ext 5173,dcaldwell@hotmail.com,"78272 Brian Fork Suite 711, South Patricia, AK 14357",1/1/2021,Alaska
2719,Gregory,Murphy,(991) 166-1459 ext 07685,kennethsloan@bell.com,"19044 Emma Cove, Tinafort, IN 77990",12/3/2018,Indiana
2720,Stephanie,Adams,(557) 209-9050,deniseriggs@hotmail.com,"5314 Robin Common Apt. 122, East Joanneshire, AK 23026",2/12/2024,Alaska
2721,Lisa,Ibarra,(034) 174-3868,mcculloughmichael@murphy.com,"1062 Salas Station, West Jason, CT 39961",3/7/2017,Connecticut
2722,Curtis,Thompson,(010) 887-3415,lambertchristina@mitchell.biz,"98428 Carlos Ports Apt. 440, East Craigburgh, DC 37156",10/31/2016,District of Columbia
2723,Raymond,Middleton,(474) 780-8633,ahayes@pena.com,"15279 Jacobs Rapids, Christophermouth, NC 66194",4/30/2023,North Carolina
2724,Susan,Stevens,(300) 252-7905 ext 16323,morgangregory@walker.biz,"2358 Sue Walks Apt. 981, New Gabrielburgh, OK 54199",12/1/2019,Oklahoma
2725,Andrea,Davis,(793) 394-4027 ext 5189,millerelizabeth@duke-reid.com,"USS Martinez, FPO AE 65705",10/29/2020,Army
2726,Loretta,Howard,(353) 118-7911,mwilson@ware-smith.net,"PSC 1223, Box 7872, APO AP 04657",11/19/2023,Army
2727,Laura,Gutierrez,(526) 181-5729,drobertson@villanueva-long.org,"243 Smith Drive, Brianhaven, CT 34414",8/30/2016,Connecticut
2728,Laura,Anderson,(747) 279-8354 ext 9549,nelsondaniel@wagner.com,"36022 Murphy Corner, West Tiffanyborough, GA 54649",8/31/2017,Georgia
2729,Daniel,Sanders,(575) 864-2235,mccoyjustin@torres-mclaughlin.com,"57482 Jacqueline Wall, North Matthewburgh, TX 54655",7/15/2021,Texas
2730,Robert,Lawrence,(674) 482-9865 ext 26413,ellenthomas@hotmail.com,"5158 Chandler Cliff, Madisonland, NM 14792",12/11/2020,New Mexico
2731,Ashley,Mcdaniel,(756) 905-7219,susanstephens@sanchez.com,"78891 Parker Curve Apt. 953, New Charlesland, WA 48485",12/21/2020,Washington
2732,Craig,Peterson,(246) 674-1113,rickwashington@gmail.com,"5516 Bishop Meadows Suite 748, South Dawn, VA 11498",7/18/2015,Virginia
2733,Joseph,Thomas,(559) 167-1991 ext 8481,rogerscynthia@bartlett-hughes.com,"883 Scott Square, Adamsview, TN 83690",11/28/2017,Tennessee
2734,Rebecca,Lucas,(326) 832-0801,gail17@yahoo.com,"Unit 7723 Box 0764, DPO AP 55578",4/2/2025,Army
2735,Ian,Watkins,(855) 962-7115 ext 20480,kingallison@hayes.net,"PSC 4443, Box 7384, APO AP 78039",12/30/2017,Army
2736,Anthony,Torres,(330) 934-9121 ext 44440,monica16@hotmail.com,"73017 Lonnie Mall, Port Matthew, KY 55619",5/19/2023,Kentucky
2737,Hunter,Stephens,(020) 329-3652,barkernicole@gmail.com,"7552 Rogers Forest, Kellyville, ME 02127",4/21/2017,Maine
2738,Jane,Williamson,(226) 310-6231 ext 8458,cassandra75@gmail.com,"Unit 7639 Box 7456, DPO AA 33813",3/19/2020,Army
2739,Elizabeth,Martin,(482) 565-3013 ext 54291,rasmussencharles@bowman-garcia.com,"99757 Joseph Courts Apt. 605, Christinachester, LA 12046",9/24/2021,Louisiana
2740,Bridget,Ward,(647) 229-3500,mariamerritt@harrison-stark.com,"470 Miranda Rapid, Leeborough, HI 56555",2/2/2025,Hawaii
2741,Jessica,Levine,(473) 160-5447 ext 75077,garrettchris@jones.com,"3317 Brown Place Suite 713, West Jessicaburgh, SC 44287",9/6/2021,South Carolina
2742,Krista,Chapman,(986) 685-3828,vwebb@gmail.com,"Unit 6607 Box 6724, DPO AA 23211",12/31/2018,Army
2743,Joseph,Chambers,(356) 583-2596 ext 64403,williamsterri@greene.com,"377 Reyes Ridges, Port Stevenfort, SD 76032",11/9/2016,South Dakota
2744,John,Walker,(216) 125-5493,bernard41@johnson-castro.com,"94013 Kevin Forges, North Nancyfort, SD 18328",8/1/2022,South Dakota
2745,Justin,Howell,(049) 927-3888,kenneth65@brown-villanueva.com,"59489 Taylor Freeway Suite 318, East Suzanneside, CO 93898",2/26/2017,Colorado
2746,Larry,Collins,(779) 713-6874 ext 294,hunterhoward@gmail.com,"6881 Kristin Landing Suite 790, Kingview, NC 47852",8/14/2022,North Carolina
2747,Michael,Copeland,(505) 044-8831,brookstimothy@yahoo.com,"842 Rose Groves Suite 987, South Edward, NM 94259",2/8/2017,New Mexico
2748,Isaac,Rogers,(781) 286-8161 ext 96293,robertenglish@hotmail.com,"9060 Anderson Estate Apt. 867, South Catherineburgh, CO 04066",9/12/2015,Colorado
2749,Jasmin,Monroe,(944) 175-7348 ext 6516,uhatfield@gallegos.com,"40209 Taylor Ramp Suite 793, East Jonathan, VA 02538",12/8/2022,Virginia
2750,Colleen,Scott,(360) 728-0231 ext 503,danielle20@yahoo.com,"697 Beth Manors, New Matthewport, DC 32157",12/23/2022,District of Columbia
2751,Victoria,Mccoy,(087) 357-4875 ext 996,jasonkemp@yahoo.com,"PSC 9946, Box 8076, APO AA 92896",9/18/2016,Army
2752,Darryl,Chen,(252) 945-9191 ext 104,taylorchristopher@floyd.biz,"78478 Rita Circles Apt. 369, South Tina, MD 12257",7/8/2023,Maryland
2753,Rachel,Lopez,(561) 115-1857,mhancock@yahoo.com,"6877 Cherry Cape, Reedport, KY 69888",9/27/2023,Kentucky
2754,Richard,Peterson,(006) 524-1739,shawnjohnston@gmail.com,"9997 Kevin Rapids, Garyton, SD 48603",4/14/2020,South Dakota
2755,Lance,Rodriguez,(994) 611-8864,anthony55@simmons.com,"189 Parker Junctions Suite 956, Christinefurt, LA 70934",11/10/2020,Louisiana
2756,Rebecca,Baker,(987) 086-3328,marissacollins@gmail.com,"743 Jeffrey Cove Apt. 522, Cabreraton, SC 40353",3/11/2021,South Carolina
2757,Sarah,Brown,Invalid Data,cruzkiara@robertson.info,"52203 Nathaniel Track, Brownland, FL 61220",1/17/2025,Florida
2758,Javier,Vasquez,(961) 420-4738,lphillips@hotmail.com,"Unit 1059 Box 9608, DPO AP 75544",11/17/2024,Army
2759,Carrie,Barron,(181) 150-8932,vnorman@harrison.org,"9551 Ortiz Junctions, Wrightstad, UT 44379",4/29/2022,Utah
2760,Ronnie,Pena,(479) 322-4348,tfernandez@yahoo.com,"84146 Tara Dale Suite 739, Paulfort, NV 48732",12/15/2022,Nevada
2761,Brian,Robinson,(865) 600-8427,duranpeggy@kelly.com,"0895 Bell Extensions, Kevinberg, NJ 59000",5/26/2018,New Jersey
2762,Hannah,Hamilton,(739) 114-2056 ext 88876,angelreed@huang.biz,"6891 Mccarthy Overpass Suite 955, Andreatown, KS 98293",2/14/2018,Kansas
2763,Lisa,Massey,(322) 732-4723 ext 58777,joshuatodd@hotmail.com,"1571 Glover Row, East Laurenville, MT 63011",3/18/2019,Montana
2764,Roger,Smith,(866) 705-8132 ext 21018,susan31@hotmail.com,"184 Carter Parkways, Jasonhaven, KS 81632",11/25/2015,Kansas
2765,Aaron,Allen,(273) 320-4208,sandra94@graham-ross.com,"9971 Williams Manor, Port Calvinmouth, MI 47367",6/17/2019,Michigan
2766,Richard,Sandoval,(473) 483-6014 ext 84342,anna74@yahoo.com,"PSC 9191, Box 2156, APO AP 85641",2/28/2023,Army
2767,Jesse,Rocha,(555) 463-6384 ext 5049,peter05@webb.com,"735 Morales Divide Apt. 927, South Michaelborough, UT 19873",6/13/2019,Utah
2768,Sheri,Johnson,(958) 451-3032,brandoncastillo@payne.com,"1455 Taylor Hills Suite 113, New Rickyton, FL 07341",4/22/2022,Florida
2769,Linda,Johnson,(760) 356-6568 ext 15008,robertsonnicole@yahoo.com,"214 Potts Estate Suite 740, Lisaview, CT 63489",10/12/2019,Connecticut
2770,Bill,Sparks,(226) 063-2287,sarahhernandez@gmail.com,"774 Jackie Village Suite 412, Johnsonbury, WY 70782",7/29/2023,Wyoming
2771,Connor,Russell,(825) 677-6775,masonreynolds@wright-thompson.net,"6071 Lisa Ports Apt. 297, Goodmanmouth, PA 93593",7/28/2024,Pennsylvania
2772,Brandi,Daniel,(020) 438-0022 ext 208,fdavis@gmail.com,"5057 James Isle, East Johnberg, OK 03868",1/30/2024,Oklahoma
2773,Renee,Reyes,(720) 960-7082 ext 4491,hoganeric@coleman.info,"51797 Burgess Fords Apt. 718, East Donna, OH 76601",10/17/2020,Ohio
2774,Daniel,Garcia,(570) 747-3466,shepherdantonio@gmail.com,"690 Oscar Lock, South Douglas, NV 29183",4/1/2019,Nevada
2775,Brittany,Marshall,(485) 841-3791 ext 607,hannah13@levine.com,"2475 Jasmine Knoll Apt. 581, Scotthaven, AR 56712",12/17/2024,Arkansas
2776,Daniel,Anderson,(093) 031-1815 ext 275,jennifergentry@edwards.com,"300 Riley Walks Apt. 678, Jonathanview, DE 82039",6/4/2019,Delaware
2777,Jessica,Campos,(526) 153-3865 ext 697,tholland@white.com,"1269 Heath Burgs Suite 757, East Jason, CT 29066",10/21/2024,Connecticut
2778,Michelle,Serrano,(619) 138-8053 ext 56109,perezrobert@yahoo.com,"30009 Jeremy Views Suite 108, Arianatown, IL 57465",2/28/2017,Illinois
2779,Kim,Hoffman,(705) 646-4161,changjenny@yahoo.com,"284 Richards Rue, Patrickville, WY 51075",2/8/2019,Wyoming
2780,Justin,Waters,Invalid Data,daniellefoster@gmail.com,"Unit 5259 Box 2576, DPO AE 68002",7/5/2020,Army
2781,Gina,Manning,(983) 081-2308,joseph68@yahoo.com,"488 Mills Parkway, Brendafort, WI 84593",9/9/2018,Wisconsin
2782,Joshua,Reed,(212) 585-2991 ext 4898,lawrencejustin@hotmail.com,"291 Monica Ridge, Lynnfort, OH 75720",11/30/2024,Ohio
2783,Heather,Griffith,(180) 387-7729 ext 57527,gbarron@rodriguez-wall.org,"9734 Little Views, Gayhaven, WI 10117",12/22/2022,Wisconsin
2784,John,Hall,(560) 736-4340 ext 340,andre36@gaines.info,"132 Emily Wall, South Matthew, MN 15507",7/3/2018,Minnesota
2785,Rachel,Diaz,(818) 021-4515 ext 200,torresdwayne@gmail.com,"367 Williams Ridges Apt. 218, Jamesmouth, MO 92867",9/6/2021,Missouri
2786,Rebecca,Juarez,(079) 860-3477 ext 9700,pricemark@yahoo.com,"USS House, FPO AE 55667",5/29/2023,Army
2787,Elizabeth,Sherman,(033) 577-8237 ext 56457,emilysweeney@gmail.com,"PSC 0070, Box 0252, APO AP 23210",6/21/2023,Army
2788,Ethan,Wilson,Invalid Data,scontreras@wells-may.com,"547 Smith Islands, Melissaport, AL 68125",7/29/2018,Alabama
2789,Donna,Kelly,(500) 607-4437 ext 42660,ljones@davila.com,"72036 Spencer Lock Apt. 246, North Nicholas, WV 70434",9/28/2023,West Virginia
2790,Christine,Taylor,(415) 350-5307 ext 847,alison94@yahoo.com,"14468 Cathy Corners, West Joseph, ND 72848",1/29/2022,North Dakota
2791,Paul,Navarro,(722) 665-6588,ugrant@hotmail.com,"2389 Cooper Land Apt. 863, Parrishmouth, NE 69736",4/1/2023,Nebraska
2792,William,Jones,(160) 542-2792 ext 85160,margaretcoleman@gmail.com,"66556 Miller Knoll, Jonesland, NJ 09243",4/20/2017,New Jersey
2793,Heather,Jones,Invalid Data,andersonrobin@yahoo.com,"5266 Blanchard Overpass, Mclaughlinstad, AK 93551",3/3/2017,Alaska
2794,Christopher,Roberts,(807) 307-5484 ext 12039,georgejesse@yahoo.com,"95301 Timothy Prairie, Reginahaven, WI 33704",7/19/2018,Wisconsin
2795,Martin,Taylor,(940) 891-2509,deborahbowers@gmail.com,"PSC 7307, Box 4270, APO AP 25604",1/26/2016,Army
2796,Desiree,Martin,(819) 111-9523 ext 5593,susanhood@bates.com,"2918 Mcbride Wall, Stonefort, VA 76398",8/24/2022,Virginia
2797,John,Baldwin,(214) 432-7923 ext 193,karen97@patel.com,"096 Charles Lodge, Lopezburgh, KS 78867",1/11/2016,Kansas
2798,Anne,Sims,(676) 676-5920,stevejackson@hotmail.com,"1443 Crawford Mountains Apt. 221, Patriciaview, CT 71201",4/3/2020,Connecticut
2799,Danielle,Haas,(372) 850-0125 ext 3978,jeremycross@gmail.com,"441 Mckenzie Fords, Rowlandfort, MT 30421",7/29/2024,Montana
2800,Jonathan,Webb,(433) 262-1517 ext 06011,amyjennings@nguyen.com,"262 Donaldson Village, Gomezton, IA 01581",8/20/2017,Iowa
2801,Stephanie,Robertson,(921) 761-8619 ext 3426,schristian@shea.com,"3528 Ramirez Glens Suite 258, New Kimberly, ID 94839",11/18/2018,Idaho
2802,Gary,Miller,(709) 918-2866 ext 2291,emilyjackson@gmail.com,"288 Jennifer Junction Suite 873, South Taramouth, LA 74086",12/13/2018,Louisiana
2803,Mario,Johnson,(939) 431-5388 ext 875,diane77@hotmail.com,"871 Beard Expressway Apt. 716, Taylorton, NV 62942",1/30/2022,Nevada
2804,John,Brown,(337) 972-4545,katherinewade@yahoo.com,"022 Christina Union Suite 435, Keithshire, CT 35563",12/2/2021,Connecticut
2805,Chelsea,Hartman,670282390,cynthiasmith@yahoo.com,"62001 Peter Plaza Apt. 514, South Nathan, AZ 71745",12/31/2015,Arizona
2806,Mary,Taylor,(398) 208-1236 ext 72421,yalvarado@gmail.com,"8838 Erin Knolls, Williamschester, OK 73117",11/18/2018,Oklahoma
2807,Aaron,Powell,(143) 609-3378,seanfoster@yahoo.com,"08137 Miller Hollow, Davidbury, NJ 31830",8/27/2018,New Jersey
2808,Kathy,Best,(912) 113-5928,torresjohn@estes.com,"Unit 0888 Box 7399, DPO AE 42214",7/20/2022,Army
2809,Brian,Rios,(223) 818-0828,dlopez@williams.info,"16230 David Lakes, Careystad, GA 17710",12/13/2019,Georgia
2810,Sean,Willis,(978) 580-0220,latoyasosa@parker.net,"5484 Vasquez Shoal, Shepherdshire, CT 55870",7/1/2017,Connecticut
2811,Robert,Flynn,(211) 481-2515,lynn18@williams-mann.com,"7115 Jason Stravenue, Tracyville, AL 60351",10/20/2023,Alabama
2812,Julie,Allen,(807) 030-2558,robert59@mills.com,"790 Riley Trafficway Suite 003, West Kyle, MA 99056",1/2/2024,Massachusetts
2813,Ana,Taylor,(854) 927-1116,ncarter@hotmail.com,"878 York Fall Suite 083, North Barbaraton, VA 64583",1/2/2024,Virginia
2814,Margaret,Molina,(060) 887-5431 ext 244,pleach@mcgee.org,"51450 Eric Canyon Apt. 047, East Michael, KY 88714",5/28/2021,Kentucky
2815,Jacqueline,Baker,(471) 644-8018 ext 9621,webertimothy@gmail.com,"740 Fleming Stravenue, Wyattborough, MI 19434",7/27/2022,Michigan
2816,Julie,Turner,(243) 946-2353,amy96@hotmail.com,"9348 Judy Forges, West Deborah, WA 40469",6/18/2015,Washington
2817,Jared,Bender,(142) 529-8977 ext 8441,jasonryan@gmail.com,"8710 Baldwin Mountain Apt. 269, North Adriennetown, KS 55737",12/20/2024,Kansas
2818,Mark,Ramsey,(330) 259-4208 ext 511,williamskathy@carter.org,"69407 Michael Crossroad, Nunezport, SD 42490",11/11/2016,South Dakota
2819,Tiffany,Barnes,(957) 421-0052 ext 005,zwelch@james.net,"645 Hill Cove, West Jessicamouth, TX 07818",10/29/2023,Texas
2820,Kathleen,Howe,(989) 913-3960 ext 5878,jflores@hotmail.com,"592 Cesar Centers Suite 629, Amandaton, ND 48252",9/27/2024,North Dakota
2821,Jeffrey,Martin,(800) 140-6441 ext 35553,kimnathan@yahoo.com,"4529 Gabriella Ranch Apt. 688, East Kimberly, NV 30854",3/30/2023,Nevada
2822,Christine,Powell,(783) 218-4886 ext 971,olee@peterson.com,"31112 David Squares Apt. 307, North Shelbyside, MI 14395",7/27/2024,Michigan
2823,Richard,Bennett,(932) 362-0616,robertmorgan@thompson.com,"2946 Tanya Landing, South Steven, NJ 69938",7/13/2015,New Jersey
2824,Kevin,Crawford,(574) 725-2711 ext 237,beckraymond@gmail.com,"030 Norton Way, Ericburgh, WA 61765",5/11/2018,Washington
2825,Ashley,Whitehead,(459) 410-7950 ext 7631,harrellmarcus@stevens.com,"4006 Christopher Turnpike, Davidborough, WV 48977",1/31/2020,West Virginia
2826,Tracy,Crawford,(845) 692-9337,crystalbarrett@peterson-schmitt.com,"7063 Jones Land, New Lisamouth, DC 37252",8/16/2022,District of Columbia
2827,Heather,Gardner,(074) 124-5540,efuller@gmail.com,"Unit 0067 Box 9686, DPO AP 56943",7/9/2023,Army
2828,Melissa,Brown,(203) 286-4922 ext 921,iromero@gmail.com,"2626 Miller Lane Suite 415, East Debraton, GA 58021",3/25/2018,Georgia
2829,Paula,Ruiz,Invalid Data,grahamcindy@neal.com,"2797 Richardson Glen Suite 621, Port Jenniferfurt, MT 33866",3/4/2022,Montana
2830,Patricia,Jackson,Invalid Data,gravestroy@hotmail.com,"3153 Patrick Parkways, East Jonathanland, WV 31355",1/27/2017,West Virginia
2831,Jacob,Ward,(074) 908-0971 ext 28965,johnrobertson@yahoo.com,"295 Nicole Lake Apt. 648, Hartberg, WA 44389",8/14/2020,Washington
2832,Edward,Garner,(504) 814-4718 ext 822,lcox@norris.com,"689 Smith Fords Apt. 589, East Michaelmouth, OH 14102",7/1/2016,Ohio
2833,Jennifer,Bowman,(886) 925-0975 ext 304,rachelfuller@weeks.com,"9592 Gill Place Suite 115, South Elizabethton, HI 82708",7/28/2023,Hawaii
2834,Ann,Hall,(680) 704-2653 ext 65825,michaelmartinez@hotmail.com,"93447 Julie Track, South Annafort, NM 75372",4/16/2023,New Mexico
2835,Caroline,Kaiser,(884) 412-1698 ext 8003,ncoleman@brennan.com,"015 Stevens Points Suite 206, Michaelview, NY 69573",6/7/2015,New York
2836,Erin,Cox,(823) 080-4529,odonnelltonya@parks.com,"9550 Nancy Freeway, Lake Courtneyport, ME 41208",1/9/2023,Maine
2837,Zachary,Walker,(137) 554-7720 ext 167,millersandra@huang.com,"669 Cory Center Suite 153, Port Brandon, AL 64673",1/10/2023,Alabama
2838,Emily,Williams,(668) 115-5388 ext 58166,danaayers@yahoo.com,"9892 Tina Crossing, Josephburgh, VT 23678",7/17/2020,Vermont
2839,Chelsea,Miller,(823) 112-1829,trujillojordan@hotmail.com,"028 Angela Key, Angelaton, MA 18534",10/9/2024,Massachusetts
2840,Christopher,Hutchinson,(141) 465-4588 ext 62851,mshah@barnett.com,"24983 Cassandra Passage, New Nicolemouth, KS 24789",5/30/2019,Kansas
2841,Scott,Robinson,(509) 764-2058 ext 394,walkeralexandra@lang.net,"50998 Arnold Street, New Austinmouth, IN 64493",4/2/2020,Indiana
2842,Gilbert,Todd,(762) 970-3203 ext 73544,cindy09@yahoo.com,"612 Snyder Stravenue Apt. 957, Olsenhaven, MO 11369",11/11/2015,Missouri
2843,Reginald,Estrada,Invalid Data,johnsonamanda@robertson-townsend.com,"9139 Amanda Loaf, Lake Kara, CT 87209",11/16/2019,Connecticut
2844,Jennifer,Wilson,(886) 587-2661 ext 287,kmitchell@gamble.com,"2019 Brian Pass, Williamstad, IN 53534",5/14/2023,Indiana
2845,Kevin,Campbell,(004) 667-0839 ext 977,ricky91@gmail.com,"6967 Jay Cape Apt. 712, Staceyville, ME 58260",6/12/2020,Maine
2846,Christian,Gibson,(651) 060-6094 ext 24190,taylorkyle@flores.com,"962 Spencer Ridges Apt. 678, South Johnberg, NJ 10700",7/25/2021,New Jersey
2847,John,Wood,(493) 526-4812 ext 44321,qowens@garcia.info,"027 Barrett Stravenue Suite 196, Ashleymouth, TN 26461",3/21/2024,Tennessee
2848,Kevin,Wilson,(791) 141-4371 ext 09337,michaeldavis@rodriguez.com,"42277 Kimberly Lock Suite 930, Michelleshire, WA 08379",9/5/2020,Washington
2849,Elizabeth,Davis,(388) 888-1522 ext 964,jonathanheath@wade.com,"14711 Butler Stream Suite 810, Lake Michael, AL 53947",8/13/2021,Alabama
2850,Hunter,Price,(113) 425-1237,christopherfritz@wilson-novak.com,"055 Smith Trail Apt. 833, Port Williamburgh, NC 03429",5/14/2020,North Carolina
2851,Jessica,Mills,(530) 763-6665 ext 46001,ylopez@yahoo.com,"88981 Aaron Orchard Apt. 105, Shawnbury, OH 04026",2/1/2022,Ohio
2852,Suzanne,Carson,(037) 239-1512,paul85@bailey-lane.info,"17475 Phillips Haven Suite 642, Westville, FL 56917",1/20/2021,Florida
2853,Willie,Bernard,(056) 392-1127 ext 92934,hburgess@kramer.com,"06238 Jacqueline Road, South Terrimouth, CO 83369",9/8/2023,Colorado
2854,Matthew,Rocha,(352) 172-1706 ext 489,leahkelly@yahoo.com,"095 Stephen Circles, Lake Peggy, KS 41142",7/10/2023,Kansas
2855,Sara,Thompson,(097) 077-2723,gregory68@rivera.biz,"223 Joshua Meadow, Port Denisetown, AK 13910",12/22/2023,Alaska
2856,Robert,Evans,(872) 569-0468 ext 24518,zromero@gmail.com,"43442 Michael Walk Suite 478, Murphyton, ID 41686",12/15/2024,Idaho
2857,Norma,Cook,(397) 252-0852 ext 898,bestadam@jackson.net,"97497 Sanchez Course, Markside, MT 69475",10/12/2023,Montana
2858,Sarah,Page,(898) 710-1302 ext 02125,cperez@hood-gregory.com,"136 Jordan Ranch Suite 786, Paultown, RI 41822",6/27/2018,Rhode Island
2859,Dean,Rodriguez,(132) 951-3318 ext 49091,michael16@yahoo.com,"89287 Shawn Glens Suite 333, South Karenton, OR 25543",7/4/2021,Oregon
2860,Tammy,Mendez,(577) 840-7672 ext 0141,qorr@gmail.com,"49318 Joann Wells Apt. 923, South Katherinefort, WY 06892",7/9/2021,Wyoming
2861,Dawn,Morrison,(104) 662-4848,jenniferbarr@yahoo.com,"1549 Jenna Grove Apt. 474, Barrettland, ME 68297",9/25/2018,Maine
2862,Adriana,Tran,(064) 821-6449 ext 12722,lisa78@johnson.com,"1253 Hale Point Suite 774, West Andre, UT 08463",12/27/2018,Utah
2863,David,Lopez,(235) 930-4788,danielle96@blackburn-gordon.com,"25057 Ramsey Mountain, Lake Julie, DC 55633",2/1/2017,District of Columbia
2864,Pamela,King,(102) 957-8014 ext 8233,youngjames@gmail.com,"Unit 6177 Box 4695, DPO AE 24152",3/3/2020,Army
2865,Jennifer,Huff,(950) 612-1734,tmontoya@yahoo.com,"4513 Jackson Plains Apt. 673, East Alisha, NJ 26480",6/29/2017,New Jersey
2866,Jason,Andersen,(998) 929-9604 ext 60288,castanedachristopher@hotmail.com,"78426 Tonya Road Suite 901, Angelamouth, AR 20815",4/7/2018,Arkansas
2867,Jonathan,Jenkins,(954) 457-4159 ext 52037,paul51@yahoo.com,"0504 Sanchez Junctions Apt. 154, West Virginia, LA 28907",4/29/2016,Louisiana
2868,Ryan,Garcia,(806) 423-9822 ext 0695,richard79@yahoo.com,"3685 Mays Island, Jacksonchester, WY 53255",12/1/2021,Wyoming
2869,Shawn,Leblanc,(431) 131-1531,ztodd@hotmail.com,"71314 Hernandez Pass, Blakestad, VA 95994",5/25/2021,Virginia
2870,Bradley,Wright,(889) 077-1310 ext 338,zharvey@adams.org,"03296 Sara Fall, Henrytown, WI 45810",7/2/2019,Wisconsin
2871,Ashley,Sanchez,(811) 497-5205,umarks@gmail.com,"0532 Williams Landing, Spencerview, CT 36307",6/30/2024,Connecticut
2872,Mark,James,(416) 181-6230 ext 0148,carolinethompson@yahoo.com,"89469 Beck Divide Suite 256, New Lindsayfurt, FL 12406",9/19/2024,Florida
2873,Sean,Johnson,(861) 190-6868 ext 43190,rebecca12@cameron.com,"2263 Proctor Cliff, Port Anthony, NY 79527",4/2/2016,New York
2874,Brian,Peterson,(549) 467-7610 ext 086,amcintyre@yahoo.com,"955 Harris Views Apt. 725, West Brian, WV 78528",6/20/2018,West Virginia
2875,Dustin,Evans,(273) 192-0215,ylara@gmail.com,"7115 Tracey Squares, North Michaelchester, NH 78814",3/23/2017,New Hampshire
2876,Alexander,Boyd,(513) 378-4236 ext 632,rodrigueznicholas@gmail.com,"007 Woods Ranch Suite 962, Phillipville, AR 64595",1/31/2025,Arkansas
2877,Andrew,Young,(154) 454-4927 ext 88372,cobbronald@lloyd-jackson.com,"91826 Johnson Road Suite 184, West Antonio, NE 37923",6/18/2023,Nebraska
2878,Cindy,Owens,(277) 819-7943,fpearson@gmail.com,"16462 Anderson Meadow Suite 586, Gregorychester, IN 72968",2/12/2020,Indiana
2879,Michael,Bowen,(774) 994-0222,philip71@yahoo.com,"2843 Shea Prairie Suite 222, North Kaylaland, ID 15844",8/13/2017,Idaho
2880,James,Turner,(220) 990-2102,pam99@hotmail.com,"46512 Johnathan Oval, Port Deborahburgh, IN 18129",8/20/2020,Indiana
2881,Jacob,Booth,(998) 841-5775 ext 883,fleonard@baker.biz,"000 Juan Knolls, Timborough, OK 12619",12/8/2018,Oklahoma
2882,Sandra,Foster,(431) 967-8783,ellisjames@yahoo.com,"10121 Osborn Ferry, Tomborough, NE 02307",4/27/2023,Nebraska
2883,Brandon,Osborn,479053309,christineshaw@trevino-woods.com,"6268 Farley Field, Francoburgh, CT 96072",3/31/2024,Connecticut
2884,Timothy,Davila,(787) 081-2977 ext 38284,shelby86@flynn-brown.com,"USCGC Jackson, FPO AP 01975",9/29/2022,Army
2885,Michael,Smith,Invalid Data,meghan56@gmail.com,"PSC 1487, Box 1281, APO AE 16718",11/10/2022,Army
2886,Willie,Perry,(733) 512-4627 ext 114,zwilliams@gmail.com,"138 Martinez Hollow Suite 101, North Christopher, VT 31224",11/13/2020,Vermont
2887,Nathan,Campbell,(983) 147-8009 ext 721,ojacobs@hotmail.com,"696 John Spur Suite 562, Richardland, KS 58558",7/14/2024,Kansas
2888,Beth,Anderson,(061) 767-8153 ext 774,howelleric@sims.org,"70429 Tracey Expressway Apt. 043, West Charles, NV 85181",1/9/2019,Nevada
2889,Brady,Martinez,(841) 295-9031 ext 19195,jackson56@zimmerman.com,"27759 Gene Rapid, North Christine, SC 93707",4/22/2017,South Carolina
2890,Kelsey,Parsons,(216) 135-2127 ext 720,julie80@johnson-guerra.com,"818 John Center Apt. 901, North Jeffrey, OK 47990",8/31/2020,Oklahoma
2891,Kenneth,Williams,(694) 524-3509 ext 05151,dawnreeves@hotmail.com,"8626 John Garden Apt. 668, Merrittland, NM 45430",12/1/2019,New Mexico
2892,Tami,Rodriguez,(064) 326-0170 ext 881,traciclark@hotmail.com,"7983 Alexandria Motorway, Lake Tommyport, NJ 27907",11/10/2017,New Jersey
2893,Andrea,Neal,(862) 231-7759 ext 139,keith35@ayala.net,"8494 Shields Loop Suite 129, North Jasminehaven, CO 87369",3/3/2017,Colorado
2894,William,Francis,(914) 094-5163 ext 939,kristina87@hotmail.com,"104 Jessica Prairie Suite 011, North James, SD 35855",1/21/2019,South Dakota
2895,Sandra,Beasley,(553) 291-0840,nicholasbennett@miller.info,"77266 Kim Camp, Port Anthony, VT 84629",1/30/2016,Vermont
2896,Kimberly,Brown,(800) 456-5273 ext 233,adrianperkins@phillips.com,"06872 Nguyen View, Lake Daniel, OR 22306",7/27/2022,Oregon
2897,Randy,Ramsey,(750) 674-5004 ext 42811,patricialarsen@contreras-ryan.com,"USS Cook, FPO AP 28989",1/8/2019,Army
2898,Christina,Mccullough,(651) 863-6681,djohnson@hotmail.com,"1321 Barnett Keys, Ellenburgh, NJ 60748",8/2/2023,New Jersey
2899,Michael,Charles,(932) 988-1927 ext 381,leahbates@barnes.com,"1364 Anna Plain, North James, WV 22473",5/14/2023,West Virginia
2900,Kenneth,Nelson,(720) 863-3923,jennifer81@morris-sanchez.net,"145 Andrew Dale Suite 835, West Steven, OK 19893",9/2/2018,Oklahoma
2901,Heather,Anderson,(168) 721-9352 ext 5968,david08@hotmail.com,"702 Melissa Bypass, Armstrongland, AR 86591",7/2/2017,Arkansas
2902,Kaitlyn,Walters,(305) 746-0837,fpeterson@yahoo.com,"PSC 0878, Box 8190, APO AE 98459",8/1/2018,Army
2903,Steven,Lane,(210) 524-8239 ext 0872,vwallace@gmail.com,"704 Meghan Rest Suite 270, Port Markmouth, VT 40246",7/26/2015,Vermont
2904,Lindsay,Goodwin,(241) 828-2958 ext 58781,angela45@johnson.com,"1857 Virginia Forge, Melissaland, PA 88092",7/14/2019,Pennsylvania
2905,Stephen,Dougherty,(402) 370-5152 ext 03330,cameronedwards@hotmail.com,"773 Brown Lakes, Leeshire, AR 88421",11/27/2015,Arkansas
2906,Lisa,Shepherd,(479) 014-0366 ext 58334,dennisjohn@bailey.org,"406 Reyes Loaf Suite 673, Colleenton, OH 86339",12/10/2018,Ohio
2907,Lisa,Rivera,(478) 168-4539 ext 8986,burnsjennifer@thompson.com,"99293 Elliott Brooks Suite 168, Stevenmouth, TX 56689",3/17/2016,Texas
2908,William,Brennan,(560) 720-3652,rowlandbelinda@yahoo.com,"873 Jason Fort Suite 876, South Katelyn, MD 60341",4/29/2017,Maryland
2909,Maria,Osborn,(321) 081-9293 ext 0543,aaronortiz@yahoo.com,"131 Moran Greens, South Francesmouth, AK 59100",1/4/2023,Alaska
2910,Sarah,Gonzalez,(213) 675-6576 ext 008,robertschneider@mcbride-schmidt.com,"39100 Mary Walks Apt. 761, Jillton, MT 37902",7/23/2020,Montana
2911,Christopher,Morris,(470) 496-2950 ext 5615,mike30@townsend.com,"9115 Baker Port Apt. 843, West Gabrielletown, MO 78838",5/17/2018,Missouri
2912,Ricky,Roberts,(511) 959-1960 ext 03453,mary38@galvan.biz,"156 Jessica Lodge, Cooperville, OH 03381",5/5/2019,Ohio
2913,Tiffany,Melton,(932) 106-6519,donaldsonrandy@gmail.com,"06608 Keller Expressway Suite 525, East Joseph, AZ 17746",4/1/2020,Arizona
2914,James,Garza,(441) 853-3732 ext 0029,pgreer@hotmail.com,"0094 Karen Circle, East Matthew, FL 46385",9/24/2023,Florida
2915,Joshua,Waller,(324) 953-5283 ext 28744,jarviswilliam@nelson.com,"09906 Thompson Lock Apt. 201, Kevinmouth, NH 77119",1/20/2022,New Hampshire
2916,Juan,Mullins,(160) 472-9796,stephanie26@yahoo.com,"525 Johnson Corner Suite 666, Jennifertown, SC 04103",7/16/2023,South Carolina
2917,Gregory,Smith,(843) 408-0348 ext 580,smithwesley@taylor.com,"8986 Smith Tunnel Apt. 743, Martinport, CO 75260",2/5/2024,Colorado
2918,Jonathan,Maldonado,(083) 622-2477 ext 2122,jennifermurphy@dixon.org,"0327 Melissa Ranch Suite 605, Michaelchester, VT 76195",2/1/2017,Vermont
2919,Joseph,Bruce,Invalid Data,jeffrey48@gmail.com,"375 Faulkner Unions, New Mary, LA 96687",8/6/2015,Louisiana
2920,Omar,Burke,(627) 173-9796 ext 0061,chenkelly@yahoo.com,"442 Morton Run, New Krista, GA 77253",1/28/2020,Georgia
2921,Stephen,Potter,(091) 411-9549,sbishop@yahoo.com,"USCGC Harper, FPO AE 43236",12/11/2017,Army
2922,Rebecca,Day,(799) 026-7898 ext 75624,williamjones@yahoo.com,"597 Thomas Common Apt. 590, West Mark, SD 86070",9/4/2016,South Dakota
2923,James,Finley,(275) 725-1943,abigail55@mcguire-white.com,"4540 Tamara Extensions Suite 263, Hollymouth, FL 42144",2/26/2016,Florida
2924,Sara,Parker,(129) 447-3147 ext 33170,juanperry@gmail.com,"179 Moody Lock Apt. 433, Milesshire, ND 21459",9/29/2017,North Dakota
2925,Andrea,Johnson,(921) 369-6058 ext 7663,ronaldcooper@yahoo.com,"08131 Lisa Mount Suite 289, North Emma, NV 82146",10/27/2024,Nevada
2926,Nicholas,Flowers,(477) 203-2528,wendy01@sanchez-gibson.com,"9741 Black Harbor, West Sherri, NE 80923",9/20/2023,Nebraska
2927,Joshua,Thomas,(658) 636-4286 ext 01900,wshort@serrano-faulkner.org,"0525 Pamela Cliffs, Andrewfort, ME 05345",10/3/2018,Maine
2928,Mike,Vargas,(816) 226-7765,troyleach@yahoo.com,"58687 Roman Plain, Meganside, TX 74270",7/22/2017,Texas
2929,Matthew,Combs,(832) 007-6307 ext 86227,kimberlymorales@moore.net,"981 French Lodge, Mcguirehaven, MA 14547",5/1/2025,Massachusetts
2930,Shane,Dennis,(508) 976-4741 ext 3416,quinnmichael@smith.biz,"11534 Patricia Meadows, Charlesland, NM 42309",2/22/2021,New Mexico
2931,Jeremy,Chan,(124) 658-4580 ext 261,lawrencejoseph@hotmail.com,"376 Parker Fall, New Eriktown, OH 68710",8/16/2021,Ohio
2932,James,Jordan,(137) 234-7897,hwilliams@king-ortiz.biz,"4197 Bartlett Glen Apt. 896, West Michael, CT 61644",3/25/2025,Connecticut
2933,Lisa,Mills,(590) 189-9119,bestbethany@yahoo.com,"881 Brandi Track Suite 342, Fordside, MA 11355",2/24/2024,Massachusetts
2934,Leslie,Sherman,Invalid Data,elizabethbauer@moran.com,"26824 Molina Ville, Carlsonport, ME 60283",5/21/2017,Maine
2935,Jeremy,Jones,(445) 138-4081 ext 71858,jonmoore@gmail.com,"190 Samantha Flat Apt. 491, South Jackville, MO 71534",5/10/2020,Missouri
2936,Steven,Wade,(455) 110-2928 ext 695,bennettkaren@farmer.com,"537 Williams Cliffs, Wattsview, HI 80465",8/6/2022,Hawaii
2937,Michael,Hamilton,(480) 072-0227 ext 9901,yhuff@gmail.com,"Unit 8681 Box 9937, DPO AE 63646",7/8/2021,Army
2938,David,Fields,Invalid Data,dcoffey@roman-johnson.net,"2304 Jacobson Causeway, New Jennifer, KY 57645",8/17/2021,Kentucky
2939,Theodore,Taylor,(416) 022-4565 ext 57802,justinmcpherson@hotmail.com,"Unit 8022 Box 8328, DPO AE 22794",1/8/2023,Army
2940,Laura,Walsh,(073) 243-2877 ext 436,gjenkins@gmail.com,"879 Diaz Path, New Michael, NJ 12748",2/4/2024,New Jersey
2941,Shelby,Vincent,(890) 829-4634,frankeric@gmail.com,"650 Morris Knolls, Lake William, NJ 94897",3/2/2018,New Jersey
2942,Alexander,Stewart,(973) 188-1555,toliver@hayes.org,"2286 Michele Avenue Apt. 680, East Roy, MO 61980",9/30/2015,Missouri
2943,Lisa,Ibarra,(547) 749-1692 ext 2491,caldwellbrianna@robinson-williams.org,"8859 Andrew Hill, North Carrie, DE 86354",3/26/2020,Delaware
2944,Rachel,Ortiz,(897) 932-2842 ext 4665,yblackwell@coffey.com,"3200 Hughes Path, Richardburgh, DC 17056",7/22/2024,District of Columbia
2945,Jennifer,Cobb,(782) 354-1004 ext 5596,kristin92@yahoo.com,"91962 Troy Path, Chenland, KY 43889",3/19/2018,Kentucky
2946,Ryan,Walker,(310) 594-0739 ext 639,higginskelly@yahoo.com,"Unit 5676 Box 1000, DPO AE 49871",10/15/2016,Army
2947,Jeremy,Wells,(552) 068-6537,santiagojoseph@barnett-riley.com,"1809 Smith Station, Woodston, MO 12863",5/13/2022,Missouri
2948,Daniel,Boone,(217) 939-4188 ext 929,idouglas@hotmail.com,"6834 Robert Causeway, Wrightton, CT 24433",11/3/2016,Connecticut
2949,Brian,Ray,(893) 690-2990 ext 889,banksamber@peterson.com,"4937 Aaron Green, Carterburgh, WI 66223",9/18/2017,Wisconsin
2950,Tricia,Kramer,(940) 767-7913,baxtermax@parker.info,"PSC 3340, Box 0270, APO AP 92006",4/17/2017,Army
2951,Shawn,Martin,(246) 644-1126 ext 2257,fbolton@young.org,"Unit 3784 Box 2216, DPO AP 02796",10/3/2018,Army
2952,Michael,Clayton,(376) 481-9656 ext 7397,matthewkidd@yahoo.com,"0432 Jose Club Suite 025, New Tammytown, MD 96544",3/22/2022,Maryland
2953,Sarah,Lewis,(809) 288-5611 ext 683,carlacarpenter@hotmail.com,"034 Lisa Meadow Apt. 795, Rachelland, MO 56842",8/5/2015,Missouri
2954,Christina,Church,(932) 286-5407 ext 771,graymichele@yahoo.com,"476 Byrd Circles Suite 581, New Sarah, IA 89895",7/20/2017,Iowa
2955,Anthony,Anderson,Invalid Data,ustewart@gmail.com,"14345 Jeremy Mountains Apt. 186, Port Emily, KS 71778",10/9/2023,Kansas
2956,Blake,Perry,(947) 394-1271,wrightjudy@bowers.biz,"1071 Hall Dale Suite 148, Michelleview, MD 09927",1/26/2019,Maryland
2957,Michaela,Lee,(813) 299-4062,baxterrussell@castro.com,"39732 Cuevas Pike Apt. 131, West Briantown, FL 80464",1/31/2016,Florida
2958,Jessica,Martinez,(646) 158-4095 ext 0865,anthony37@ortiz-robertson.org,"8135 Castillo Forks, South Christopherbury, NH 61039",3/23/2017,New Hampshire
2959,Nichole,Thomas,(379) 078-6923 ext 4162,jeffrey56@yahoo.com,"36177 Montes Burgs Suite 948, North Kimberlyview, NJ 52295",3/25/2017,New Jersey
2960,Emily,Olson,(884) 530-2029 ext 3935,richardgreer@taylor.biz,"9812 Mcknight Corner, West Paulland, LA 94946",8/26/2021,Louisiana
2961,Heidi,Campbell,Invalid Data,linda25@yahoo.com,"5528 Hayes Stravenue Suite 915, Carlosport, WA 57113",2/27/2025,Washington
2962,George,Griffin,(436) 258-9768 ext 05605,luisanthony@grant-yoder.com,"6138 Candace Ports, South Dana, KS 04828",8/11/2017,Kansas
2963,John,Nicholson,(701) 609-9925 ext 29688,paulmorrison@gmail.com,"021 Russo Mews Suite 845, Smithtown, NY 87729",11/2/2021,New York
2964,April,Swanson,(435) 327-0021,ptaylor@yahoo.com,"744 Jeremy Vista, Austinburgh, WA 92001",6/17/2015,Washington
2965,Troy,Blake,(732) 621-8668 ext 4854,olee@moore-cruz.org,"1480 Jason Motorway Suite 768, Port Kristopherborough, LA 39798",10/29/2022,Louisiana
2966,Sandra,Anderson,(803) 466-7497 ext 3197,madison28@kim.com,"643 Christian Street, New Sean, AK 90686",9/8/2021,Alaska
2967,Lauren,Hess,(936) 875-5932 ext 219,dpineda@gmail.com,"530 Cynthia Courts, Port Michael, SD 31744",10/16/2024,South Dakota
2968,Christine,Murphy,(977) 886-9674,josephwallace@lee.com,"221 Shelby Manor Suite 810, Holtchester, ID 60177",7/16/2016,Idaho
2969,Victoria,Hoffman,(403) 699-3372 ext 94586,mitchellduarte@curry.com,"05300 Cisneros Drive, East Michael, PA 06681",2/5/2019,Pennsylvania
2970,Janet,Medina,(450) 651-3578 ext 254,snelson@smith.com,"54931 Anita Wells, Julieport, TN 99566",5/1/2021,Tennessee
2971,Brad,Wright,(569) 105-0397 ext 64805,csmith@walker-cherry.info,"4389 Shannon Fall Suite 748, New Joseph, AR 16480",2/2/2016,Arkansas
2972,Daniel,Wilson,(167) 963-8701,kcohen@pittman.net,"448 Banks Port, Susanburgh, CO 41420",4/9/2016,Colorado
2973,Phyllis,Hill,(520) 782-7779 ext 1924,nunezadam@gmail.com,"15442 Morales Island, Vargasberg, NC 71946",11/5/2022,North Carolina
2974,Alexandra,Carney,(205) 282-9787,gbrown@anderson.com,"65024 Patton Shoal Apt. 543, New Luke, CT 20955",1/17/2024,Connecticut
2975,Michelle,Shah,(255) 638-0513 ext 6445,dmorris@gmail.com,"3675 Phillip Oval Suite 467, West Lisafort, KY 09216",10/25/2022,Kentucky
2976,Larry,Brown,(154) 170-4285 ext 95530,walkerjacob@briggs.info,"774 Walter Ramp, North Alison, WV 97409",4/12/2024,West Virginia
2977,Matthew,Gray,(769) 300-4292 ext 1812,anna09@beard.info,"Unit 7620 Box 3554, DPO AA 28680",5/30/2023,Army
2978,William,Barton,(172) 218-3030 ext 343,grichards@hotmail.com,"859 Mcmillan Greens Apt. 739, Lancefort, MD 02834",7/1/2017,Maryland
2979,Lisa,Lindsey,(314) 357-5673 ext 5796,daviskim@hotmail.com,"17089 Janice Cape Apt. 769, West Christina, MI 62815",6/3/2018,Michigan
2980,Joseph,Roberts,(993) 907-5446 ext 15991,knightdennis@hotmail.com,"2883 Mary Key Apt. 389, East Philipborough, MA 44674",12/17/2019,Massachusetts
2981,Jessica,Adkins,(073) 314-4451 ext 444,ghenry@yahoo.com,"USS Wilson, FPO AE 06089",9/4/2019,Army
2982,Timothy,Irwin,(324) 163-7744 ext 4869,stephanie79@robinson-torres.com,"99504 Mary Oval, Savannahburgh, NH 68292",12/31/2015,New Hampshire
2983,Kristy,Hayes,(189) 386-7818 ext 0866,ysmith@hotmail.com,"4402 Holder Drives, South Dawnmouth, PA 92539",12/19/2021,Pennsylvania
2984,Laura,Jones,(962) 087-3143,ianbrown@sanchez-white.biz,"51031 Hernandez Dam, Jessicafort, NY 47554",3/10/2017,New York
2985,Kimberly,Herring,670411531,brian77@reese.com,"PSC 2658, Box 8872, APO AA 18913",3/11/2022,Army
2986,Lynn,Christian,(329) 582-1441 ext 89776,eric64@harding-hoover.com,"83871 Cindy Plain Apt. 984, Poncebury, HI 48517",3/8/2020,Hawaii
2987,Carla,Barr,(825) 696-2311,christopher65@hotmail.com,"05213 Wendy Road Suite 653, East Brandy, NY 47960",12/30/2020,New York
2988,Johnny,Sanchez,(138) 399-1018,tcabrera@vega-brown.com,"47983 Hines Views, New Kyleton, PA 54757",4/10/2020,Pennsylvania
2989,Jason,Hughes,(261) 494-0856,rachel44@hotmail.com,"61846 Grant Brook Apt. 365, Lake Tracychester, MS 03530",6/29/2022,Mississippi
2990,Jennifer,Tyler,(493) 044-9102 ext 888,karenriley@aguilar-dunlap.com,"612 Brandy Mission Apt. 636, Villaberg, WI 92970",8/22/2016,Wisconsin
2991,Samantha,Perez,(791) 999-4914 ext 375,arroyosarah@yates.org,"28566 Bennett Curve Apt. 148, South Jeremyfort, MA 31086",11/22/2020,Massachusetts
2992,Holly,Johnson,(233) 444-9827,alexander56@bates.org,"87791 Walton Station Apt. 593, East Alexis, KS 75033",11/7/2018,Kansas
2993,Christine,Harris,(090) 367-0874 ext 60784,lschaefer@young-glover.net,"644 Larry Mountains Suite 673, East Scottchester, OH 66808",7/8/2024,Ohio
2994,Matthew,Holland,(464) 016-8437 ext 07541,smithmelissa@rivera.org,"2542 Wang Rue, North Jessicastad, RI 97242",3/21/2018,Rhode Island
2995,Charles,Torres,(192) 915-8494,aaronthornton@hotmail.com,"6913 Winters Mountains, New Courtney, SC 90327",7/1/2018,South Carolina
2996,Joseph,Evans,(253) 485-9572 ext 0263,joshua77@hotmail.com,"23341 Porter Dam, Andersonshire, CO 69869",9/18/2018,Colorado
2997,Amanda,Wilson,(859) 659-1651,whitebrandon@stokes.biz,"39263 Rios Plain, Thomasside, FL 58923",6/16/2018,Florida
2998,Marcia,Kim,(669) 290-8986,angelabarber@yahoo.com,"2749 Nelson Mews, Beardville, VT 95889",9/27/2023,Vermont
2999,Carrie,Harris,(572) 053-6879 ext 527,benjamingreen@lee.com,"92004 Susan Orchard, Port Lori, LA 78336",12/7/2018,Louisiana
3000,Devon,Rodriguez,(205) 425-0460 ext 3633,melissastein@singleton-ruiz.com,"5538 Jose Ranch, East Robertfurt, OH 26693",11/22/2021,Ohio
3001,Joanna,Finley,(152) 959-0453 ext 39057,bchavez@yahoo.com,"89065 Adams Fork Apt. 737, North Michelehaven, WV 37385",10/9/2022,West Virginia
3002,Christopher,Lawson,(440) 651-4316,lesliekennedy@hotmail.com,"389 David Mission, Lake Nathanchester, ID 87879",1/9/2022,Idaho
3003,Kimberly,Gates,359602419,wgreen@gmail.com,"21710 Jonathan Gateway, Vazquezmouth, IA 27505",9/13/2019,Iowa
3004,Antonio,Banks,(425) 284-4683,williamslisa@gmail.com,"02976 Mary Underpass, New Matthew, CO 80373",3/30/2018,Colorado
3005,Nicholas,Stewart,(698) 530-1879 ext 3416,eanderson@barker.com,"5437 Maynard Brooks, Elizabethville, CO 55052",3/8/2023,Colorado
3006,Claudia,Chavez,(067) 185-3112,karenhunter@wood.info,"0533 Charles Square Suite 712, Lake Theresa, AK 48199",1/20/2019,Alaska
3007,Ashley,Jensen,(937) 679-2661 ext 7803,perryrichard@yahoo.com,"51809 Kent Glens Apt. 177, Ashleyburgh, ME 43064",5/18/2023,Maine
3008,Patrick,Miller,(201) 190-8653,tonifrye@flowers.info,"0377 Clark Prairie, Weisschester, MO 73904",4/1/2025,Missouri
3009,Michael,Martin,(119) 182-3570 ext 780,todd16@yahoo.com,"59163 Phillips Falls, West Catherinehaven, WV 12519",10/4/2020,West Virginia
3010,John,Bennett,(562) 578-4698,ysmith@hall.org,"198 Andrea Alley Apt. 958, Lake Amyberg, AK 81529",2/22/2017,Alaska
3011,Patricia,Wright,(053) 157-7621 ext 823,kevinwilliamson@flores-mitchell.biz,"2662 Haas Views Suite 548, East Jesseshire, NY 01179",1/21/2023,New York
3012,Bruce,Reynolds,(641) 813-7204 ext 401,randyparker@hammond.biz,"1453 Taylor Path, Cantrelltown, MA 76951",11/27/2024,Massachusetts
3013,Harold,Bowman,(078) 520-9261 ext 458,ijones@gmail.com,"4173 Cook Glen Suite 149, South Francisco, GA 36675",2/15/2023,Georgia
3014,Monica,Rogers,(572) 119-0130 ext 14949,jessicawallace@nguyen-huynh.com,"PSC 8078, Box 7477, APO AP 43081",1/9/2023,Army
3015,Monica,Kim,(257) 158-4725 ext 6420,brownjustin@hughes.com,"84568 Avila Lodge, East Justinmouth, MD 84551",9/29/2016,Maryland
3016,Gavin,Chavez,(697) 551-4504 ext 8882,michael43@gmail.com,"2421 David Overpass Apt. 514, New Lauratown, MO 34913",1/25/2024,Missouri
3017,Belinda,Archer,(559) 641-5247,bryanbrown@hotmail.com,"691 Brittany Path, Donnachester, MN 55435",3/4/2020,Minnesota
3018,Shane,Yates,(671) 837-0578,ygray@jones-mckay.com,"885 Rebecca Terrace Suite 268, Snyderstad, MD 17569",6/5/2021,Maryland
3019,Jennifer,Hawkins,(943) 249-5662,leejames@hotmail.com,"86178 Tracy Key, Port Brandyfort, MI 22065",2/24/2020,Michigan
3020,Michael,Garcia,Invalid Data,ylester@torres.com,"127 Wayne Port Suite 410, Lynnmouth, IN 91387",3/1/2021,Indiana
3021,David,Miller,Invalid Data,briansanchez@clark.com,"53796 Bryan Dam Suite 977, Garrettmouth, AK 24843",8/3/2016,Alaska
3022,Ann,Ford,(513) 523-3962 ext 85170,iwilliamson@hernandez-greene.net,"085 Thomas Forge Apt. 194, New Marcusmouth, MS 95529",10/24/2017,Mississippi
3023,Matthew,Pearson,(335) 457-3278,laura64@hotmail.com,"87457 Keith Island Apt. 411, Hatfieldville, CA 75253",8/16/2020,California
3024,Stephanie,Bates,(484) 301-4083 ext 509,dennis39@clark.info,"1702 Janice Fork, North Katherine, NM 49093",10/23/2016,New Mexico
3025,Amber,Newman,(678) 052-0638 ext 24040,josephjarvis@yahoo.com,"00602 Trevor Lodge, Burtonton, MS 79246",12/19/2024,Mississippi
3026,Ethan,Daniels,(622) 918-3495 ext 5024,johnsonkathryn@calhoun.com,"568 Martin Parkway, South Melissaborough, OK 64665",6/20/2021,Oklahoma
3027,Stacy,Todd,(467) 990-4147 ext 311,nicole48@gmail.com,"25865 Catherine Common Suite 592, South David, KS 34178",12/17/2020,Kansas
3028,John,Leblanc,(191) 950-5765 ext 9071,snixon@powell.biz,"15456 Courtney Lock Apt. 653, Daltonmouth, NC 57577",12/24/2023,North Carolina
3029,John,Shields,(881) 205-0742 ext 628,christophermarquez@gmail.com,"132 Smith Via Suite 705, Greenfurt, ID 26943",6/14/2022,Idaho
3030,Makayla,Woods,(066) 061-5867,jamesball@yahoo.com,"37558 Michael Gardens Apt. 025, Webbfurt, MT 85975",6/29/2024,Montana
3031,Mary,Greene,(629) 963-5688 ext 0880,erin66@gmail.com,"58832 Morris Village Apt. 123, Port Shane, ME 18311",11/10/2017,Maine
3032,Angela,Elliott,(648) 459-9926 ext 8501,hardintraci@gmail.com,"4864 Cummings Falls Apt. 867, Eugeneport, MO 12509",9/18/2024,Missouri
3033,Leslie,Davis,(962) 838-8718 ext 654,troylam@ortiz.com,"136 Michael Turnpike Apt. 648, Kerrihaven, AR 72721",3/15/2018,Arkansas
3034,Anthony,Foster,(999) 133-1103 ext 121,jared06@fitzgerald.info,"798 Beard Ferry, South Tracyland, NH 44029",10/21/2017,New Hampshire
3035,Aaron,Wilson,(688) 446-5476,andersondavid@hotmail.com,"25197 Young Skyway Apt. 921, Davidbury, WV 20186",6/26/2019,West Virginia
3036,Jennifer,Doyle,(543) 566-8876 ext 73232,amanda67@gonzales-ferguson.org,"238 Michael Freeway Suite 793, Gomezland, KS 86268",10/13/2017,Kansas
3037,Jamie,Hayes,(069) 079-8538 ext 849,marcus05@hotmail.com,"6071 Duncan Highway Suite 577, West Jillville, DC 72671",10/2/2018,District of Columbia
3038,Nicholas,Thornton,(652) 490-2419 ext 04829,ericphillips@clark.org,"000 Phillip Lakes Apt. 698, North Marissamouth, VA 62391",2/17/2024,Virginia
3039,Richard,Cherry,(621) 380-4284,eddie30@gray-perez.com,"126 Sanders Ports Apt. 019, New Matthew, SC 56675",1/12/2020,South Carolina
3040,James,Brewer,(464) 343-1478 ext 556,emily61@hotmail.com,"672 Martin Loaf, Isaiahhaven, AR 33351",6/1/2020,Arkansas
3041,Tiffany,Lutz,(704) 243-2940,john32@forbes.org,"USS Lane, FPO AA 29248",10/18/2016,Army
3042,Jessica,Ali,(127) 561-1345,amyhill@jimenez.com,"037 Mcintyre Crossroad, Hesterland, AL 98866",10/8/2023,Alabama
3043,Sara,Lewis,(060) 391-9594 ext 92928,linda18@long.com,"PSC 7628, Box 2558, APO AE 53834",2/21/2024,Army
3044,Ricky,Hess,(897) 869-3681 ext 220,ayalatiffany@fowler.info,"20627 Stephen Manor Suite 235, West Ryan, CO 06562",7/19/2020,Colorado
3045,Mary,Young,(517) 939-3517 ext 894,isalazar@waller-ryan.net,"USCGC Thompson, FPO AA 90646",3/15/2017,Army
3046,Shirley,Zuniga,(105) 377-5932,antoniofields@jimenez-lewis.net,"61751 Theresa Locks, Ashleystad, WY 67240",7/30/2023,Wyoming
3047,Jose,Davis,(634) 578-1884,sara67@duncan-evans.org,"58140 Cynthia Greens Apt. 850, Laurenborough, FL 91719",4/3/2017,Florida
3048,Stacy,Lopez,(197) 553-4957,tuckerlogan@harvey.net,"3279 Williams Cliffs Apt. 031, Taylorport, VT 43786",4/14/2023,Vermont
3049,Rhonda,Salazar,(964) 933-2145,timothy47@johnson.com,"80815 Ryan Underpass, Josephberg, MS 61515",3/18/2016,Mississippi
3050,Jennifer,Gibson,(646) 333-7596 ext 183,andersoncassandra@freeman.info,"87516 Eric Ridges, Richardsonburgh, AL 34685",8/11/2022,Alabama
3051,Barbara,Jackson,(113) 472-5503 ext 7008,lholloway@yahoo.com,"053 Williams Pines, North Michael, ND 64578",12/10/2024,North Dakota
3052,Luis,Myers,(797) 219-7240,flowersmegan@yahoo.com,"10934 Darlene Valleys, Johnton, VT 20293",4/4/2019,Vermont
3053,Randy,Figueroa,(921) 039-0940 ext 30849,nancy90@hotmail.com,"02227 Lyons Locks, Wrightfort, NH 52939",10/30/2020,New Hampshire
3054,Adrian,Hall,(835) 327-7983,catherinedonovan@jones.com,"2648 Cole Stream, Mooreberg, NY 96878",12/25/2021,New York
3055,Robert,Lyons,(861) 945-3453 ext 776,rfleming@mcgee.org,"346 Marilyn Pine Apt. 383, East Ashleyville, PA 31897",2/29/2016,Pennsylvania
3056,Melanie,Myers,(700) 486-5275 ext 05030,benjamin27@yahoo.com,"64132 Blair Expressway Apt. 709, Jenniferburgh, IA 66085",11/19/2020,Iowa
3057,Kari,Phillips,(656) 920-1558 ext 677,fjackson@hotmail.com,"8981 Neal Throughway Suite 708, Port Joseph, SC 63426",5/14/2016,South Carolina
3058,Sandra,Morales,(265) 822-8024 ext 309,doylegabriel@lewis.com,"4248 Coleman Forges, New Brandonfurt, FL 91095",2/20/2018,Florida
3059,Ruth,Taylor,(518) 336-8366 ext 044,pennymendez@douglas.com,"Unit 0613 Box 7628, DPO AA 06176",4/13/2021,Army
3060,Mark,Berger,(684) 246-7015 ext 214,jameselliott@jones.com,"28001 Peterson Land, Taylorstad, VA 12825",6/3/2021,Virginia
3061,Drew,White,(397) 130-3389,erussell@gmail.com,"Unit 6729 Box 6696, DPO AP 38163",6/24/2017,Army
3062,David,Watts,(810) 711-0845 ext 13631,taylorteresa@gmail.com,"655 Sara Mountains Apt. 138, Farrellburgh, NY 26509",12/25/2024,New York
3063,Megan,George,(301) 904-8966 ext 4523,pmadden@campbell.com,"38104 John Mill Apt. 059, West John, OK 26085",10/24/2024,Oklahoma
3064,Tracy,Farley,(446) 363-3117 ext 6141,anna51@yahoo.com,"1257 Robinson Walk Apt. 790, Lake Matthewstad, NY 53523",2/1/2019,New York
3065,Andrea,Douglas,(543) 074-3935,qcastillo@gmail.com,"36406 Hensley Well, Mirandafurt, TX 84290",5/24/2018,Texas
3066,Stephanie,Ryan,(782) 111-2556,billybennett@lee-rivera.biz,"916 Collin Corners, East Edward, ME 95304",11/20/2019,Maine
3067,Ryan,Middleton,(957) 956-7847 ext 48606,esanchez@morgan.com,"726 Christopher Row, Jamestown, TN 81374",2/10/2021,Tennessee
3068,Karen,Stevenson,(330) 386-3392,mark07@medina.net,"754 Michelle Motorway Apt. 111, Knoxland, TN 11462",5/2/2022,Tennessee
3069,Melissa,Johnson,(144) 064-0383 ext 459,lsmith@perry.net,"70753 Cody Canyon Apt. 756, Joannberg, FL 06158",11/3/2021,Florida
3070,Julie,Bruce,(322) 794-3334 ext 0042,brandonreyes@hotmail.com,"77802 Ballard Union Apt. 830, Lake Jason, DC 21045",10/21/2023,District of Columbia
3071,Katie,Oliver,(406) 833-6118 ext 543,jennifer79@davis-sanford.info,"43281 Taylor Cliffs, New Susanland, WA 26882",5/11/2020,Washington
3072,Jody,Patton,(098) 279-4892 ext 1002,kevin10@hotmail.com,"6246 Katelyn Well Suite 445, New Moniqueshire, KY 54693",4/4/2018,Kentucky
3073,Paula,Holmes,(153) 687-0094 ext 17186,mckenziejacqueline@bradley-brown.com,"5805 Dorothy Viaduct, South Joeland, IA 15794",9/14/2021,Iowa
3074,Beverly,Glover,(178) 247-5683 ext 564,courtney00@moses.net,"052 Christina Passage Apt. 917, Spencefort, MN 16170",10/6/2023,Minnesota
3075,Christopher,Lucas,(679) 837-3827,rriley@yahoo.com,"169 Karen Stravenue Apt. 635, North David, AZ 32047",2/11/2019,Arizona
3076,Melvin,Meyer,(070) 586-3601 ext 519,milleradam@parker-maldonado.net,"4717 Brian Estate, Heatherport, MO 14430",9/6/2022,Missouri
3077,Kim,Sullivan,(081) 329-9333 ext 348,bennettmary@lozano-wagner.com,"60634 Harris Vista Apt. 396, West Gabriel, RI 48606",10/16/2015,Rhode Island
3078,Joann,Allen,(965) 768-0775,bzuniga@yahoo.com,"640 Juan Roads, East Jacob, CA 80815",1/1/2021,California
3079,Bryan,Hayden,(937) 506-9706,richardhamilton@burton.com,"PSC 9639, Box 5514, APO AP 77517",4/14/2016,Army
3080,Patrick,Schwartz,219118802,tricia02@gmail.com,"02306 Turner Key, Garciafort, TN 71536",4/24/2021,Tennessee
3081,Erin,Glenn,(044) 284-0184,lisamcdaniel@barton.com,"Unit 9368 Box 7671, DPO AE 99775",10/9/2021,Army
3082,Ashley,Graves,(773) 655-0254,bernardrebecca@hill-lawrence.com,"09107 Brian Track, Stephaniechester, WV 27109",1/12/2020,West Virginia
3083,Francisco,Garcia,(559) 070-7800 ext 50430,brownmartin@hotmail.com,"395 Jason Fall Suite 367, Gregorymouth, GA 37436",1/11/2025,Georgia
3084,Lauren,Patel,(292) 315-6611,powersjennifer@mitchell-robles.com,"204 Williamson Shore Suite 147, West Erinmouth, WV 18522",11/1/2017,West Virginia
3085,Tamara,Rice,(510) 733-4378,craigkhan@barton-floyd.com,"6465 Martin Estates Suite 488, Lake Manuel, NC 62400",8/4/2024,North Carolina
3086,Thomas,Torres,258189807,dcampbell@hotmail.com,"42580 Daniel Locks, Josephmouth, OK 38525",7/1/2016,Oklahoma
3087,Shawn,Gutierrez,(928) 605-2242,jacoblopez@yahoo.com,"416 Jessica Skyway Suite 569, Michaelview, ID 22898",4/7/2022,Idaho
3088,Kiara,Rodriguez,(660) 932-6269 ext 2383,fhall@knox.com,"550 Hudson Estates, Woodschester, WI 60401",10/28/2022,Wisconsin
3089,Jonathan,Andrews,(938) 574-6228 ext 66313,garrisonlisa@vaughn.com,"81247 Franklin Crescent, Smithberg, ID 01005",1/27/2019,Idaho
3090,Tim,Foster,(236) 237-8335,mmcdaniel@martin-salazar.org,"4678 Dennis Road, Reedtown, MS 97197",3/11/2024,Mississippi
3091,Jennifer,Warren,(243) 810-6805 ext 75715,staciewheeler@yahoo.com,"5873 Sabrina Ridge Apt. 830, Hayesside, UT 44831",6/10/2024,Utah
3092,Nicole,Sanchez,(158) 379-7804 ext 79520,cwheeler@hotmail.com,"01691 Edwards Heights Apt. 702, Leachville, ND 73879",9/30/2015,North Dakota
3093,Samantha,Anderson,(057) 043-3120 ext 728,mark43@hotmail.com,"004 Olson Ranch Suite 748, Petersview, FL 43064",6/20/2019,Florida
3094,Mary,Ferguson,(989) 828-1957,kristy69@gmail.com,"265 Park Cliffs Apt. 400, Morrisonport, AR 91006",6/19/2016,Arkansas
3095,Joseph,Sexton,(742) 160-3827 ext 54099,alison69@ayala-payne.info,"449 Mitchell Squares, Gomezmouth, AR 16973",7/20/2022,Arkansas
3096,Mark,Blake,(050) 484-0159 ext 1726,smithemily@hotmail.com,"063 Jones Mews Apt. 993, Cameronside, KS 14032",1/2/2017,Kansas
3097,Rhonda,Mueller,(120) 777-2876,pmcknight@pugh.com,"7925 Amber Avenue Apt. 583, New Brian, SD 56681",7/16/2024,South Dakota
3098,Stephanie,Sanders,(758) 427-0181 ext 8994,jessicajackson@gmail.com,"67971 King Mall, East Michael, MD 63403",9/28/2015,Maryland
3099,Laurie,Jenkins,(659) 762-9494 ext 87109,sullivanjason@holder.com,"212 Meadows Station Suite 379, Lake Paul, HI 24706",12/25/2021,Hawaii
3100,Joseph,Meyer,(524) 793-8953 ext 882,oerickson@gmail.com,"1710 Kent Mountain, Joshuamouth, OK 93093",5/7/2019,Oklahoma
3101,Leonard,Thomas,(069) 953-1957 ext 05423,banderson@gmail.com,"60718 Kathleen Street, Rollinstown, NV 47868",5/29/2019,Nevada
3102,Andrew,Adams,(951) 181-0001 ext 7753,wgordon@hartman.net,"46312 Turner Park, Ashleyberg, FL 10320",7/23/2019,Florida
3103,Jesse,Moore,(146) 772-7621,sherri45@hotmail.com,"284 Holly Loop Apt. 472, East Jeremy, NJ 01114",12/5/2021,New Jersey
3104,Scott,Clark,(991) 912-7186,jordanlisa@yahoo.com,"9676 Cook Heights Apt. 308, Fordchester, MI 45334",2/5/2022,Michigan
3105,Anna,Burke,(942) 673-8382,jennifer48@richardson.biz,"764 Potter Estate Apt. 304, North Stevenmouth, CA 24751",11/29/2020,California
3106,Willie,Sosa,(597) 426-6600 ext 07089,christine57@ryan-cordova.net,"16060 Lisa Highway, Hansonside, MT 35903",3/20/2017,Montana
3107,Joseph,Roberts,(029) 243-2961,xpruitt@gmail.com,"144 Corey Falls, New Gary, CT 67497",7/14/2015,Connecticut
3108,Jennifer,Garcia,(933) 128-1522 ext 5690,nicholas77@gmail.com,"187 Wright Ports Suite 385, Taylorville, MD 78946",5/2/2017,Maryland
3109,David,Scott,(525) 859-4388,uwashington@cohen-hunt.com,"6708 Seth Forges, Andrewsville, GA 80657",8/17/2024,Georgia
3110,Michael,Bridges,(559) 913-8731 ext 298,kristengould@peterson.com,"8587 Silva Ridges, Port Andreaburgh, VT 77316",7/30/2023,Vermont
3111,Connie,Hunt,(383) 000-8045 ext 675,reedmarco@gmail.com,"0276 Johnston Points Suite 499, Warrenside, ME 32703",1/7/2024,Maine
3112,Jennifer,Johnson,(383) 137-1875,melaniebriggs@liu.com,"4758 Marvin Prairie Suite 266, Scottbury, MT 36959",4/14/2025,Montana
3113,Christine,Lozano,(065) 882-9476 ext 004,adamsnicholas@gmail.com,"PSC 4128, Box 4431, APO AP 55453",3/5/2023,Army
3114,Michael,Johnson,(777) 572-8397 ext 2535,melaniejones@lopez.com,"98936 Wang Curve Suite 557, West Alicia, SD 03832",6/30/2016,South Dakota
3115,James,Garza,(796) 896-3518,patricia85@johnson-clarke.com,"680 James Stream, North Raymondmouth, HI 66365",9/25/2021,Hawaii
3116,Joseph,Johnson,(131) 317-1981,kyle20@williams.com,"47795 Flores Hill, Lake Michellechester, NY 76254",5/17/2021,New York
3117,Carlos,Frost,(302) 065-1528 ext 4602,linda23@burke.com,"0269 Carla Manor, Kelleyview, MN 08385",11/25/2022,Minnesota
3118,Melissa,Hoffman,(043) 022-9953,courtney26@payne-gibson.com,"USCGC Brown, FPO AP 73271",1/15/2020,Army
3119,Jennifer,Byrd,(304) 543-2696,martinezbrian@krause-williams.info,"50957 Clark Stravenue, Lake Jesusfurt, IN 44049",2/8/2025,Indiana
3120,Meredith,Skinner,(982) 374-1798,katie46@yahoo.com,"8914 Hill Via, North Ericville, SC 97416",11/21/2016,South Carolina
3121,Amber,Goodwin,(872) 642-5329,tammy83@bullock.com,"43707 Gutierrez Springs, Smithland, MT 81000",4/27/2021,Montana
3122,David,Taylor,(003) 074-4815,schmidtjennifer@hotmail.com,"55783 Rodriguez Flat, West Lanceport, CO 12130",4/23/2020,Colorado
3123,John,Brown,(726) 459-2294 ext 1408,calebsanchez@gmail.com,"8325 Avila Crest, North Tonyahaven, NM 50039",1/31/2017,New Mexico
3124,Michael,Mcclain,(200) 087-3597,butlerelizabeth@hotmail.com,"656 Christopher Rue Apt. 345, West Frederickton, MN 59785",10/6/2018,Minnesota
3125,Susan,Hernandez,(130) 413-5097,karen91@yahoo.com,"PSC 3304, Box 7395, APO AE 18317",1/2/2019,Army
3126,Tammy,Booker,(429) 965-6870 ext 522,brandymeza@schaefer-blevins.com,"0514 Lisa Stravenue, Robinsonfort, OR 87464",6/29/2020,Oregon
3127,David,Wise,(965) 191-7387 ext 734,dcross@gmail.com,"702 John Inlet Suite 221, Davistown, MD 08460",6/18/2023,Maryland
3128,Jason,Jennings,(096) 875-2538,danielslisa@hotmail.com,"342 William Drive Suite 498, Gonzalezport, FL 53978",9/7/2022,Florida
3129,Jason,Booker,(727) 137-6543 ext 1692,zyates@gmail.com,"USS Miller, FPO AP 32562",4/2/2019,Army
3130,Juan,Hanson,(511) 973-8085 ext 50964,suarezmegan@baker-howard.biz,"2927 Bass Club, Silvaville, ID 69680",8/7/2015,Idaho
3131,Jeanette,Brown,917684805,briana02@lopez-ford.info,"3602 Jill Knoll, Larrymouth, ME 72369",9/27/2023,Maine
3132,Matthew,Flores,(634) 514-7779 ext 1883,rmcguire@yahoo.com,"47448 Valdez Glens, Smithland, ID 59708",8/28/2017,Idaho
3133,Carla,Nelson,(292) 384-5023,darren84@yahoo.com,"1910 Elliott Park, South William, MI 15082",12/11/2018,Michigan
3134,Jacob,Cruz,(682) 684-3704 ext 972,hicksjoe@hotmail.com,"7564 Martinez Mountains, Deborahborough, OH 56558",1/20/2024,Ohio
3135,Eric,Powell,(229) 404-5096,fmccormick@myers.com,"PSC 5878, Box 7760, APO AE 71928",3/22/2024,Army
3136,Kevin,Sanchez,(611) 830-7214 ext 7181,mthomas@gmail.com,"USNV Hudson, FPO AA 84894",12/9/2020,Army
3137,Justin,Walsh,(355) 915-3154,bowersalexandra@hotmail.com,"66739 Danielle Lane Apt. 924, North Diane, ID 76450",9/9/2020,Idaho
3138,Shane,English,(439) 073-6391 ext 041,muellernancy@hotmail.com,"26022 Ball Loaf Apt. 591, Carlosbury, MI 96242",5/6/2017,Michigan
3139,Holly,Wells,(995) 960-3567 ext 3511,jfreeman@hotmail.com,"09987 Rachel Trail Suite 481, Pachecoview, MD 25518",12/29/2021,Maryland
3140,Victoria,Duncan,(032) 908-6145,toniclements@dalton-galloway.com,"2370 Coleman Hill, Michaelshire, ME 47611",9/17/2019,Maine
3141,Stacy,Ballard,(439) 323-9345,henryhernandez@hotmail.com,"029 Carlson Hollow, Briantown, WA 96578",2/17/2025,Washington
3142,Timothy,Banks,(686) 392-8966,cford@yahoo.com,"452 Patel Mills, Jacobsville, OR 77620",2/6/2019,Oregon
3143,Teresa,Rodriguez,(946) 871-0711,courtney72@yahoo.com,"476 Nicholas Inlet, Elizabethtown, CT 10761",6/1/2015,Connecticut
3144,Regina,Lin,(990) 843-6615,wedwards@yahoo.com,"968 Carpenter Brooks Apt. 040, Victoriamouth, PA 39149",4/29/2023,Pennsylvania
3145,Tara,Parker,(189) 457-5576,johnjohnson@gmail.com,"28692 Glenn Rue Apt. 152, Jonesville, KY 83238",6/5/2020,Kentucky
3146,Robert,Freeman,Invalid Data,tracey05@powell-campbell.org,"35009 Eric Rapid, West Robert, LA 92513",2/4/2024,Louisiana
3147,Rachel,Hill,(392) 630-1327,barry01@fletcher-taylor.com,"16510 Foster Turnpike Suite 784, Ryanchester, CO 78956",4/5/2016,Colorado
3148,Gabriel,Brown,(874) 728-6003 ext 80341,pcantu@hotmail.com,"033 Butler Pike, Tamaratown, CT 88165",4/5/2023,Connecticut
3149,Patricia,Alvarez,(264) 590-5312,wwells@andersen.com,"Unit 7298 Box 5362, DPO AA 77089",3/13/2020,Army
3150,Michele,Salas,Invalid Data,underwoodyolanda@yahoo.com,"91718 Jennifer Hollow, Andrewside, CO 50441",7/13/2024,Colorado
3151,Justin,Ware,(285) 820-6533 ext 5323,qbarrett@yahoo.com,"38748 Roberts Underpass, North Alanmouth, MO 32142",7/8/2024,Missouri
3152,Kelly,Chavez,(907) 117-3184,chad61@hotmail.com,"906 Chandler Lights, West Antonio, NE 06958",4/27/2018,Nebraska
3153,Eric,Donaldson,(086) 596-0412 ext 493,john96@robinson.org,"PSC 8229, Box 4696, APO AA 74714",4/24/2025,Army
3154,Yolanda,Jones,(956) 793-2285 ext 99436,paul53@mendoza.com,"USNV Martin, FPO AA 89524",4/24/2019,Army
3155,Abigail,Smith,(606) 347-0295 ext 4017,mcbrideraymond@yahoo.com,"0205 Timothy Trail Apt. 850, North Stephen, NV 75754",10/25/2016,Nevada
3156,Christopher,Solomon,(531) 480-3301,cochranalicia@smith.com,"427 Cummings Glen Apt. 041, East Austinview, MO 44713",9/30/2015,Missouri
3157,Larry,Lang,(244) 537-4583 ext 89944,omontgomery@kim.com,"0095 Mack Fork, Jeffreymouth, IN 38868",7/16/2015,Indiana
3158,Tyler,Andrews,(904) 586-6318 ext 11924,jpearson@yahoo.com,"231 Sandoval Trail Suite 450, Matthewborough, WA 14089",9/12/2023,Washington
3159,Kelly,Roth,(825) 039-3037 ext 6288,austinclements@walls.com,"3821 Emily Island, South Victor, FL 14299",9/8/2023,Florida
3160,Melissa,Brown,(849) 128-5359 ext 961,lisa48@hotmail.com,"59233 Sheri Flat Suite 981, New Debra, NV 33285",1/16/2016,Nevada
3161,Allison,Frey,(238) 341-7232 ext 2745,baileygrant@curtis.biz,"270 Rebecca Plaza Suite 415, Danielchester, OR 24596",4/7/2021,Oregon
3162,Emily,Lee,(108) 366-3471 ext 72962,phillipsmary@gmail.com,"7283 Larry Row, Hernandezshire, ND 26689",6/6/2020,North Dakota
3163,Wanda,Martin,(081) 816-9922 ext 6469,johncollins@barnett.biz,"628 Harmon Drive Suite 692, New Thomas, OH 99341",3/28/2023,Ohio
3164,Amy,Mitchell,(651) 035-0543 ext 4791,hoffmanlaura@hayes-patterson.com,"2005 Alexander Walks, New Jeffrey, ID 50834",2/4/2025,Idaho
3165,Alan,Harvey,(549) 878-0382,williamskyle@smith.info,"06484 Megan Junction, Lisabury, WI 51156",1/14/2021,Wisconsin
3166,Marie,Craig,(435) 563-0524 ext 8206,jonesjonathan@gonzalez.net,"Unit 5686 Box 2418, DPO AE 76968",10/9/2015,Army
3167,Todd,Meyer,(610) 658-3884,davisstephanie@martinez-kelly.com,"3444 Dustin Roads, Melissafurt, CT 34021",10/5/2022,Connecticut
3168,Cody,Wilson,(667) 744-9828,loriboyd@johns.com,"527 Michael Falls Apt. 838, North Ian, MO 78130",11/17/2016,Missouri
3169,Logan,Hanna,(457) 049-5954,heatherfranco@gmail.com,"5998 Jeffrey Valley, Jacquelineport, ME 54949",9/12/2017,Maine
3170,Catherine,Clark,(632) 197-4685,umiller@cannon-banks.com,"02796 Mora Via Suite 463, Garciatown, VA 75521",4/4/2016,Virginia
3171,Brooke,Walters,(702) 515-4211 ext 192,christopher67@yahoo.com,"172 Drake Drives, East Stevenside, LA 98096",11/23/2016,Louisiana
3172,Marcia,Waller,(508) 211-7894,morafrank@yahoo.com,"7493 Lee Mountain Suite 626, Lake Sylviabury, DC 02116",11/3/2015,District of Columbia
3173,Heather,Smith,(462) 134-9617 ext 4317,aaronjones@miller.com,"USCGC Roberson, FPO AE 82534",9/26/2019,Army
3174,Jacob,Lawrence,(723) 347-4193,joseph58@gmail.com,"81004 Henry Spur, West Jennifer, MT 73419",12/4/2015,Montana
3175,Robin,Brown,(784) 309-8065,michelle12@ochoa.biz,"675 Mills Lake Suite 043, Lake Ricardoview, DC 64520",10/16/2023,District of Columbia
3176,Brittany,Boyd,(787) 016-9727 ext 486,flynnchristina@gmail.com,"5037 Johnson Loop Suite 630, Michaelborough, MI 51876",1/29/2021,Michigan
3177,David,Guerrero,(576) 221-9526,acastaneda@gmail.com,"624 Thompson Spurs, Port Derrickberg, ME 63323",5/15/2018,Maine
3178,Julia,Smith,(826) 020-2977,trevorrobbins@reed.biz,"637 Christopher Ramp, North Terry, MA 56924",10/18/2021,Massachusetts
3179,Jennifer,Cantu,(133) 638-2310 ext 7460,mitchellevans@yahoo.com,"5259 Beck Gateway, Carterhaven, VA 33426",7/19/2020,Virginia
3180,Wesley,Mendoza,(978) 397-1096 ext 50912,jill99@dixon-hamilton.com,"PSC 2462, Box 2819, APO AE 78366",12/11/2018,Army
3181,Allison,Freeman,Invalid Data,james08@yahoo.com,"1514 Anthony Well Apt. 270, East Matthew, NM 19224",1/14/2019,New Mexico
3182,Rebecca,Humphrey,(742) 375-4226,joeljackson@beltran.com,"USNV Moore, FPO AE 71607",2/22/2020,Army
3183,Laura,Stephens,(716) 188-4472 ext 7528,francisco89@hotmail.com,"3048 Diaz Meadows, Port Karen, OR 54228",9/22/2023,Oregon
3184,Renee,Smith,(466) 075-1417 ext 5619,johnsontasha@ramirez.com,"822 Yvette Drives Suite 501, Wilsonton, SD 01743",6/9/2019,South Dakota
3185,Matthew,Murphy,(927) 031-0799 ext 8897,vsutton@hotmail.com,"6749 Franco Route Suite 447, Terriberg, OK 61282",10/30/2022,Oklahoma
3186,Derek,Gonzalez,(035) 518-1614 ext 49369,bryan39@gmail.com,"723 Patrick Parks Apt. 760, Lake Allisonport, NJ 38065",2/14/2024,New Jersey
3187,Edwin,Taylor,(562) 774-0641,tbarrett@yahoo.com,"01637 Pamela Inlet Apt. 962, Lake Danieltown, MA 71466",11/30/2015,Massachusetts
3188,Gregg,Jones,(644) 314-2306,kimberly63@castillo-klein.com,"49104 Rachael Heights Suite 376, Morganfort, WV 41424",7/23/2022,West Virginia
3189,Jennifer,White,(495) 222-2147 ext 708,lindsey61@carpenter.biz,"9612 Timothy Neck Suite 668, Aprilside, ID 36893",3/22/2023,Idaho
3190,Christopher,Jacobson,(244) 530-3640,wintersrenee@gmail.com,"3501 Ward Lights, Lake Jasonland, WY 31410",10/22/2020,Wyoming
3191,Elizabeth,Sanchez,(306) 341-0575,xbarnett@goodwin-lopez.com,"3543 Byrd Loaf, Brayfurt, MI 78827",9/27/2019,Michigan
3192,Michael,Powell,(810) 650-7881 ext 4040,dcooke@gmail.com,"8189 Stacy Street, North Jessefurt, WA 02888",4/7/2023,Washington
3193,Dominic,Gibson,(533) 872-7168 ext 94094,qzuniga@yahoo.com,"944 Clark Garden Apt. 912, New Joseph, AK 23317",10/18/2024,Alaska
3194,Billy,Weber,(826) 930-6981 ext 9033,cmelendez@clarke.org,"528 Michael Court Apt. 766, Jasonfurt, AL 41734",2/26/2022,Alabama
3195,Elizabeth,Mendez,(918) 019-2358 ext 6552,tlewis@hotmail.com,"2034 Rios Path Apt. 581, Port Rachelland, CO 51797",2/2/2018,Colorado
3196,Stephen,Quinn,(998) 957-8952,rsmith@yahoo.com,"2569 Linda Square Apt. 710, Smithtown, ID 96547",7/18/2024,Idaho
3197,Renee,Miller,(143) 200-9722 ext 5278,boyertiffany@jones.biz,"Unit 7889 Box 5789, DPO AA 17202",9/20/2018,Army
3198,Maria,Taylor,(791) 073-5627,renee61@reynolds.net,"209 April Forks, West Natalieville, WY 03737",8/8/2021,Wyoming
3199,Laura,Walker,(529) 838-1927 ext 735,ugonzalez@simpson.com,"1105 Steven Locks, West Theresahaven, TX 51067",5/15/2020,Texas
3200,Angie,Gill,(611) 778-3075 ext 98481,robertbell@yahoo.com,"PSC 3054, Box 2188, APO AE 14422",9/20/2019,Army
3201,Jennifer,Massey,(306) 348-3393 ext 141,cynthia09@brown.com,"238 Hahn Well Suite 127, Gordonberg, RI 18348",10/21/2022,Rhode Island
3202,William,Zimmerman,(826) 346-8978 ext 33128,garciadanielle@morgan-gill.biz,"9534 Krista Fork Suite 567, Lake Amandafurt, ME 46251",2/8/2016,Maine
3203,Michelle,Frank,(860) 456-8721 ext 2568,michaelpacheco@yahoo.com,"799 Morales Inlet, North Davidshire, DC 73513",3/23/2016,District of Columbia
3204,Juan,Short,(489) 356-9759,lori26@hotmail.com,"64016 Henderson Club Suite 421, New Rachelburgh, AK 90248",7/17/2015,Alaska
3205,Miguel,Rivers,(395) 872-4775,james69@gmail.com,"56569 Rodriguez Plaza Suite 947, Lake Lisa, HI 46293",9/3/2017,Hawaii
3206,Kendra,Hill,(948) 649-6931 ext 9830,henrymiller@phillips-garcia.com,"79412 Laura Freeway, Joshuaberg, MA 06892",8/28/2016,Massachusetts
3207,James,Conway,(483) 162-3401 ext 8346,icharles@hotmail.com,"12415 Moses Trail, South Joanne, ID 30657",1/6/2018,Idaho
3208,Devin,Leonard,(965) 983-5765 ext 96024,jennifernelson@hotmail.com,"99431 Fox Summit Suite 224, West Johnview, NJ 61097",4/8/2024,New Jersey
3209,Stacey,Garcia,(621) 012-1998 ext 91032,hmcdonald@yahoo.com,"463 Padilla Ports, Edwardschester, ME 78373",3/11/2020,Maine
3210,Ashley,King,(881) 841-2157 ext 3465,jennifer84@murphy.org,"57013 Burns Village, Port Adamhaven, WI 07478",5/15/2023,Wisconsin
3211,Michael,Mcclure,(448) 660-2689 ext 20900,fblack@hotmail.com,"6110 Paul Squares, East Shelley, CO 31850",12/30/2015,Colorado
3212,Mary,Perez,(094) 086-0689,nicholassosa@martin-lawson.com,"107 Jasmine Parkway, New Jeremiah, LA 62330",1/23/2022,Louisiana
3213,Sabrina,Davis,(081) 979-6391 ext 8420,joel50@frey.com,"11014 Weaver Green, Port Amyburgh, MT 32193",6/19/2018,Montana
3214,Steven,Butler,(471) 808-7159 ext 39857,debrajackson@yahoo.com,"2152 Hopkins Glens Apt. 053, Ramirezborough, KS 31846",5/3/2023,Kansas
3215,Gary,Rodriguez,(037) 288-4813 ext 499,melindamoreno@henderson.com,"8349 Pittman Trail Apt. 009, South Lisafurt, AK 08227",4/26/2018,Alaska
3216,Kari,Martinez,(941) 802-3173 ext 10820,matthew34@yahoo.com,"71853 Johnson Villages Apt. 221, Perezton, NC 13267",6/14/2018,North Carolina
3217,Kevin,Henson,390418284,priceheather@hotmail.com,"853 Kevin Fords Suite 617, Lake Stevenmouth, AK 99508",1/8/2024,Alaska
3218,Kelsey,Landry,(322) 428-3090,normanking@price.info,"266 Gordon Burgs Suite 590, Port Crystalmouth, IA 60394",10/6/2020,Iowa
3219,Miguel,Ballard,(513) 858-8968 ext 2127,stonekari@shelton.com,"8857 Campbell Throughway Apt. 404, East Timothyton, GA 69707",5/14/2023,Georgia
3220,Misty,Campbell,(881) 452-9670,russell27@gmail.com,"USCGC Shaw, FPO AA 40366",6/18/2018,Army
3221,Danielle,Dunn,(883) 643-7692,garciajames@gmail.com,"48085 Zachary Wall, New Joseph, GA 67330",4/22/2017,Georgia
3222,Dan,Espinoza,(814) 258-6107 ext 24871,mauricepoole@jones-evans.net,"1542 Ramirez Rue Apt. 845, North Ariana, NE 80753",5/30/2015,Nebraska
3223,Matthew,Porter,(451) 845-7842 ext 140,yjones@perez.com,"246 Lucas Glens Apt. 535, West Lisa, CT 80019",2/26/2016,Connecticut
3224,David,Juarez,(768) 170-0796,kspencer@gmail.com,"77891 Smith Views, Carolynshire, AR 57030",10/21/2019,Arkansas
3225,William,Castaneda,(536) 050-6218 ext 931,zlynn@gmail.com,"9807 Samantha Inlet Suite 693, Christinetown, CT 30606",5/19/2017,Connecticut
3226,Cynthia,Tran,Invalid Data,riley50@trujillo-roberts.net,"4102 Oliver Walk Suite 955, Vaughanshire, CA 50781",5/13/2022,California
3227,James,Davis,(873) 234-2151,smckinney@williams.net,"Unit 4817 Box 0263, DPO AE 51361",5/2/2017,Army
3228,Joel,Jones,(485) 575-8241 ext 85876,vargaskevin@hotmail.com,"2212 Mark Hill, Raymondchester, CA 50744",6/20/2022,California
3229,Andrew,Lewis,(048) 231-9502,michael27@hotmail.com,"23278 Jackson Locks, Port Jonathanhaven, OH 95682",1/29/2019,Ohio
3230,Matthew,Tran,(719) 616-8680 ext 871,martinezmichael@mullins-mendoza.com,"0323 Reese Stravenue Suite 111, New Michaelbury, AZ 04246",11/7/2023,Arizona
3231,Bethany,Payne,(509) 068-6137 ext 713,evansshawn@young.com,"8136 Lucas Prairie, Angieville, VT 68697",3/31/2018,Vermont
3232,Eric,Jenkins,(130) 267-1899,karengray@hotmail.com,"3201 Erin Haven, South Jack, MT 80497",6/5/2016,Montana
3233,Michelle,Wagner,611897159,marywoods@hotmail.com,"15613 Hart Ridge Apt. 026, Lake Haley, DE 91928",10/15/2018,Delaware
3234,Joshua,Howard,(532) 370-7794,ihall@hodges.biz,"Unit 4432 Box 7403, DPO AA 91947",11/1/2024,Army
3235,Larry,Smith,(303) 833-6640 ext 119,andrewhayes@pearson.info,"Unit 6719 Box 5149, DPO AP 10242",3/29/2023,Army
3236,Rachel,George,(780) 506-7915,thomaspennington@hotmail.com,"87357 Nathaniel Ways, West Steven, OK 55051",7/26/2016,Oklahoma
3237,Jonathan,Cook,(175) 294-1078 ext 19475,panderson@yahoo.com,"30047 Glass Point Suite 657, North Frankberg, KY 35209",10/13/2021,Kentucky
3238,Ryan,Martin,(315) 004-2971,saracollins@barrera.com,"0485 Allison Valleys, Tylerhaven, AK 78579",5/26/2016,Alaska
3239,Rebecca,Johnston,(261) 409-8349,littlematthew@baker.com,"425 William Points, Lopezport, MT 69911",12/24/2015,Montana
3240,Jennifer,Hartman,(221) 750-7055 ext 723,jonescory@miller-bailey.biz,"50177 Solis Vista, West Erin, MD 00858",10/7/2018,Maryland
3241,Jeremy,Elliott,(553) 648-6361 ext 4349,dillonadkins@gmail.com,"7351 Diaz Mission, Boothview, ND 62385",10/11/2024,North Dakota
3242,Christopher,Brown,(016) 172-3505,crystalwright@yahoo.com,"0584 Vanessa Point Apt. 068, Geoffreyhaven, NY 77016",11/27/2015,New York
3243,Maria,Greene,(455) 860-2090 ext 5291,erinwheeler@warren.com,"69777 Cristina Station Apt. 087, West Robin, NM 41440",3/15/2019,New Mexico
3244,Seth,Holden,(516) 936-2438 ext 300,kclements@wells-santiago.org,"34953 Cruz Estate, North Jessicaview, WI 74911",12/27/2024,Wisconsin
3245,Audrey,Whitney,(296) 337-9589 ext 2317,sgarcia@hotmail.com,"0153 Harvey Mount, West Alicia, SD 56955",8/3/2017,South Dakota
3246,Natalie,Torres,(217) 867-5857,melinda09@yahoo.com,"3002 Lawrence Valleys, Lake Thomas, OR 85522",1/2/2018,Oregon
3247,Leslie,Warren,(558) 122-1851 ext 47152,jennifercarrillo@gmail.com,"462 Christopher Fields, Yvonnebury, OR 12444",1/18/2018,Oregon
3248,Richard,Nguyen,(348) 135-8735 ext 29556,richardsonjared@hotmail.com,"200 Johnson Stream Suite 788, Margaretside, CT 40961",12/17/2018,Connecticut
3249,Kristin,Parker,(465) 284-6009,jeffrey65@hotmail.com,"02356 Rebecca Rue Suite 020, Timport, OK 10939",3/5/2018,Oklahoma
3250,Louis,Gregory,(124) 287-5237 ext 2647,tara08@diaz.com,"35508 Michael Inlet Apt. 711, Wilsonbury, IN 86197",5/1/2025,Indiana
3251,Sabrina,Jackson,(517) 723-7515 ext 8792,marshallstephanie@yahoo.com,"03461 Sarah Rest Suite 834, West Lindseyview, WA 09028",10/11/2018,Washington
3252,Whitney,Murray,(619) 517-3536,tyler97@sims.info,"2882 Woods Viaduct Apt. 208, Lake Mark, DE 74278",7/21/2020,Delaware
3253,Lisa,Martinez,(557) 585-3475,amandasavage@lopez.com,"92927 Calvin Tunnel Suite 598, Lake Frankland, AL 14998",8/1/2019,Alabama
3254,Dennis,Campbell,(234) 517-1546 ext 7992,sharon82@alexander.biz,"311 David Club, South Damon, DC 02648",7/4/2023,District of Columbia
3255,Jeremy,Armstrong,(519) 468-0033 ext 114,pday@yahoo.com,"649 Misty Way Apt. 042, East Deannafort, NV 78236",1/18/2018,Nevada
3256,Rachel,Murphy,(172) 502-8175,cgreen@hotmail.com,"115 Vega Circle Apt. 233, North Laurieview, AZ 17841",11/6/2015,Arizona
3257,Jessica,Perez,(205) 218-6951 ext 190,preston13@gmail.com,"665 Amy Road Suite 038, Port Tanyaburgh, OR 43777",8/10/2017,Oregon
3258,Alejandro,Beltran,(194) 546-4237 ext 68334,jaclyncarroll@williams-solis.com,"Unit 5560 Box 9715, DPO AE 65189",11/10/2017,Army
3259,Deanna,Gould,(751) 516-8123 ext 3200,ngould@hotmail.com,"510 Dustin Island Apt. 569, Amandaside, ID 38125",9/25/2015,Idaho
3260,Scott,Smith,(063) 553-7445 ext 924,hurstjanet@hotmail.com,"88980 Christine Knoll, Lindaberg, DE 78107",10/1/2019,Delaware
3261,Joe,Horton,(960) 940-0851 ext 363,stevensolomon@yahoo.com,"39559 Moore Meadow, Lake Christopher, NM 83715",10/1/2019,New Mexico
3262,Nancy,Brewer,(399) 864-2207 ext 00945,bryantsuzanne@hotmail.com,"5522 Edwin Ville Suite 711, Fowlerton, NM 51336",7/14/2023,New Mexico
3263,Laura,Sparks,(431) 864-3498 ext 20496,ikim@palmer.net,"540 Edwards Fork Suite 240, South Hunter, ND 03927",5/12/2018,North Dakota
3264,Christina,Stafford,(505) 634-6810 ext 8070,smithellen@weaver.net,"27932 Gill Drive Apt. 066, West Josephstad, WA 70953",9/8/2019,Washington
3265,Krystal,Brooks,(484) 367-7320 ext 80231,samuel13@yahoo.com,"8115 Stephen Harbors Suite 389, Meyermouth, VA 29713",3/15/2019,Virginia
3266,Ricardo,Bell,(474) 418-4029 ext 70704,vancejohn@harper-taylor.com,"318 Patrick Oval, Murrayfort, OR 02667",3/1/2019,Oregon
3267,Jose,Stafford,(090) 113-4170 ext 75778,froberts@anthony.biz,"557 Martin Mill, Veronicamouth, VT 22919",3/17/2023,Vermont
3268,Ann,Sandoval,(995) 666-2640 ext 359,gchristensen@yahoo.com,"466 Combs Freeway Suite 150, Kimbury, NV 73813",3/3/2021,Nevada
3269,Donald,Stevens,(051) 043-8611 ext 35348,jonathanwilkinson@campos.com,"037 Roger Branch, Bradybury, IL 02001",12/20/2016,Illinois
3270,Ashley,Stephens,(587) 761-7105,cherylsweeney@cabrera.com,"58727 Laura Club, Bateshaven, NY 92888",10/3/2017,New York
3271,Kristina,Rogers,(602) 381-6758 ext 7559,roy92@lee.org,"10884 Candice Lake Apt. 416, South Jameschester, NH 14664",11/24/2020,New Hampshire
3272,Alyssa,Walker,(014) 947-9392 ext 948,juanlambert@lawson.org,"949 Hodge Point Apt. 106, Lake James, MN 04116",5/21/2015,Minnesota
3273,Alejandra,Brewer,(035) 642-0218 ext 853,jennifer29@yahoo.com,"557 Christopher Squares Apt. 323, Harmonchester, NJ 92661",4/14/2017,New Jersey
3274,Erica,Johnson,(828) 702-2398 ext 88378,itorres@wood.com,"USCGC Cannon, FPO AA 18365",5/20/2021,Army
3275,Sarah,Gonzales,(982) 043-9638 ext 482,garrettthomas@hotmail.com,"PSC 7587, Box 5468, APO AE 03817",10/26/2018,Army
3276,Jennifer,Andrade,(351) 990-5588 ext 679,nstewart@hotmail.com,"615 Jeffrey Plaza Suite 562, New Carlosfurt, MD 26914",3/3/2018,Maryland
3277,Kevin,Ford,(994) 111-5608 ext 87031,ginageorge@fletcher.net,"44424 Nicholas Prairie, North Bradley, UT 50715",6/24/2023,Utah
3278,Jeremy,Warren,(100) 108-4487,fostermatthew@goodwin.biz,"67978 Pamela Spurs Apt. 158, Lake Tracymouth, MI 87718",6/8/2016,Michigan
3279,Brenda,Kelly,(601) 611-4300 ext 71682,paulcraig@mendoza-bryant.com,"84370 Willie Falls Suite 619, Grossport, OH 81923",3/7/2022,Ohio
3280,Latasha,Brown,(171) 655-3708,dylanjefferson@peters.biz,"2245 Jennifer Hollow Suite 513, West Emily, ND 20956",11/12/2019,North Dakota
3281,Nancy,Buchanan,(527) 898-3354 ext 344,joyce81@yahoo.com,"2907 Silva Village Suite 039, Codystad, NH 90720",8/17/2021,New Hampshire
3282,Alexandra,Booth,(142) 947-1867 ext 00032,ahines@murphy-keller.net,"44173 Jerry Streets Suite 252, Miguelmouth, GA 73244",6/22/2015,Georgia
3283,Corey,Contreras,(982) 372-1236 ext 35975,zcase@gmail.com,"430 Odom Orchard, Michaelberg, LA 81937",6/27/2018,Louisiana
3284,Kara,Watkins,(915) 886-0828,ashleyroberts@taylor-little.com,"17371 Connor Islands, Nancyview, LA 98253",6/1/2016,Louisiana
3285,Thomas,Wilkinson,(943) 887-1822,campbellcourtney@hotmail.com,"079 Chambers Tunnel, Danfort, IL 19476",5/29/2024,Illinois
3286,Amanda,Barnett,(483) 793-8228 ext 39282,whitematthew@allen-callahan.biz,"4216 Perez Branch, Port Lisabury, KY 68536",9/23/2018,Kentucky
3287,James,Alvarez,(227) 208-9513 ext 06707,sharpjason@shelton-gonzalez.com,"9597 Sherry Springs Suite 608, Cindyport, NC 33454",4/8/2020,North Carolina
3288,Denise,Moore,(426) 337-4471 ext 36644,liujamie@hotmail.com,"60509 Schmidt Fort, Bakerbury, AZ 73136",12/16/2016,Arizona
3289,Madeline,Reese,(308) 510-4053 ext 55212,mackmatthew@hotmail.com,"535 Joshua Haven, Powellfurt, AZ 86844",1/5/2020,Arizona
3290,Kimberly,Ward,(444) 368-2243 ext 921,kirstenrodriguez@adams.info,"4498 Moore View, West Sharonborough, IN 76854",8/29/2024,Indiana
3291,John,Williams,(141) 237-4745 ext 81484,tblair@miller.com,"21414 Catherine Trail Apt. 567, West Abigailton, OH 98028",4/6/2021,Ohio
3292,Rachel,Barron,(778) 487-9827 ext 394,swallace@yahoo.com,"6719 Dunn Islands Apt. 738, Harveyfurt, WV 73700",11/1/2019,West Virginia
3293,Kimberly,Smith,(210) 005-2886 ext 4073,williamscarol@livingston.com,"513 Tammy Heights Apt. 264, New Jocelyn, WI 54247",2/5/2024,Wisconsin
3294,Patrick,Scott,(056) 779-1408 ext 0425,fergusonmaria@miller.com,"4725 Knight Courts, Ryanborough, KS 26334",10/27/2022,Kansas
3295,Allen,Schneider,(976) 211-6535 ext 43951,kellidavies@king.com,"4880 Savannah Vista, Sarahborough, IA 79256",2/26/2017,Iowa
3296,Brooke,Jordan,(246) 868-7264,katherinejenkins@yahoo.com,"66111 Carolyn Ford Suite 408, Markchester, WI 12403",4/24/2025,Wisconsin
3297,Tara,Wallace,(155) 706-6271 ext 2227,jose00@williams-cooper.com,"429 King Fall Apt. 269, East Kaylachester, KY 41062",7/7/2016,Kentucky
3298,Teresa,Weeks,55031816,obrown@jackson.org,"675 Mills Drive, North Victoria, ME 15197",3/28/2023,Maine
3299,Lisa,Thompson,(301) 862-6614,richardsonjames@duncan.com,"01667 Campbell Extensions, Joneston, CA 87100",10/6/2018,California
3300,Robin,Phillips,(485) 582-6361 ext 6414,kathryncunningham@gmail.com,"6664 Bailey Trafficway Apt. 132, New Chelseamouth, NV 53656",8/23/2023,Nevada
3301,Kevin,Jackson,(312) 197-6663 ext 118,wyattwilliams@gmail.com,"373 Steven Fields Suite 162, South Ashleyland, DC 22866",3/16/2017,District of Columbia
3302,Brianna,Dean,(371) 813-0196 ext 07359,jessica38@ellis.biz,"389 Atkins Center Apt. 402, Shannonland, UT 06000",1/16/2018,Utah
3303,Dawn,Guzman,(601) 354-4926,yblankenship@jarvis-davis.com,"67816 Bradley Stravenue, West Victoria, WV 33638",12/1/2018,West Virginia
3304,Casey,Woods,(146) 544-5389 ext 8100,ericanderson@hernandez.com,"PSC 0329, Box 7942, APO AA 68453",7/16/2016,Army
3305,Dustin,Ford,(858) 875-2725 ext 081,josephlyons@hotmail.com,"18915 Sanford Drives Apt. 452, Diazside, AL 41807",5/10/2019,Alabama
3306,Theresa,Harmon,(206) 744-9708,davisjonathan@yahoo.com,"08318 Yoder Mount, Jeremyland, NM 53884",9/11/2015,New Mexico
3307,Cameron,Cole,(246) 882-0135,lucasjames@hotmail.com,"921 Ponce Unions, Lake Jennifertown, RI 93161",8/2/2021,Rhode Island
3308,Nicole,Freeman,(547) 335-2306 ext 10413,grayjason@gmail.com,"54544 Freeman Hollow Apt. 024, New Wendytown, TX 02723",5/6/2024,Texas
3309,Ashley,Daniels,(205) 156-9176 ext 14308,krista87@hotmail.com,"949 Chavez Lakes Suite 155, Port Blake, VT 40979",4/29/2022,Vermont
3310,Alexander,Jones,(223) 244-5309 ext 12355,jennifercosta@yahoo.com,"PSC 6760, Box 4963, APO AA 64362",4/11/2020,Army
3311,Kristin,Buckley,(462) 388-6020,lowejeffrey@grimes.com,"4290 Louis Turnpike, Monicafurt, AR 96507",2/27/2025,Arkansas
3312,Brittney,Gonzales,(128) 891-8763 ext 010,gallen@hotmail.com,"66857 Peterson Walk, Whiteview, NV 27469",7/24/2018,Nevada
3313,Jill,Ellis,(426) 237-2185 ext 9169,swansonannette@fields.biz,"Unit 9254 Box 8014, DPO AA 01116",11/7/2023,Army
3314,Sandra,Hart,(657) 709-0230,novakdana@yahoo.com,"021 David Light Suite 695, Ryanside, NY 88692",11/19/2019,New York
3315,Diane,Patterson,(895) 691-1697 ext 5829,erobinson@gmail.com,"879 Bryan Hill Suite 270, Port Michael, TX 98222",2/12/2021,Texas
3316,Lisa,Khan,(619) 211-2125 ext 3173,hansontracy@yahoo.com,"030 Austin Summit Apt. 337, Michelleport, NV 38902",10/9/2017,Nevada
3317,Daniel,Adams,(724) 310-1614 ext 27963,ureynolds@byrd.com,"25119 Kevin Crescent Suite 513, New Melissa, AR 09621",5/25/2016,Arkansas
3318,Samuel,Conway,(936) 178-2815,troywilliams@frazier-robinson.com,"9578 Kramer Cliff, Port Jenniferfort, AZ 10523",1/27/2018,Arizona
3319,Charles,Jackson,(489) 541-5727,sbarnes@robinson.biz,"21196 Ramos Burgs Suite 232, Blakeborough, CO 98323",1/11/2023,Colorado
3320,Evan,Greene,(239) 672-4726 ext 87628,madison10@west-harris.biz,"410 Jensen Ridge Apt. 011, Lake Deborah, MA 57945",1/10/2025,Massachusetts
3321,William,Nichols,(871) 498-3175,merrittmonica@garcia-price.com,"533 Lopez Parks, New Michael, MD 66458",10/15/2018,Maryland
3322,Frank,Hughes,(036) 980-7536 ext 01749,seth51@yahoo.com,"59392 Derrick Streets Suite 284, Johnfort, MO 90713",8/7/2021,Missouri
3323,Donna,Hayden,(712) 206-4024,lynchedward@gmail.com,"1067 Michael Radial Apt. 132, Sanchezstad, OH 71422",11/30/2024,Ohio
3324,Melanie,Fisher,(776) 764-2666,jody18@sutton-jones.com,"Unit 3772 Box 6392, DPO AA 28124",3/21/2018,Army
3325,Julie,Moran,(042) 151-5865,bentleynicole@hotmail.com,"4256 Stephen Club Apt. 476, Hughesshire, IL 88578",12/21/2024,Illinois
3326,Gerald,Snow,(502) 758-5818 ext 573,swilliams@cobb-freeman.com,"35954 Amanda Station Suite 879, Floresland, VT 42150",1/13/2019,Vermont
3327,David,Brady,(186) 807-7911,lisamarsh@medina.com,"605 Emma Loop Suite 085, South Joshua, OK 94254",3/16/2016,Oklahoma
3328,Diana,Mayo,(780) 184-3645,gjones@perry.com,"5206 Kathy Junctions Apt. 412, Coxburgh, KS 30179",8/20/2019,Kansas
3329,Paul,Wilson,(560) 231-6268,jessicabarron@navarro.com,"26352 Patricia Garden, Contrerasbury, KS 32650",12/6/2021,Kansas
3330,Christopher,Lucero,(703) 406-4020 ext 9938,sierragarcia@smith.biz,"4621 Andrew Cape, Jamesborough, NH 22774",6/29/2018,New Hampshire
3331,Lisa,Webb,(160) 142-2531 ext 55745,janetrobinson@yahoo.com,"023 King Green Suite 200, Jasontown, IA 31134",7/20/2018,Iowa
3332,Kayla,Lester,(829) 872-2451 ext 544,christopheradams@turner-bradshaw.com,"2689 Julie Well, Port Hannah, IL 98168",3/20/2022,Illinois
3333,John,Jackson,(073) 085-6901 ext 398,gthomas@yahoo.com,"94135 Robles Junction Suite 963, New Michaela, AK 12709",7/8/2019,Alaska
3334,Danielle,Jones,(693) 426-6795,kathleen48@gmail.com,"05086 Paula Run Suite 844, Gloriaview, NC 08080",4/16/2019,North Carolina
3335,Edward,Martinez,(588) 578-2308 ext 46503,katherineroberson@gmail.com,"748 Simmons Ridge, New Wayneberg, HI 22297",12/28/2020,Hawaii
3336,Samantha,Jones,(940) 305-2897 ext 7585,clarksarah@gmail.com,"03057 Henson Shoals, South Scott, GA 26956",11/16/2024,Georgia
3337,Barbara,Allen,(654) 725-3667 ext 55433,haileyjohnson@herrera-bowen.com,"06627 Davis Ports, Port Thomasmouth, VA 68783",12/23/2019,Virginia
3338,Seth,Burnett,(792) 394-0110 ext 697,shaun18@hotmail.com,"57881 Stacey Cape, West David, WV 44177",4/23/2024,West Virginia
3339,Ashley,Harrison,(831) 808-4204 ext 368,dortiz@stevens.com,"4724 Christian Plains Suite 556, East Kelsey, MT 48239",10/18/2016,Montana
3340,Linda,Adams,(287) 781-9390,joshuamunoz@franklin-vega.com,"541 Levy Summit Apt. 284, Melissaborough, FL 07591",12/6/2021,Florida
3341,Bryan,Hall,220720216,yking@carlson.com,"9278 Katie Square Apt. 194, Robertstad, NY 22194",2/1/2020,New York
3342,Alexis,Oneill,(597) 079-5604 ext 68680,brett50@hotmail.com,"1769 Angela Estates, Lake Brianborough, GA 90229",3/19/2019,Georgia
3343,Edwin,Johnson,(257) 571-5410 ext 6954,dennispatricia@hotmail.com,"USS Robinson, FPO AE 59162",4/23/2023,Army
3344,David,Saunders,(796) 875-7383 ext 604,lorraine22@gmail.com,"USNS Gomez, FPO AE 84354",4/15/2019,Army
3345,Andre,Hart,(230) 077-6952 ext 70092,michaelrosario@miles-beltran.biz,"Unit 8977 Box 8869, DPO AA 04232",10/8/2018,Army
3346,Curtis,Delgado,(941) 679-2878 ext 819,johnsonjoseph@gmail.com,"8815 Kenneth Land, East Jeffreyfort, FL 24622",10/13/2019,Florida
3347,Nicholas,Johnson,(402) 275-9657 ext 9938,stevenmacias@wilson.com,"06394 Perry Plains, Kathytown, MT 06965",1/23/2018,Montana
3348,Henry,Beck,(617) 042-0585 ext 9725,allisonnguyen@white-welch.com,"1064 Eric Club Apt. 757, New Douglas, GA 01755",9/18/2021,Georgia
3349,Nicholas,Reed,(178) 619-2900,gonzalezcheryl@caldwell.info,"41019 Robin Springs Suite 561, North Megan, IL 52084",3/28/2018,Illinois
3350,Anthony,Marshall,(622) 883-8697 ext 7278,lisajones@yahoo.com,"790 Lawson Parks, Hillland, FL 06471",12/21/2019,Florida
3351,Tricia,Cruz,(112) 717-3224,sancheztony@gmail.com,"4300 Le Brooks, Wolfville, AL 36101",8/10/2020,Alabama
3352,Samantha,Yu,(797) 198-5398 ext 930,riveraleslie@jones-walls.com,"07406 Jenkins Fork Apt. 533, West Patriciafurt, WY 10066",10/13/2019,Wyoming
3353,Timothy,Baker,(083) 331-2886,thomas31@yahoo.com,"84700 Williams Ridges Apt. 342, West Mary, LA 27516",12/21/2020,Louisiana
3354,Nicole,Vasquez,(482) 914-4576,wellsdonald@hotmail.com,"637 Martin Station, West Jacqueline, FL 74885",4/14/2023,Florida
3355,Ralph,Harrison,(356) 387-5009,sosacolleen@james-moore.biz,"04671 Turner Mountain Suite 917, Taylorborough, KS 33142",6/28/2024,Kansas
3356,Daniel,Colon,(761) 331-8427,riosashley@knight.com,"825 Coleman Brooks, West Alice, VA 46861",7/20/2018,Virginia
3357,Renee,Barry,(606) 470-3683 ext 795,lwilson@gmail.com,"30905 Ashley Courts Suite 341, South Glendachester, NH 66435",11/9/2020,New Hampshire
3358,Brian,Conner,(605) 170-0143 ext 417,sean55@hotmail.com,"2963 Bradley Pass, Jeremyfurt, KS 57400",8/3/2015,Kansas
3359,William,Green,(471) 900-2951 ext 25524,bartonstacy@hotmail.com,"PSC 9894, Box 2953, APO AA 71722",2/16/2023,Army
3360,Matthew,Rodriguez,(393) 936-9145 ext 512,suzannehodges@gmail.com,"52338 Shawn Ways Apt. 584, West Cody, RI 74931",6/13/2024,Rhode Island
3361,David,Rodriguez,(776) 247-1524 ext 97844,yward@lutz-miller.com,"5912 Angela Centers Suite 161, Hernandeztown, MO 36170",7/1/2021,Missouri
3362,Kevin,Benton,(775) 666-1960,myerserica@tucker.com,"23753 Daniel Squares Apt. 853, Lake Johnfort, WA 18530",5/29/2015,Washington
3363,Elizabeth,Mathis,(425) 158-9489 ext 465,jay47@kramer-ward.com,"USCGC Rivera, FPO AP 78365",12/10/2018,Army
3364,Gary,Perez,(814) 839-7162,zsmith@wells.org,"043 Raymond Corner, Port Madison, NV 75635",9/14/2020,Nevada
3365,Amy,Eaton,(469) 748-4746,idelgado@mccarthy-martin.info,"279 Patrick Passage Apt. 902, East Kathleen, LA 92364",4/12/2024,Louisiana
3366,Misty,Christian,(659) 459-6312,susanmiller@yahoo.com,"376 Fernandez Port, West Julia, DC 02192",11/11/2018,District of Columbia
3367,Lisa,Dawson,(870) 101-6606,hamptonbrooke@yahoo.com,"340 Mcmahon Flat, Romerochester, MD 90588",12/7/2015,Maryland
3368,John,Le,(844) 884-7155 ext 1469,owensjasmine@gmail.com,"238 Davis View, North Annaborough, NJ 84009",6/19/2022,New Jersey
3369,Catherine,Norton,(087) 668-9971 ext 5558,aguilardanielle@anderson-stanley.org,"49335 Kristen Lodge, Jenniferhaven, OK 41418",8/17/2015,Oklahoma
3370,Joseph,Rios,(348) 059-6225 ext 1570,fisherlisa@gmail.com,"10381 Taylor Roads, Lake Alexandra, MA 30029",10/10/2018,Massachusetts
3371,Jermaine,Owens,(934) 399-6439 ext 08378,knguyen@savage-schroeder.info,"698 Wilson Mission Suite 794, Timothyfort, AZ 77149",8/11/2019,Arizona
3372,Jonathan,Madden,(008) 627-4123,jamesmiller@hotmail.com,"5500 Jennifer Prairie Suite 487, New Jason, ME 67684",12/24/2022,Maine
3373,Patricia,Young,(999) 943-6522,stephaniedalton@gmail.com,"954 Jamie Row Apt. 545, Lake Javier, MN 41839",8/17/2021,Minnesota
3374,Amanda,Stuart,(567) 406-6286 ext 6937,kimberlyjohnson@gmail.com,"3155 Morris Land Apt. 584, Tracyfort, SC 80313",11/2/2022,South Carolina
3375,Amber,Mitchell,(907) 326-5000,haynestimothy@gmail.com,"40962 Miller Place Apt. 347, Morganside, WI 48725",6/30/2021,Wisconsin
3376,Calvin,Baker,(657) 695-3479,jonesdaniel@smith.biz,"11651 Deborah Extensions, Kathytown, TN 18202",1/9/2021,Tennessee
3377,Mary,Chambers,(608) 544-2919 ext 684,garciaian@castro.com,"131 Ashley Villages, West Tiffany, OR 29631",2/25/2020,Oregon
3378,Sarah,Frank,(701) 614-2160 ext 1346,robbinsjennifer@pineda-morse.net,"4286 Christopher Springs, East Robert, OH 16691",4/26/2023,Ohio
3379,Troy,Lopez,(174) 485-3785 ext 62046,tonydavis@hotmail.com,"Unit 9658 Box 8258, DPO AP 55973",9/28/2020,Army
3380,Susan,Hall,(569) 794-1790,mhenson@rivas.com,"36462 King Ridge, Jaclynmouth, SC 51630",6/29/2022,South Carolina
3381,Jasmine,Frank,(986) 065-8910 ext 90605,oblair@hotmail.com,"4094 Beth Trafficway Suite 895, New David, ID 05458",8/13/2015,Idaho
3382,Cassandra,Mathews,(277) 301-2690,wtaylor@bell.com,"746 Janet Way, Lake Sandra, AR 57434",8/20/2024,Arkansas
3383,Jillian,Franco,Invalid Data,karenduffy@hall.com,"30698 Richard Islands, Mosleytown, SC 19188",8/14/2020,South Carolina
3384,James,Ali,(305) 741-1988,michael77@gmail.com,"7740 Adams Divide, North Desireeville, ND 36616",9/1/2022,North Dakota
3385,Sarah,Simmons,(306) 233-5350 ext 311,annawaller@gmail.com,"PSC 0801, Box 3357, APO AE 60535",6/8/2023,Army
3386,Catherine,Barton,(921) 759-8472,fmiller@hotmail.com,"2410 Green Parkway, South John, CT 46677",7/12/2015,Connecticut
3387,April,Harris,(923) 662-6526 ext 7646,thomasdavis@hotmail.com,"73403 Diane Way, Jessicachester, VA 02931",12/9/2016,Virginia
3388,Nicole,Lee,(582) 553-4859 ext 0314,gambleadam@cordova-snyder.com,"5942 Derrick Villages Suite 967, Scottmouth, WI 01416",4/24/2019,Wisconsin
3389,Adam,Martin,(173) 596-0702 ext 4560,philip64@obrien.net,"Unit 5719 Box 4416, DPO AE 13123",3/29/2023,Army
3390,Scott,Fisher,(986) 348-7284,yjones@king.com,"95644 Christopher Vista Suite 986, Elliottport, SC 62694",11/16/2020,South Carolina
3391,Laura,Hernandez,(261) 981-1138,rhondathompson@peters.net,"69658 Smith Island, Logantown, CT 86280",4/24/2019,Connecticut
3392,Michael,Harrell,(804) 001-1276,mchan@bailey-graham.biz,"1129 Pham Junction Apt. 924, North Dianaberg, DC 51755",1/4/2022,District of Columbia
3393,Amber,Jones,Invalid Data,kellyroberts@yahoo.com,"0895 David Islands Suite 346, Amandahaven, DC 22465",4/15/2023,District of Columbia
3394,Samuel,Ruiz,(751) 733-7652,osbornefernando@gmail.com,"27579 Frost Mountain, North Scott, SC 13100",7/19/2019,South Carolina
3395,Nicholas,Wilkins,(479) 328-6513 ext 0208,mooremichael@white.net,"9364 Steve Pine, Hermanhaven, WA 41037",7/28/2020,Washington
3396,Lisa,Munoz,(063) 272-0280 ext 7213,apearson@gmail.com,"304 Wang Forges Apt. 842, East Carlaville, CT 28196",4/12/2020,Connecticut
3397,Carlos,Smith,(191) 783-5275 ext 231,alyssa91@gmail.com,"0972 Alan Landing, Davisberg, NY 54309",8/6/2018,New York
3398,Anna,Foster,(730) 169-0007 ext 502,ashleyperez@collins.biz,"501 Brittney Corners Suite 379, Benjaminport, HI 01294",4/16/2023,Hawaii
3399,Kathleen,Adams,(357) 693-5908,petersoncasey@lewis.com,"USCGC Lee, FPO AP 60827",8/26/2019,Army
3400,Ryan,Martin,(873) 821-3518 ext 74025,jacqueline98@murphy.info,"77858 Ashley Village, Jamesmouth, NH 31789",8/27/2018,New Hampshire
3401,Brittany,Hampton,(853) 328-1422,tyler79@chase.info,"27228 Lopez Plaza Suite 316, South Darylville, KS 03483",5/18/2015,Kansas
3402,Christopher,Stevens,(537) 566-9399 ext 156,tiffany47@yahoo.com,"8183 Johnny Islands, Christophertown, LA 48965",11/2/2017,Louisiana
3403,Adrienne,Carter,(203) 266-1111,codyevans@martin-brown.com,"USS Wallace, FPO AP 21427",11/30/2016,Army
3404,David,Boyd,(018) 945-1465 ext 2395,terri49@taylor.com,"0696 Jessica Ramp Suite 499, Williamfort, OK 39133",7/19/2024,Oklahoma
3405,Diana,Gallegos,(177) 631-7280 ext 84556,melissajoseph@rojas.biz,"00521 James Junction Suite 197, Stephensbury, CA 58293",11/19/2022,California
3406,Brandy,Ball,(459) 372-5670 ext 350,katherinemercado@peterson-larson.biz,"3263 Brianna Mill, Antoniobury, HI 69788",4/22/2016,Hawaii
3407,Gina,Ramos,(450) 443-2856 ext 930,angela49@gmail.com,"USCGC Maldonado, FPO AP 75963",5/7/2022,Army
3408,Jennifer,Elliott,(096) 518-6830,wilsonandrea@gmail.com,"853 Whitney Greens Suite 200, West Davidstad, VA 23214",9/12/2015,Virginia
3409,Jodi,Smith,(798) 366-4673 ext 05786,mayokayla@hotmail.com,"661 Danielle Field Apt. 264, East Jessicabury, NV 03927",2/23/2025,Nevada
3410,Timothy,Walton,(374) 790-5661 ext 125,katie96@hotmail.com,"45780 Danielle Forks, Melindaburgh, GA 71646",7/11/2019,Georgia
3411,Norma,White,(318) 266-7336 ext 12252,nicholaswalker@yahoo.com,"894 Cameron Run Suite 318, Whiteton, KY 71058",2/17/2018,Kentucky
3412,Jennifer,Henry,(309) 023-8214,colealan@gmail.com,"463 Turner Mill Apt. 528, Benjaminview, CT 91966",10/5/2024,Connecticut
3413,Wendy,Patel,(852) 957-2133 ext 411,karinaanderson@gmail.com,"36524 Heather River Suite 909, East Andrewfort, MN 09301",7/6/2024,Minnesota
3414,Krista,Middleton,(166) 682-0189,andremorgan@yahoo.com,"Unit 1048 Box 2168, DPO AA 65600",8/17/2022,Army
3415,Kathleen,Johnson,(319) 354-6381 ext 1919,lauradavis@meyer-wade.com,"3523 Goodwin Manor, Sallystad, DE 53380",10/12/2019,Delaware
3416,James,Martin,(009) 831-1309 ext 6317,nguyensandra@jacobs-sims.net,"40279 Shane Bypass Suite 493, Matthewfurt, ME 54071",6/23/2015,Maine
3417,David,Aguilar,(594) 437-4005,ugardner@soto-kramer.org,"034 French Walks, Port Larrytown, MS 01253",11/21/2019,Mississippi
3418,Julie,Hernandez,(392) 980-6569 ext 1913,chasemurphy@franco-english.com,"972 Eric Stream, East Patricia, NH 34251",2/3/2016,New Hampshire
3419,Charlene,Morris,(389) 024-5609,jfox@gmail.com,"51624 Morales Burg Suite 340, Pamelashire, MS 49439",9/16/2022,Mississippi
3420,Tyler,Mathews,(354) 550-0746,paynematthew@yahoo.com,"244 Singleton Centers Apt. 926, Hardybury, VT 43302",8/14/2022,Vermont
3421,Jason,Martin,(545) 785-8538,marie23@yahoo.com,"252 Michael Vista, West Juliebury, LA 08467",10/6/2015,Louisiana
3422,Kelly,Rowland,(970) 404-7455 ext 6457,davieschristopher@gmail.com,"931 Johnathan Fall Suite 960, Kimberlybury, VA 42825",1/10/2023,Virginia
3423,Donna,Taylor,(653) 659-9287 ext 7137,amanda76@gmail.com,"9005 Tiffany Isle, East Shannon, IA 63220",3/17/2021,Iowa
3424,Jonathan,Lindsey,(666) 216-6700,paulmoyer@hernandez.net,"1400 Seth Canyon Apt. 792, Codyland, VT 33882",4/15/2017,Vermont
3425,Stacy,Carpenter,Invalid Data,ptaylor@farrell.com,"54962 William Isle, Bowenland, WV 27432",4/15/2020,West Virginia
3426,Andrew,Warner,(278) 620-3928 ext 5008,danielhouston@gmail.com,"3695 David Mountains Suite 230, Blanchardborough, IL 94567",9/1/2015,Illinois
3427,Kathryn,Mcneil,(707) 401-3879 ext 76522,franklinerica@hotmail.com,"USCGC Lynn, FPO AA 26478",10/1/2020,Army
3428,Kathleen,Becker,(335) 856-5330,utaylor@harvey.info,"95392 Katrina Rapid, Leachfort, MD 27133",5/19/2016,Maryland
3429,Patricia,King,(759) 516-7799 ext 3098,yvargas@gmail.com,"534 Angela Skyway, New George, AZ 36482",1/9/2025,Arizona
3430,Nancy,Pierce,(586) 898-9561 ext 841,ramirezjames@hotmail.com,"274 Anthony Locks, Michaelview, OH 32268",10/11/2017,Ohio
3431,Douglas,Jackson,(380) 841-6559 ext 254,johnsonholly@gmail.com,"37594 Melissa Locks, Smithview, AK 60636",1/24/2018,Alaska
3432,Summer,Lin,(177) 889-3867 ext 47652,kristinharris@hotmail.com,"077 Morales Lake, Port Jeffrey, UT 68014",5/9/2017,Utah
3433,Justin,Anderson,(477) 407-8421,matthewwilson@dorsey.com,"Unit 5713 Box 1752, DPO AA 74338",3/2/2020,Army
3434,Amanda,Jackson,(537) 541-2783 ext 8073,marissacampbell@gmail.com,"429 Tina Isle, Jenniferton, CO 45183",2/12/2025,Colorado
3435,Courtney,Smith,(739) 096-3976,lsmith@hotmail.com,"40281 Maria Shore Suite 446, Port Jeremy, IA 73480",5/11/2021,Iowa
3436,Natalie,Stewart,(711) 507-8699 ext 69081,cynthia88@pearson.com,"319 Blair Key Apt. 178, Jameshaven, AK 55746",6/14/2019,Alaska
3437,Jimmy,Burgess,(595) 071-9079 ext 745,thomassmith@terry.org,"1871 Jones Turnpike Apt. 811, Andrewborough, CA 38613",4/16/2018,California
3438,Victoria,Johnson,(072) 239-0336,rodriguezjared@gmail.com,"43300 Tina Road Apt. 553, Austinshire, AZ 86719",2/19/2017,Arizona
3439,Lauren,Young,(868) 230-6952 ext 2800,samantha97@yahoo.com,"USNS Cunningham, FPO AA 37037",2/19/2016,Army
3440,Heather,Turner,(820) 126-4551,careycaleb@jackson.com,"1621 Sloan Mount, East Rachel, NC 24872",4/7/2019,North Carolina
3441,Mark,Colon,(672) 594-8686,lyonsnancy@gmail.com,"522 Hampton Station Apt. 407, Christinahaven, AL 89140",10/3/2022,Alabama
3442,Jay,Jacobson,(639) 271-0236,jwood@prince-stewart.net,"7236 Bennett Harbor, Jonesshire, WA 90967",8/17/2024,Washington
3443,Edward,Smith,(412) 452-0161 ext 75561,adamcrawford@yahoo.com,"521 Lee Trafficway Suite 976, Velezmouth, IL 11130",12/6/2015,Illinois
3444,Craig,Brown,(531) 283-5467,elucas@haynes.com,"3511 Miller Loop Suite 776, Brandtmouth, SD 38925",5/30/2020,South Dakota
3445,Lucas,Adkins,(944) 069-0889,angelagilbert@carney-jackson.com,"734 Davies Ports, Espinozaborough, GA 02112",10/7/2023,Georgia
3446,Gina,Martinez,(610) 331-0439 ext 349,rcook@burton-hicks.com,"PSC 8211, Box 8538, APO AP 91558",8/14/2016,Army
3447,Catherine,Mccall,(070) 418-9688 ext 712,nbishop@gmail.com,"77570 Catherine Lodge, Santosburgh, TX 52137",4/29/2018,Texas
3448,Maria,Stevens,(475) 363-9526,williamcole@parsons.info,"897 Karen Viaduct Apt. 940, Saratown, NC 22871",5/20/2015,North Carolina
3449,Mark,Santana,(873) 691-5670,rachelavila@hotmail.com,"450 Phelps Well Apt. 079, Harrisland, SC 58064",2/11/2024,South Carolina
3450,Nicole,Scott,(061) 781-8067,margaretgibson@gmail.com,"0192 Amanda Crest Apt. 987, Matthewbury, OR 62833",2/18/2019,Oregon
3451,Jose,Stanley,(737) 053-0248 ext 8067,tboyd@yahoo.com,"6800 Jessica Radial Suite 081, South Jessica, MN 47744",9/5/2022,Minnesota
3452,Robert,Sanchez,(232) 390-4637 ext 06802,jensenvictoria@hotmail.com,"1544 Kellie Manors, South Carlaview, KY 56107",5/17/2023,Kentucky
3453,Shelly,Lara,(644) 785-3277 ext 46762,ssmith@hotmail.com,"USS Murphy, FPO AP 08490",4/18/2025,Army
3454,Brittney,Blevins,(350) 559-8294 ext 056,heather33@townsend.org,"79424 Angelica Streets, Watkinsbury, MI 24708",12/3/2019,Michigan
3455,Jason,Rivera,(242) 894-9862 ext 852,sblack@acosta.info,"PSC 7418, Box 4190, APO AA 59081",9/7/2023,Army
3456,Paul,Gonzalez,(882) 305-4960 ext 105,yrodriguez@gmail.com,"USCGC Fletcher, FPO AA 57160",12/8/2022,Army
3457,Amy,West,(307) 072-0236 ext 73125,welchstephen@campbell-franco.info,"5671 Robert Trace Suite 221, Kennedybury, NC 69286",2/10/2016,North Carolina
3458,Matthew,Ray,(953) 589-0330 ext 5629,jennifer32@hotmail.com,"2981 Daniel Key, South Rhondaview, GA 70689",10/2/2019,Georgia
3459,David,Stevens,(052) 317-4534 ext 7307,sarahcox@holland.com,"59541 Morgan Mountains Apt. 622, Johnsonmouth, WA 61408",4/1/2025,Washington
3460,Kayla,Acosta,(521) 907-2488 ext 321,cabreraanthony@gordon.com,"1431 Michelle Ports Suite 210, East Laurenhaven, VA 51464",9/1/2017,Virginia
3461,Daniel,Potter,(953) 826-1674 ext 8121,lanepaul@phillips.biz,"0839 Matthew Lane, West Chadburgh, NH 92004",6/10/2023,New Hampshire
3462,Amber,Wright,(259) 389-1189,irasmussen@wilson.net,"70305 Jason Mall Suite 328, Craigside, GA 98754",2/7/2019,Georgia
3463,Kimberly,Smith,(562) 961-7453 ext 8730,wrighttyler@yahoo.com,"29589 Phillips Mill, Newtonville, NH 64960",9/15/2015,New Hampshire
3464,Sabrina,Ortiz,(026) 515-5351 ext 093,mosleydennis@hunt.com,"64411 Jessica Cliff Apt. 846, Port Tammymouth, NM 61409",1/2/2020,New Mexico
3465,Karen,Orozco,(368) 237-5627 ext 11051,joshua76@gmail.com,"8471 Amy Spurs, Susanhaven, VA 80560",11/7/2022,Virginia
3466,Joseph,Hicks,(262) 574-4237 ext 6572,ashleyhenderson@hill-jennings.com,"635 Maria Views, Perezland, AZ 17762",3/10/2025,Arizona
3467,Monica,Patel,(103) 125-8137 ext 24214,adamssandra@yahoo.com,"37436 Ward Summit, Kellyport, WA 22611",8/19/2016,Washington
3468,Tiffany,Barton,(967) 690-9684 ext 1634,campbelljack@stewart-lowe.org,"8801 Walker Forges Apt. 036, East Amandamouth, MN 41030",7/1/2019,Minnesota
3469,Veronica,Copeland,(825) 623-9781 ext 226,heatherrussell@gmail.com,"677 Sherri Plain, Reneeview, NE 33668",1/3/2020,Nebraska
3470,Kelsey,Wong,(923) 743-9442,gonzalezscott@jacobs-jones.info,"5028 Philip Stravenue Suite 577, Port Williambury, WY 10377",1/5/2024,Wyoming
3471,Andrew,Hudson,(902) 162-8892 ext 775,cadkins@yahoo.com,"70178 Williams Unions, Davidborough, ID 43557",10/6/2021,Idaho
3472,Kristen,Boyd,(538) 270-6432 ext 78744,davislauren@diaz-bailey.info,"34104 Smith Ramp Suite 768, North Elizabethhaven, SD 11400",10/12/2017,South Dakota
3473,William,Wright,(287) 919-1943 ext 0523,jsimpson@craig-butler.com,"04525 Williams Village Apt. 287, Bradleystad, CT 38885",8/14/2024,Connecticut
3474,Samantha,Zuniga,(911) 432-8373,obrienamber@mcdonald-yoder.com,"9865 Pierce Estate Apt. 976, Garrisonhaven, CO 00636",2/15/2017,Colorado
3475,Alexander,Wong,(456) 996-0200 ext 38803,elizabeth76@harvey.com,"Unit 6896 Box 2590, DPO AE 88101",8/10/2024,Army
3476,Jordan,Kennedy,(660) 014-8227 ext 9786,alexander52@gmail.com,"3129 William Cliff, Larsonstad, MA 53177",4/27/2016,Massachusetts
3477,Lisa,Torres,(411) 841-3260 ext 80456,samanthaschultz@yahoo.com,"2995 Nelson Crossing, Lisaport, DC 54500",11/22/2015,District of Columbia
3478,Eric,Powers,(356) 249-8045 ext 5334,darrenfitzpatrick@warner.org,"6008 Allen Hollow, West Susan, WA 42321",10/18/2020,Washington
3479,Victor,Williams,(847) 267-2309 ext 588,watkinsdylan@gmail.com,"USNS Walker, FPO AP 05531",10/18/2024,Army
3480,Nancy,Crawford,(322) 575-6074 ext 8964,ejohnson@yahoo.com,"0737 Cassandra Stream, Lake Brad, PA 91924",4/27/2023,Pennsylvania
3481,Frank,Gray,(138) 042-8303 ext 43472,thomasnorris@curry-allen.com,"998 Nash Spring, Kennedyville, NH 47154",11/29/2018,New Hampshire
3482,Ryan,Wright,(646) 301-3942 ext 589,vmoore@gmail.com,"7512 Seth Branch, Perryburgh, MT 28969",8/14/2019,Montana
3483,Martha,Jones,(607) 684-8718 ext 9803,barbara15@randolph.com,"44803 Rachel Trail, Teresahaven, AZ 36786",2/2/2024,Arizona
3484,Isaac,Hale,(113) 615-3593,suttonnathan@yahoo.com,"Unit 2151 Box 3028, DPO AE 73876",4/22/2016,Army
3485,Ryan,Hammond,(674) 552-3391 ext 33426,jacqueline37@yahoo.com,"906 Jonathan Pike Suite 036, Reynoldsstad, HI 11103",6/3/2024,Hawaii
3486,Anthony,Ryan,(751) 953-0770 ext 292,linda54@moore.biz,"7658 Margaret Fords, West Bryantown, NV 89040",2/20/2016,Nevada
3487,Heather,Foley,(727) 985-9150 ext 382,simonholly@roman-carson.com,"25432 Vega Crossroad Suite 507, West Francesborough, WI 60767",1/16/2016,Wisconsin
3488,Cynthia,Herrera,(490) 273-3376 ext 912,theresasaunders@yahoo.com,"393 Oneill Avenue, Kimberlyshire, KY 12761",9/20/2024,Kentucky
3489,Andrea,Ford,(042) 962-1765 ext 7738,stewartsamantha@cox.com,"6420 Martin Mission, South Johnside, KY 12576",8/16/2018,Kentucky
3490,Susan,Green,(153) 324-0534,mwalker@hotmail.com,"8741 Walker Valley Apt. 755, East Nataliehaven, CA 09930",2/19/2019,California
3491,Robert,Roberts,(567) 409-9008 ext 272,katrinadavis@hotmail.com,"9855 Joshua Inlet Apt. 524, New Matthew, WA 80869",5/8/2018,Washington
3492,James,Blankenship,(684) 987-1586,pcollins@hotmail.com,"427 Hamilton Neck, Danielleburgh, MN 05277",10/13/2017,Minnesota
3493,Nicole,Miller,(154) 851-7696,william18@hodges.info,"6936 Kaitlyn Station Suite 508, South Bradley, CT 66492",10/17/2017,Connecticut
3494,Brian,Joseph,(948) 937-3572 ext 145,joseph57@howell.biz,"52057 Kennedy Plains Apt. 976, Johnville, AK 78517",10/2/2019,Alaska
3495,Robin,Arnold,(786) 035-6045 ext 34063,omyers@macdonald.org,"1218 Huffman Inlet, Whitechester, CA 19358",6/12/2017,California
3496,Hailey,Wilkins,(277) 520-2276,kristingarcia@hotmail.com,"177 Catherine Fort Suite 200, Masonville, WV 14486",7/12/2021,West Virginia
3497,Edward,Quinn,(657) 616-2046 ext 770,townsendderek@johnson-williams.com,"37469 Benjamin Mills, East Matthewfurt, NE 24224",12/29/2019,Nebraska
3498,Zachary,Cuevas,(245) 000-8478 ext 64231,colemanchristopher@gmail.com,"9874 Johnson Highway Apt. 993, Carlaview, ID 63909",10/7/2019,Idaho
3499,Howard,Ryan,(724) 212-7776 ext 3649,kbernard@gmail.com,"616 Holly Tunnel, New Jesseport, LA 42974",6/23/2020,Louisiana
3500,Kristen,Phillips,(459) 802-0715 ext 84164,danielwalker@monroe-mckee.biz,"47479 Jacob Trail Apt. 160, Lake Richardshire, MA 83656",9/17/2015,Massachusetts
3501,Joseph,Thomas,(266) 726-9362 ext 9760,eyang@castaneda.com,"Unit 2583 Box 5726, DPO AA 07861",8/4/2021,Army
3502,William,Griffin,(832) 950-6080,walshanthony@english.com,"6912 Matthew Vista, Erinmouth, AZ 71432",6/8/2016,Arizona
3503,Andrew,Chan,(195) 654-2027 ext 97784,erinkennedy@nielsen.com,"2627 David Brooks Apt. 375, Martinezbury, NM 58077",3/11/2023,New Mexico
3504,Amanda,Chandler,(438) 169-2347,nortonelizabeth@larson-johnson.info,"50989 Melendez Harbors, New Christinefurt, CO 59076",12/27/2019,Colorado
3505,Brandy,Collins,(456) 731-8493 ext 44361,cordovakatie@wallace.net,"8274 Kayla Drive Suite 402, Patrickmouth, GA 75442",1/21/2019,Georgia
3506,Dennis,Sanders,(552) 926-0597,maureenmadden@gmail.com,"4401 Bianca Harbor Suite 153, Port Christopherborough, TN 44967",4/18/2017,Tennessee
3507,Shelby,Davis,(257) 801-5110,andrea82@gmail.com,"851 Jennifer Points, Velezborough, RI 03201",3/17/2021,Rhode Island
3508,Heather,Friedman,(853) 548-5765,rodriguezlisa@hotmail.com,"7150 Valdez Pines, Port Keith, WA 74612",5/7/2020,Washington
3509,Elizabeth,Olson,(789) 100-9015 ext 7080,williamsvalerie@robertson.com,"4921 Brenda Meadow, East Debramouth, MD 07896",4/21/2018,Maryland
3510,Ann,Hensley,(754) 604-0251,patricia25@yahoo.com,"5805 Hernandez Greens, South Adamfort, FL 09817",2/7/2024,Florida
3511,Brittney,Murphy,(789) 944-0425 ext 07977,annarodriguez@marshall.com,"697 Rodriguez Vista Apt. 492, Port Aliciaside, MI 61196",7/24/2016,Michigan
3512,Andrew,Graham,(602) 004-4622,zflowers@buchanan.com,"747 Erica Keys Suite 376, Raymondhaven, ID 83177",1/27/2017,Idaho
3513,Jessica,Moore,Invalid Data,pwright@rodriguez-schneider.net,"55828 Mcfarland Terrace, East Joshua, VT 72081",8/28/2023,Vermont
3514,Tanya,Sanders,(543) 541-6216 ext 230,howard74@thompson.com,"2436 Danielle Highway, Debraton, DE 28742",12/26/2015,Delaware
3515,Teresa,Barnes,(843) 611-7583,laura91@gmail.com,"16171 Micheal Island, Fisherland, FL 89580",8/29/2021,Florida
3516,Lindsay,Powers,(669) 641-3672,julia68@wright-burch.org,"0696 Linda Stream Apt. 566, Lake Haileyburgh, MD 06203",6/21/2021,Maryland
3517,Jennifer,Hall,(407) 207-3397 ext 720,anthonywhite@yahoo.com,"8803 Holt Well, East Rebecca, NH 78824",9/29/2016,New Hampshire
3518,Rebecca,Tucker,(658) 702-2285 ext 369,jonesdonald@wilcox.com,"684 Lowe Island, Archerfurt, ME 76569",12/10/2015,Maine
3519,Amber,Stein,(719) 765-4136 ext 7058,travishayes@crawford.com,"1420 Tara Motorway, Christopherchester, NM 73804",5/20/2024,New Mexico
3520,Traci,Mendez,(055) 374-0435 ext 30526,sanderszachary@morris.net,"13521 Natalie Hollow, Mccoyburgh, OH 69519",1/24/2024,Ohio
3521,John,Wagner,(995) 477-9442 ext 0393,pattersonsandra@gmail.com,"USCGC Hart, FPO AA 99347",6/23/2020,Army
3522,Joseph,Perkins,(885) 043-4701,elizabeth14@yahoo.com,"225 Stacy Pike Suite 711, West Shawntown, IA 93314",1/17/2019,Iowa
3523,Nicole,Mckenzie,(529) 295-4535,eyoung@gmail.com,"337 Gutierrez Ports, West Natalie, GA 10836",1/4/2024,Georgia
3524,Tracy,Richard,(447) 775-7330 ext 040,romeroamy@williams-jones.biz,"4218 Riley Fort Suite 724, Desireeton, OR 70643",12/28/2024,Oregon
3525,Jessica,Parker,(690) 897-0649 ext 496,chanson@hotmail.com,"60507 Serrano Lodge Suite 213, Caseyburgh, VT 06088",5/5/2020,Vermont
3526,Carlos,Bridges,(438) 373-5122 ext 1492,russelljeffrey@hotmail.com,"34722 Villarreal Turnpike, South Jason, LA 46567",9/13/2022,Louisiana
3527,Nicole,Austin,(672) 499-8614,jonesbrenda@rush.com,"3044 Richard Junctions Apt. 968, North Jason, GA 20938",7/1/2024,Georgia
3528,Corey,Simmons,(514) 535-0970,esilva@gmail.com,"969 Gibbs Estates Suite 557, East Kellyside, NH 85608",10/27/2015,New Hampshire
3529,Victoria,Thompson,(177) 497-5020,colecarol@colon.com,"93703 Benjamin Station, Davidland, PA 41364",6/5/2019,Pennsylvania
3530,Shannon,Reid,(808) 982-3943 ext 3532,fred80@hotmail.com,"1560 Wiggins Mountain, East Melinda, IN 53107",3/15/2018,Indiana
3531,Richard,Brown,(371) 254-9826,freemancarol@garcia-gilbert.info,"4624 Lynch Knolls, Port David, AK 78027",3/9/2022,Alaska
3532,Karen,Carroll,(523) 973-8966 ext 491,pwilson@yahoo.com,"944 Garcia Lane Suite 861, West Rachelbury, OR 75009",2/10/2018,Oregon
3533,Kelly,Fisher,(811) 336-1479 ext 862,brianhale@gmail.com,"82801 Alicia Overpass, Donaldland, WV 56699",12/7/2024,West Virginia
3534,James,Mitchell,(176) 627-7688 ext 47994,xsmith@williams.com,"9531 Gabriel Land, North Michael, MN 04716",5/24/2023,Minnesota
3535,Misty,Santos,(060) 932-3145 ext 1088,ntapia@rodriguez-fischer.info,"17496 Melanie Burg Apt. 680, Wongside, AL 48485",6/18/2023,Alabama
3536,Nathaniel,Bradford,(773) 179-6012 ext 16799,hillbrittany@lowe.com,"2795 Johns Run, Port Rebeccastad, NJ 50606",5/15/2022,New Jersey
3537,Ian,Roberts,(651) 274-2698 ext 441,levismith@mercado.biz,"6247 Wilson Way, Lake Kennethmouth, WI 24770",5/23/2018,Wisconsin
3538,Nicole,Walker,(247) 324-3255 ext 8181,sfields@willis.biz,"247 Jose Row, North Grace, MA 42917",2/10/2017,Massachusetts
3539,Stephanie,Adams,(854) 721-4959,john58@burke.org,"1003 Stacey Vista, Wongburgh, WV 97317",1/27/2018,West Virginia
3540,Samuel,Hodges,(502) 457-6991,travis27@kim.com,"027 Sandy Fall Suite 293, South Thomasbury, IA 53656",6/6/2017,Iowa
3541,Mary,Miller,(386) 190-0237,jose27@ward-miller.org,"69247 Gibson Valleys Suite 363, West Anna, MS 19164",11/11/2016,Mississippi
3542,Kathryn,Evans,(404) 988-1238,andersonmelanie@vega.org,"USS Smith, FPO AA 20675",2/11/2018,Army
3543,Melanie,Ortiz,(016) 085-5303 ext 378,chad16@bryant-miller.com,"230 Gonzalez Mission Apt. 844, North Aliciashire, AK 24720",1/13/2025,Alaska
3544,Theresa,White,(196) 493-7084 ext 2401,curtispetersen@watson-smith.com,"9773 Mason Loop, West Scottfurt, TN 27115",3/23/2022,Tennessee
3545,Melissa,Mcguire,(119) 452-8501,joseph64@gmail.com,"076 Wolfe Divide, Cantuland, TN 64578",9/23/2022,Tennessee
3546,David,Ramirez,(965) 303-4121,dlopez@jackson.com,"41335 Richardson Mountains, Lisastad, MN 21906",1/30/2022,Minnesota
3547,Christopher,Whitaker,(974) 658-6545,dwilliams@hotmail.com,"8410 Jacob Stravenue Suite 813, West Carlos, SC 50140",10/17/2019,South Carolina
3548,Darren,Padilla,Invalid Data,michael51@gmail.com,"98996 Katherine Estates, Port Melissa, KY 30642",7/6/2019,Kentucky
3549,Darryl,Martinez,(778) 292-4057,johnmorrison@white.com,"856 Townsend Gateway Apt. 173, New Katherineport, IL 54049",5/11/2022,Illinois
3550,Danny,Young,(602) 996-3730 ext 435,jenniferstrickland@yahoo.com,"9993 Horne Station Apt. 815, Ruthburgh, FL 68963",12/7/2018,Florida
3551,Kyle,Phillips,(869) 140-9862 ext 996,qkelley@gmail.com,"04689 Nguyen Parkways Suite 020, New Emily, MI 78184",11/18/2023,Michigan
3552,Amy,Foster,(339) 144-6269,jjohnson@yahoo.com,"780 Leslie Tunnel Suite 311, Port Brittanychester, KS 74542",7/21/2015,Kansas
3553,Mercedes,Fox,(662) 679-1779 ext 7684,reynoldsrenee@orozco.com,"65134 Bauer Lane Apt. 449, Brucestad, MI 34098",9/2/2024,Michigan
3554,Jose,Mullen,(283) 133-9253 ext 0491,dsilva@yahoo.com,"917 Brittany Station, Hallfurt, SC 44708",10/23/2018,South Carolina
3555,Kellie,James,(908) 886-4755,austinhayes@gmail.com,"0521 Baker Freeway Suite 376, New Jeffrey, NH 16672",6/10/2016,New Hampshire
3556,Sara,Schneider,(383) 320-0457,johnathan11@yahoo.com,"9233 Jennifer Parkways Apt. 554, Turnerport, MT 09816",12/23/2015,Montana
3557,Chelsea,Burton,(139) 751-7890 ext 6897,jonathan22@smith-hughes.biz,"8803 Davis Radial, East Nancy, PA 01995",5/31/2016,Pennsylvania
3558,Jeremy,Wilson,Invalid Data,grussell@jimenez-harris.org,"0434 Erin Highway Apt. 341, Gregorytown, LA 04754",11/15/2018,Louisiana
3559,Edwin,Lowe,(267) 097-7340 ext 8412,jasonjohnston@gmail.com,"59605 Matthew Dam Apt. 457, New Thomasfort, GA 96931",8/15/2015,Georgia
3560,Cody,Smith,(673) 699-3847 ext 198,seancasey@yahoo.com,"USNS Edwards, FPO AP 64248",9/19/2015,Army
3561,Bradley,Stokes,(257) 272-8796 ext 257,carloswilson@gmail.com,"94460 Hill Fort Suite 199, East Michaelhaven, NJ 22501",10/3/2021,New Jersey
3562,Cody,Edwards,(972) 717-1705 ext 977,yorktony@gmail.com,"66467 Cooper Shoal Suite 745, Millerville, DE 68107",9/20/2017,Delaware
3563,Angela,Gibson,(850) 914-9697 ext 88202,ofisher@hotmail.com,"Unit 4125 Box 5440, DPO AP 78369",7/9/2017,Army
3564,Tara,Martin,(883) 920-0036,kevin87@young.org,"199 Smith Manor Suite 680, New Juliaside, MN 65703",7/1/2024,Minnesota
3565,Justin,Howard,(444) 695-9235 ext 322,spearsmartin@yahoo.com,"250 Villarreal Prairie Suite 771, East Brandonshire, MS 38741",3/28/2025,Mississippi
3566,Ryan,Hernandez,(843) 233-0472,lawrencejames@gonzalez-johnson.com,"63650 Megan Roads, Keyborough, AK 93509",7/5/2021,Alaska
3567,Douglas,Howard,(306) 304-1406 ext 7273,deborahromero@yahoo.com,"85371 Hughes Course Apt. 179, Greenville, HI 43434",11/30/2020,Hawaii
3568,Kim,Kelley,(479) 444-0729 ext 693,njohns@hotmail.com,"54866 Salazar Flat, West Meagan, MA 14439",10/23/2024,Massachusetts
3569,Laura,Wilson,(096) 043-3041,mikemcmillan@becker.net,"57503 Shannon River, Briannashire, WV 56221",10/30/2018,West Virginia
3570,Tina,Cruz,(965) 447-4272 ext 58427,smiller@yahoo.com,"612 Briana Corner, Port Desireeview, HI 59969",1/27/2025,Hawaii
3571,Brittany,Martin,(318) 290-3553 ext 423,justinnguyen@smith.com,"0809 Kennedy Meadow Suite 045, East Angela, TN 50800",8/25/2018,Tennessee
3572,Kelly,Mclaughlin,(742) 517-5203 ext 49456,richamber@morris.net,"685 Patterson Fall Suite 952, North Duane, ND 59494",4/16/2021,North Dakota
3573,Adrian,Wong,(245) 868-9168 ext 9292,daniel84@yahoo.com,"61195 Salazar Parks Suite 863, Lesliebury, NJ 52454",7/28/2016,New Jersey
3574,Robert,Fernandez,(664) 061-3577 ext 6890,johnriley@hotmail.com,"0080 Kari Garden, Lake Heatherview, DC 71175",12/11/2016,District of Columbia
3575,Craig,King,(857) 265-2134 ext 3148,matthewthompson@gmail.com,"8693 Garcia Walks Suite 427, West Jennifer, IN 95927",5/18/2015,Indiana
3576,Elizabeth,Hernandez,(482) 135-7786 ext 20292,gregoryarnold@gmail.com,"6816 Dominique Valleys Apt. 267, South Juanville, DC 70170",8/13/2024,District of Columbia
3577,Johnny,Fuller,(655) 060-2865 ext 0164,travis56@gmail.com,"60089 Horne Point, Fritzfurt, AR 10979",2/12/2020,Arkansas
3578,Lisa,Henry,(968) 229-6180 ext 02419,john34@hutchinson-woodward.com,"PSC 0419, Box 5766, APO AA 44049",12/7/2018,Army
3579,Tiffany,Paul,(209) 683-0765,shepherdtimothy@eaton.com,"7039 Jorge Court Suite 774, Carolmouth, MS 31646",2/17/2017,Mississippi
3580,Nathan,Thomas,(625) 679-8313,johnle@king-patrick.biz,"PSC 4039, Box 3933, APO AA 93642",9/28/2017,Army
3581,Steve,Jimenez,(831) 463-0779,robert59@yahoo.com,"1716 Ryan Islands Suite 330, Morrisonfort, DC 73733",11/19/2022,District of Columbia
3582,William,Martin,(961) 886-0773,lori98@peters-houston.com,"3013 Amber Field, South Stacyborough, WY 75606",1/16/2021,Wyoming
3583,Barbara,Shah,(428) 121-7711 ext 7823,ljones@pearson.com,"291 Roberts Flat, Sweeneyhaven, ME 05674",12/24/2022,Maine
3584,Michael,Mccarthy,(663) 153-5131 ext 9388,ogentry@henry.net,"2136 Hodges Streets Apt. 064, Harveyville, MA 35936",7/26/2020,Massachusetts
3585,Andrew,Bates,(528) 020-9704 ext 85996,hendersonmary@yahoo.com,"74374 Austin Camp, East Craig, OK 03203",4/22/2021,Oklahoma
3586,Emily,Lewis,(551) 262-4034 ext 37346,stephanie83@gmail.com,"57385 Jose Roads Suite 705, Jamieshire, SD 32148",10/19/2022,South Dakota
3587,Jenna,Johnson,(187) 102-6103 ext 781,snewton@cross.net,"88666 Jennifer Crossing Apt. 598, Lake Elaine, VA 99506",4/20/2016,Virginia
3588,Elizabeth,Harris,(586) 585-8896 ext 63682,patricia73@yahoo.com,"35240 Martinez Unions, Russellstad, UT 79253",8/11/2015,Utah
3589,David,Petty,(438) 275-3648 ext 510,davidsmith@gmail.com,"797 Maxwell Mission Suite 606, Matthewburgh, UT 06656",1/3/2025,Utah
3590,Rachel,Allen,(980) 018-8283 ext 18718,cmartinez@yahoo.com,"030 Walker Overpass, Williamsonstad, MD 38907",6/20/2022,Maryland
3591,Caitlin,Choi,(419) 110-0512 ext 91071,nrivera@oliver.info,"50498 Valerie Forks Suite 328, North Kim, ID 62090",6/12/2022,Idaho
3592,Jose,Gomez,(973) 008-7004,sotomatthew@walters.com,"PSC 2960, Box 6834, APO AP 60847",8/3/2024,Army
3593,Christopher,Beasley,(611) 343-0654,hallmary@yahoo.com,"1472 Holland Branch, East Carla, IN 20622",3/9/2025,Indiana
3594,Juan,Pollard,(856) 064-9829,lisamcdaniel@ward.com,"27425 Austin Trafficway Apt. 145, Lake Johnstad, NY 70716",3/9/2023,New York
3595,David,Leblanc,(145) 698-6445 ext 2307,deanna25@roberts.com,"6933 Choi Ridge Suite 378, Jasonberg, VT 52808",6/28/2020,Vermont
3596,Benjamin,Miranda,(354) 342-2436,emily77@hotmail.com,"3963 Traci Lakes, East Anthony, CT 01666",7/12/2020,Connecticut
3597,Kurt,Hull,(032) 416-2075 ext 5542,stanleysteve@hotmail.com,"961 Charles Parkway, North Nicole, ME 75257",10/12/2019,Maine
3598,Kayla,Peterson,(910) 211-9341 ext 9260,charles11@king.net,"132 Perez River, North Johnshire, KY 69372",10/27/2015,Kentucky
3599,Ryan,White,(752) 134-2822 ext 396,david04@king.net,"2471 Hector Passage Apt. 333, West Dennistown, FL 89867",2/5/2017,Florida
3600,James,White,(940) 496-1667 ext 295,warddylan@hotmail.com,"55839 Ibarra Rapid, Garciaport, ND 53098",8/8/2023,North Dakota
3601,Robert,Copeland,(811) 996-0539 ext 117,jennifer60@brown-murray.com,"92082 Evan Course, New Tamara, WI 12536",3/3/2020,Wisconsin
3602,Kristin,King,(909) 291-7194,joseph29@sanchez.net,"PSC 8866, Box 3056, APO AP 40100",3/1/2025,Army
3603,Maria,Lopez,Invalid Data,deborahallen@garcia.net,"354 Donald Brooks, New Kaitlyn, UT 87610",8/15/2018,Utah
3604,James,Turner,(382) 475-8283,kristymcknight@hotmail.com,"372 Hubbard Plaza, Josephmouth, NY 39290",12/6/2017,New York
3605,Gary,Liu,(763) 507-8851 ext 92034,wangkrystal@gmail.com,"24427 Richard Road Suite 604, Lake Laura, LA 87141",10/26/2017,Louisiana
3606,Sarah,Johnson,(323) 507-1445 ext 03521,hannahmorris@hotmail.com,"00634 Lisa Pines, South Jeffreyborough, MN 83469",1/16/2021,Minnesota
3607,Scott,Thomas,(865) 801-0587,cunninghamjared@mckenzie-porter.com,"0816 Gregory Circles Suite 121, Owenborough, DC 88825",8/13/2018,District of Columbia
3608,Joshua,Young,(016) 571-5721,jenniferbaker@sheppard.com,"30503 Roberson Village, South Kristenborough, PA 98265",8/4/2015,Pennsylvania
3609,Gary,Sanchez,(640) 189-5949 ext 7449,flewis@hotmail.com,"01069 Cohen Ridges Suite 199, East Joshuatown, MN 85521",7/10/2018,Minnesota
3610,Kristen,Harmon,(822) 488-0951 ext 89328,gomezashley@maldonado-west.net,"3145 Lisa Crossing, Dustintown, MI 24466",10/11/2016,Michigan
3611,Jamie,Bates,(605) 830-3925,mitchellbrandt@hammond.com,"48272 Mark Pines Apt. 692, Port Heather, NC 21569",2/14/2022,North Carolina
3612,Desiree,Perez,(927) 262-7808,vanessa19@wright.com,"637 Harper Trail, East David, PA 58205",5/24/2020,Pennsylvania
3613,Edward,Rivera,(065) 662-1164,aross@jones.com,"407 Hays Villages, Nathanhaven, MD 96814",6/29/2021,Maryland
3614,Tanya,Guzman,(999) 239-2917 ext 5471,tanyaharrison@reed.biz,"235 Samuel Glen Apt. 391, Port Anthony, ND 31018",9/30/2020,North Dakota
3615,Ashley,Peterson,(052) 192-9604 ext 729,bboyd@rodriguez.org,"366 Angel Unions Suite 112, East Patricia, ID 08448",2/26/2021,Idaho
3616,Jason,Davis,(219) 450-2437,brucestephanie@yahoo.com,"991 Tyler Crossroad Apt. 692, Port Deborahbury, PA 32739",4/1/2020,Pennsylvania
3617,Angela,Clark,(160) 518-0062,williambridges@gmail.com,"8914 John Trail, North Dawnville, NE 48826",10/25/2024,Nebraska
3618,Stephanie,Hooper,(680) 930-2184 ext 061,susan26@jones.biz,"9460 Reginald Ferry, East Heathermouth, IN 98457",11/12/2018,Indiana
3619,Brandy,Hines,(910) 780-5718,danderson@yahoo.com,"35428 Shields Springs, Wiseland, MA 99437",4/12/2020,Massachusetts
3620,Sara,Ingram,(054) 944-4528 ext 37892,smithsusan@smith-wise.net,"USS Montoya, FPO AP 65917",3/11/2019,Army
3621,Sharon,Stevens,(042) 280-5596 ext 017,douglas89@choi-johnson.com,"30967 Teresa Ville, New Ronaldton, MO 72202",12/24/2015,Missouri
3622,Larry,Dickson,(424) 420-1521,daisywest@yahoo.com,"2402 Jonathan Hills Suite 569, West Johnstad, AR 22193",12/1/2021,Arkansas
3623,Virginia,Jackson,(321) 090-6756,jeanette45@gmail.com,"00264 Emily Roads, Johnport, TN 08754",12/3/2021,Tennessee
3624,Kristin,Walker,(247) 162-0157,joel71@crane-larsen.org,"PSC 9624, Box 1032, APO AA 63772",6/29/2016,Army
3625,Janet,Reed,(933) 021-7862 ext 95049,bryan@hotmail.com,"4088 Kelley Valleys Suite 464, Lake Trevor, PA 50278",1/11/2017,Pennsylvania
3626,Emily,Moore,(015) 261-7861 ext 773,stephanie63@hotmail.com,"9246 Tonya Meadows Apt. 560, East Jeremiah, IL 92552",1/26/2023,Illinois
3627,Sharon,Griffith,(190) 797-6334,whickman@duran-melton.com,"89345 Shannon Vista, Ballardhaven, MT 05105",6/5/2018,Montana
3628,Christina,Williams,(971) 911-4318,anthonyrodriguez@smith.com,"6858 Douglas Course, East Dylanmouth, TX 66887",4/15/2021,Texas
3629,Lisa,Clark,(074) 419-5232,jacobsadam@yahoo.com,"841 Tiffany Burgs, Smithville, NH 12804",11/29/2021,New Hampshire
3630,Wesley,Chapman,(325) 373-0542 ext 35541,danielle21@rodriguez.com,"6467 Kenneth Drive Suite 856, Brianfort, MS 01625",3/29/2018,Mississippi
3631,Melissa,Long,(497) 042-9366 ext 85079,melissalee@hotmail.com,"83826 Baldwin Parkways, South Frank, AK 89380",7/16/2021,Alaska
3632,Ryan,Gross,(292) 352-3906 ext 644,ijimenez@yahoo.com,"61262 Elizabeth Trail, Stuartland, AR 74784",9/17/2016,Arkansas
3633,Victoria,Garza,(894) 146-5025,angelagomez@yahoo.com,"4942 William View Suite 132, Lake Thomas, CA 48587",2/14/2019,California
3634,James,Nelson,(330) 388-9564 ext 19199,whitericky@gmail.com,"130 Thomas Track Suite 925, Port Stephanieport, GA 50022",12/24/2018,Georgia
3635,Kayla,Smith,(753) 565-3444 ext 2343,valerie68@cohen.biz,"8298 Crystal Village, Port Madisonstad, ND 97958",8/2/2022,North Dakota
3636,Michelle,Crawford,(456) 204-5169 ext 849,bgarcia@myers.com,"Unit 0116 Box 3123, DPO AP 92967",1/23/2023,Army
3637,Barbara,Manning,(177) 961-2912,shawnlee@hotmail.com,"204 Cook Lock Suite 941, Potterburgh, IN 26561",10/25/2019,Indiana
3638,Richard,Green,Invalid Data,amanda58@french-burke.com,"393 Rebecca Highway Apt. 066, Carlmouth, NC 62915",7/7/2024,North Carolina
3639,Tracy,Hill,(097) 675-5906,jonesdavid@dominguez-davila.net,"8246 Kevin Mission Apt. 046, South Anthonystad, KS 99064",9/16/2019,Kansas
3640,Lauren,Watkins,Invalid Data,baileykimberly@gmail.com,"Unit 9432 Box 9525, DPO AP 86662",1/9/2023,Army
3641,Patrick,Garcia,(146) 793-5291 ext 15881,powersbryan@hotmail.com,"426 Donna Island, Perkinsstad, NE 83324",1/13/2025,Nebraska
3642,Charles,Alvarado,(288) 094-6512 ext 00251,amyjohnson@gmail.com,"48153 Heather Neck Apt. 226, North Jennifer, DC 92300",12/9/2021,District of Columbia
3643,Raymond,Burns,(263) 516-0089 ext 625,tiffany03@may.info,"12885 Christine Dale, New Elizabethstad, WA 20359",6/21/2021,Washington
3644,Harold,George,(738) 636-8404 ext 77472,hannaashley@gmail.com,"Unit 7680 Box 0036, DPO AP 64664",8/8/2018,Army
3645,Michael,Johnson,(228) 368-2523 ext 2090,youngjamie@leonard.info,"57693 Michael Flat, East Allisonhaven, OK 15848",10/23/2021,Oklahoma
3646,Robert,Lewis,(626) 161-0053 ext 133,brandonreynolds@yahoo.com,"0994 Chad Wall Apt. 140, Alexanderberg, MI 84667",5/20/2023,Michigan
3647,Tracy,Weeks,(991) 753-6267 ext 704,alicia37@gmail.com,"94429 Julie Fork Apt. 658, Jefferystad, AR 49994",8/2/2023,Arkansas
3648,Joann,Martinez,(920) 543-7352 ext 288,xboyd@torres.org,"01887 Wilson Oval Apt. 790, Dominiqueview, IN 11893",2/27/2022,Indiana
3649,Sara,Owens,(899) 118-9559 ext 423,plee@gmail.com,"20904 Perkins Junctions Apt. 797, Lake Sethview, NH 91048",3/30/2016,New Hampshire
3650,Alexandra,Smith,(318) 805-8913 ext 484,kimberlygreen@thomas.com,"32094 Bond Ranch Apt. 244, West Jason, LA 04192",12/28/2019,Louisiana
3651,Brian,Murphy,(206) 954-7057,ycastillo@gmail.com,"730 Perez Point Suite 898, Johnview, UT 53330",8/2/2018,Utah
3652,Derek,Jones,(594) 356-1735,tfowler@hotmail.com,"209 Rodriguez Plaza, Wellsborough, WV 51138",8/15/2023,West Virginia
3653,Tara,Reid,(319) 494-6387,wolfnoah@reyes.com,"USNS Hurst, FPO AP 86148",5/22/2019,Army
3654,Erin,Fernandez,(340) 603-8016,kimberlyedwards@roy-meadows.biz,"24740 Alexander Passage Apt. 736, North Andrealand, KS 97840",2/14/2019,Kansas
3655,Valerie,Delacruz,(925) 000-4221 ext 42496,ltran@cooper.com,"33125 Rice Shoals, East John, MD 17008",4/3/2023,Maryland
3656,Joel,Adams,(146) 324-7564 ext 06643,ivaldez@yahoo.com,"47839 Collins Road, Ethanchester, SC 46277",12/19/2020,South Carolina
3657,Sara,French,(466) 169-5075 ext 4774,benjaminchavez@harper.com,"833 Green Fords Apt. 892, Burgessfurt, WY 38178",3/17/2020,Wyoming
3658,Mathew,Fernandez,(414) 100-8632 ext 219,kmccormick@williams.com,"6763 Hatfield Brooks Apt. 234, West Robertchester, ID 02753",6/19/2019,Idaho
3659,Christian,King,(983) 642-5310,petersontracy@bowers.com,"215 Scott Drives, Christopherton, AK 60986",4/30/2023,Alaska
3660,Ronald,Jenkins,(706) 189-3300 ext 99870,lisa02@harris.biz,"66338 Amanda Vista, Elizabethland, LA 51042",12/29/2021,Louisiana
3661,Nicholas,Ward,(512) 363-8403 ext 35322,wendycooper@yahoo.com,"482 Emily Underpass, Martinezmouth, WV 53371",11/6/2021,West Virginia
3662,David,Spears,(287) 583-5274 ext 231,zsmith@yahoo.com,"89381 Jessica Cape Suite 408, Port Sarahport, TN 57586",9/19/2017,Tennessee
3663,John,Jones,(837) 331-2193,jacob08@cooper.com,"81016 Julie Lights, West Elizabeth, HI 26245",8/18/2020,Hawaii
3664,Scott,Lawson,(561) 712-8396,vanessa31@gibson.com,"217 Alan Summit Apt. 678, New Stephanie, OK 68822",5/28/2024,Oklahoma
3665,Meredith,Townsend,(034) 395-5167 ext 766,williamsryan@yahoo.com,"6566 Dylan Branch, Willieport, WY 69434",9/24/2018,Wyoming
3666,David,Vazquez,(532) 030-7885,steven37@hotmail.com,"3559 Martinez Ways Suite 149, Pricestad, CT 08568",7/17/2024,Connecticut
3667,Cynthia,Wallace,(671) 633-0915,vwallace@gmail.com,"3652 Michelle Estate, New Jacobton, UT 28652",6/13/2023,Utah
3668,Nicole,Wilson,(673) 121-0038 ext 017,bmeadows@contreras-wilson.biz,"9578 Holly Estates Apt. 577, East Michael, OK 95338",10/22/2022,Oklahoma
3669,William,Crawford,(714) 713-9533 ext 53458,michaelhernandez@gardner-smith.org,"65089 Hanson Village, New Veronica, NM 37635",10/7/2021,New Mexico
3670,Brenda,Lopez,(216) 534-3208 ext 9520,jennifer83@brown.com,"7875 Chang Trail Apt. 002, Georgefurt, AK 18497",8/7/2015,Alaska
3671,Mary,Wagner,(746) 727-5060,gcarter@gmail.com,"610 Chelsea Light Suite 562, Langton, KY 79319",8/22/2016,Kentucky
3672,Robert,Johnson,(588) 052-5992 ext 46986,lindsay90@gomez.com,"93093 Catherine Mews, Lake Adamchester, WY 44426",8/14/2021,Wyoming
3673,Mark,Reed,(759) 419-2530,melvin30@yahoo.com,"193 Downs Village Apt. 158, Jonestown, IN 82143",7/6/2016,Indiana
3674,Christy,Carlson,(209) 021-6478 ext 793,sherrimoore@guerra.com,"7355 Thomas Pass Suite 027, Davidview, WY 61823",5/28/2016,Wyoming
3675,Christopher,Wallace,(606) 713-7078 ext 718,crystalmartin@yahoo.com,"5726 Nathaniel Mission, North Morgan, WI 94924",8/10/2020,Wisconsin
3676,James,Acevedo,(671) 876-9540,powelltara@hotmail.com,"076 Andrea Expressway, New Derek, GA 09741",4/10/2024,Georgia
3677,James,Myers,(321) 439-0915 ext 59063,whiteandrew@lloyd.com,"USNS Williams, FPO AP 75662",9/18/2021,Army
3678,Erin,Zavala,(553) 353-9850 ext 506,vgordon@yahoo.com,"40156 Jessica Lodge, Hannahmouth, VA 76613",2/4/2022,Virginia
3679,Jimmy,Hall,(016) 315-4729 ext 1032,uware@hotmail.com,"84421 Jim Corner Apt. 160, North Nicholeton, DE 24905",5/11/2021,Delaware
3680,Steven,Clark,(460) 576-7869 ext 4500,cgonzalez@carey.org,"272 Richard Fords, West Davidbury, MA 03031",8/28/2022,Massachusetts
3681,John,Hampton,(940) 619-7692 ext 45479,robert67@vasquez-peterson.net,"74334 Arnold Plains Suite 813, East Joseph, RI 35769",3/8/2021,Rhode Island
3682,Richard,Fritz,(525) 074-2019,carla89@yahoo.com,"221 Debra Fords Apt. 841, Sonyabury, FL 32461",9/30/2018,Florida
3683,Anthony,Davis,(691) 404-5479,gonzalezrachel@gmail.com,"27650 Joseph Garden, Lake Thomas, DE 78462",7/20/2022,Delaware
3684,Brett,Harvey,(717) 558-2437,jon64@estrada.com,"04236 Johnson Haven Suite 058, West Sandrabury, WI 04900",2/26/2021,Wisconsin
3685,Alan,Baker,(885) 787-8272 ext 95448,bakercory@martinez-benson.net,"81139 Johnson Hollow, Brianmouth, SD 36754",9/17/2023,South Dakota
3686,Linda,Sparks,(541) 006-7011,heatherramos@miles.com,"392 Andrew Street, North Christopher, AR 53938",10/25/2016,Arkansas
3687,David,Taylor,(225) 465-7400 ext 08846,stuart65@peterson.net,"63568 Young Expressway, Gileshaven, NY 14731",2/8/2018,New York
3688,Katie,Hamilton,(067) 064-7593 ext 26892,brooksregina@yahoo.com,"36297 Victoria Rest, East Christopher, TX 97434",6/27/2020,Texas
3689,Suzanne,Neal,(128) 925-2102 ext 6710,iscott@young.com,"67458 Fowler Squares Apt. 181, West Angela, VT 19506",1/21/2023,Vermont
3690,Raymond,Thompson,(747) 523-7424 ext 108,kara96@phillips.com,"5766 Raymond Heights, Harrisville, OK 15618",7/26/2015,Oklahoma
3691,Lori,Zimmerman,(908) 921-2367,kennethfranklin@gmail.com,"62103 Marcus Curve Apt. 228, Kingborough, WI 46482",8/9/2018,Wisconsin
3692,Angela,Watson,(422) 853-0551 ext 79304,jwilliams@hotmail.com,"18712 Timothy Mews Suite 062, Olsenfort, RI 19789",2/4/2021,Rhode Island
3693,Ashlee,Jimenez,(817) 540-1501 ext 47090,cfletcher@morgan.com,"574 Michael Union, Hayesmouth, UT 69013",12/21/2020,Utah
3694,Janice,Gonzalez,(788) 015-9921 ext 278,michelle34@davis.net,"PSC 2424, Box 8443, APO AA 46001",12/24/2017,Army
3695,Christopher,Hurley,(276) 831-1130 ext 0831,garciaanna@hotmail.com,"744 Martin Green Suite 012, Lanceville, WV 79453",5/11/2018,West Virginia
3696,Brittney,Strickland,(484) 418-4758 ext 55989,tonyarodriguez@gill.com,"876 Stephanie Way Suite 918, Lake Jacobfort, MI 44020",4/15/2021,Michigan
3697,Melissa,Frederick,(130) 796-2903,porterdavid@forbes.biz,"8761 Rachel Rapid, Carlosview, VT 64969",7/30/2024,Vermont
3698,Whitney,Knight,(732) 260-1471 ext 44861,gonzalezkristopher@hotmail.com,"5865 Gibbs Port Apt. 239, North Anthonyshire, IN 65437",1/5/2019,Indiana
3699,John,Figueroa,(704) 620-8443 ext 2314,travisgilbert@gmail.com,"642 Lindsey Crescent Apt. 767, Lake Victoria, NM 46985",11/7/2022,New Mexico
3700,Jacob,Black,(003) 421-9764,kmcdonald@hotmail.com,"03998 Andrew Points Apt. 262, Pearsonville, DE 42976",9/6/2021,Delaware
3701,Wyatt,Jensen,(488) 112-4759,nicolemontoya@gmail.com,"22917 Dean Course Apt. 700, Howebury, IN 91138",10/25/2016,Indiana
3702,Lauren,Frederick,(295) 812-4450 ext 38900,rwarner@yahoo.com,"36322 Katherine Landing, New Spencer, ME 86164",10/13/2020,Maine
3703,Bianca,Kirby,(470) 280-3927 ext 259,laura11@hotmail.com,"15102 Riley Drive Suite 624, Debrabury, DC 30129",4/27/2016,District of Columbia
3704,Carmen,Scott,(468) 233-5349,kallen@gmail.com,"0516 Denise Orchard Suite 380, Rodriguezchester, TN 70953",9/15/2015,Tennessee
3705,Lydia,Griffin,(737) 106-5134,lisaperry@gmail.com,"5911 Lewis Ford, New Stephanieside, CA 30283",7/15/2018,California
3706,Mary,Tran,(920) 485-6101,larryalexander@gmail.com,"3459 Nicole Walks, North Guybury, DE 04287",4/8/2018,Delaware
3707,Randy,Moody,(803) 638-8420 ext 8888,jillianballard@collier-cruz.com,"Unit 6539 Box 0177, DPO AE 96981",8/7/2024,Army
3708,Matthew,Christensen,(177) 394-8286,ngarcia@hotmail.com,"82147 Sheila Gateway, Port Brianfort, DC 94998",6/8/2018,District of Columbia
3709,Christopher,Campbell,(710) 179-2471,christianjacob@hotmail.com,"2854 Sara Road Apt. 895, South Jamesborough, GA 44784",5/3/2018,Georgia
3710,Peter,Peters,(965) 674-0732 ext 461,amy75@yahoo.com,"038 Francis Fall Suite 753, Tracychester, RI 76525",4/6/2025,Rhode Island
3711,Allison,Chavez,(581) 687-7687 ext 1797,ygraves@lowery-hall.com,"142 Russell Pine Apt. 975, Christophertown, MS 25252",8/30/2018,Mississippi
3712,Shawn,Joseph,(004) 482-1619 ext 14005,linda61@anderson.com,"544 Daniel Meadow Suite 158, Ramirezton, ID 79524",3/21/2024,Idaho
3713,Martin,Brown,(425) 827-8133 ext 923,ljohnson@faulkner.info,"10016 Baker Lane, Johnsonhaven, HI 48511",8/7/2015,Hawaii
3714,Bruce,Love,(542) 484-6140,calderondavid@gmail.com,"262 Dennis Ramp Suite 915, Lake William, IN 43835",6/1/2015,Indiana
3715,William,Richmond,(275) 350-3320,arthurhill@gmail.com,"337 Chris Gardens, Port Joseph, TN 51618",11/23/2023,Tennessee
3716,Stephen,Smith,(806) 135-9886 ext 383,andrewreed@bailey.com,"619 Washington Villages Suite 913, South Luis, MI 68429",1/18/2016,Michigan
3717,Ronald,Rosario,(503) 393-3039 ext 948,potteranthony@yahoo.com,"302 Andre Junction Apt. 926, Thomasfort, ME 38530",7/9/2015,Maine
3718,Nancy,Jordan,Invalid Data,michael75@wilson-love.com,"41935 Stephens Junctions, Roweville, WI 65036",6/1/2020,Wisconsin
3719,Lorraine,Sparks,(415) 549-3273 ext 27096,woodardcaroline@lee.com,"4373 Hayes Isle Suite 753, North Johnport, LA 60828",1/27/2023,Louisiana
3720,Susan,Wong,(210) 452-3478 ext 987,mstevenson@wright.com,"431 Gonzales Meadows Apt. 682, South Victormouth, WI 03995",9/11/2021,Wisconsin
3721,Ryan,Burke,(357) 480-7582 ext 399,sanchezkaren@yahoo.com,"6499 Donald Divide Suite 187, Lake Heather, AL 44360",10/21/2019,Alabama
3722,Lauren,Moore,(022) 101-9594,john78@moore.com,"8810 Robert Pass Suite 862, Leefurt, WV 50946",3/2/2016,West Virginia
3723,Joshua,Brown,(709) 941-4829 ext 6688,brandon55@norris.com,"1838 Wells Groves, South Melissa, OR 59533",8/5/2017,Oregon
3724,Mary,Hernandez,(379) 848-0539 ext 55513,matthewhinton@hotmail.com,"333 Norman Mission, West Matthewberg, OH 07680",6/1/2015,Ohio
3725,Crystal,Howe,(491) 444-1075 ext 2850,milleralexis@hotmail.com,"23404 Rachel Walks Suite 913, Stephensonbury, GA 68284",8/9/2021,Georgia
3726,Joseph,Richardson,(698) 606-5906 ext 0230,floresmorgan@gmail.com,"651 Mcintosh Roads Suite 787, West Tiffanyburgh, MA 88033",4/11/2017,Massachusetts
3727,Robert,Mccoy,Invalid Data,justin13@yahoo.com,"23492 Cochran Ridge Apt. 714, North James, ND 37287",7/27/2017,North Dakota
3728,Gabrielle,Meyer,(624) 593-1831 ext 23896,wendy91@calderon-harrison.com,"849 Morris Mount, New Danielview, MD 43434",4/18/2022,Maryland
3729,Stephanie,Rubio,(038) 896-7588 ext 2105,angelaarias@gmail.com,"478 Williams Pike Apt. 259, West Courtneyton, NE 00783",11/15/2018,Nebraska
3730,Amanda,Thomas,(169) 994-1888 ext 0315,douglas38@gmail.com,"33301 Rose Hills, New Rebecca, WV 69274",9/27/2021,West Virginia
3731,Randall,Adams,(495) 218-0395,williammassey@pierce-watts.info,"1558 Karen Mountains, Cuevasstad, AR 11008",7/30/2021,Arkansas
3732,Marie,Dawson,(642) 862-6230,stoneevan@murray-gonzalez.com,"30019 Kimberly Circles Suite 684, Brooketown, MT 83676",6/25/2017,Montana
3733,Mark,Quinn,(209) 237-0593 ext 3673,patricia34@gmail.com,"1354 Eugene Estates, Allentown, HI 87318",12/2/2015,Hawaii
3734,Isaiah,Lane,(504) 362-2028,kathryn04@yahoo.com,"726 Brown Corners Apt. 106, Hawkinsshire, IA 67386",12/8/2024,Iowa
3735,Erika,Garrett,Invalid Data,howardemily@flores.com,"960 Sabrina Street Apt. 352, Greenberg, MA 39598",5/14/2024,Massachusetts
3736,Julie,Aguilar,(894) 169-1780 ext 0552,flemingstacy@flores.com,"620 Angela Forges, Fieldsfurt, CA 59764",5/7/2020,California
3737,Deborah,Carroll,(948) 004-6111,qmckee@orozco.com,"16640 Mcintyre Drives, South Toddbury, NJ 97594",1/10/2021,New Jersey
3738,John,Porter,(335) 738-2819,williamluna@hotmail.com,"7057 Angel Shore, West Alexander, MO 46906",1/2/2022,Missouri
3739,Michael,Gardner,(689) 588-4839 ext 663,xdaniels@hotmail.com,"840 Victoria Lock Suite 217, Jacquelineland, TN 91085",5/6/2018,Tennessee
3740,Carol,Vazquez,(298) 971-5363 ext 4276,psantos@hotmail.com,"019 John Branch Suite 873, South Anne, MT 76191",10/1/2015,Montana
3741,Douglas,Garner,(385) 820-1213 ext 84973,davispam@hotmail.com,"611 Amy Road Suite 785, Eugenestad, DC 17458",7/30/2018,District of Columbia
3742,Shane,Johnston,(358) 421-2007 ext 0653,hillallison@yahoo.com,"947 Martin Orchard, Lake Kayla, NY 54445",7/22/2016,New York
3743,Corey,Ward,(278) 099-9157,bergedward@hotmail.com,"9536 Jeanne Ridge, Lake Benjaminburgh, SD 58922",5/31/2015,South Dakota
3744,Jamie,Adams,Invalid Data,karijones@gmail.com,"96421 Derek Field, Brandimouth, AK 23709",7/24/2019,Alaska
3745,Ashley,Pham,(387) 134-3896 ext 039,michelle29@gmail.com,"0521 Padilla Court, North Virginiastad, RI 69609",2/3/2024,Rhode Island
3746,Norma,Roberts,(695) 772-9372 ext 338,ifischer@hotmail.com,"3633 Burton Keys Apt. 296, Lake Jasonton, MI 12267",11/29/2022,Michigan
3747,Doris,Williams,(721) 271-4951,mburns@gentry.com,"0037 Ball Causeway Apt. 091, Ericksonmouth, RI 10109",9/7/2021,Rhode Island
3748,Eric,Williams,(835) 265-7883 ext 632,mcdanielchristy@hotmail.com,"7757 Johnny Crescent Suite 869, South Matthew, SD 45792",2/21/2018,South Dakota
3749,Adam,Brooks,(597) 243-2823 ext 295,stricklandrebecca@hotmail.com,"40708 Cantrell Cliffs Suite 309, New Jacob, MO 69135",3/8/2017,Missouri
3750,Jessica,Terrell,(149) 310-3967 ext 98616,shannonrobert@miller-pham.com,"860 Donald Valleys, Cindyside, MO 35856",1/23/2020,Missouri
3751,Stephanie,Irwin,(066) 848-0832,harrisstephanie@bauer-nguyen.com,"888 Tyler Lane, South Daniellebury, AL 13556",12/21/2024,Alabama
3752,Adam,Campbell,(600) 362-9443,hcuevas@hotmail.com,"182 Maureen Rapids Suite 418, Terranceport, AZ 78253",7/30/2017,Arizona
3753,Philip,Mathews,(082) 551-3512 ext 79843,julia98@yahoo.com,"886 Harris Green Suite 329, East Jennifershire, WY 01320",1/17/2016,Wyoming
3754,Victoria,Johnson,(082) 837-7972,jasonhanson@hotmail.com,"14193 Mccoy Summit Apt. 693, Willisville, NJ 32624",6/28/2018,New Jersey
3755,Lori,White,(457) 818-2807 ext 95418,kirbykaren@gmail.com,"Unit 5209 Box 9410, DPO AA 96448",2/29/2016,Army
3756,Leslie,Tucker,(815) 099-5259,ogonzalez@gmail.com,"476 Anthony Mountain Apt. 543, Lauraborough, DC 82931",12/27/2023,District of Columbia
3757,Kathleen,Johnson,(487) 919-5083,rlong@flowers.info,"549 Sean Green, Angelbury, OH 48766",3/25/2021,Ohio
3758,Nicholas,Moore,(658) 628-0702 ext 758,changjoshua@yahoo.com,"99847 Harper Canyon Suite 718, Port Stevenport, NH 79661",7/16/2020,New Hampshire
3759,Christopher,White,(324) 865-1137 ext 4811,davischristopher@hotmail.com,"0891 Carroll Vista Apt. 348, Shannonville, KS 57005",2/17/2020,Kansas
3760,Kimberly,Aguilar,(732) 299-9806 ext 469,alexiskane@smith.biz,"5675 Smith Summit, North Mariefurt, LA 73405",6/30/2019,Louisiana
3761,Jodi,White,(865) 731-7008 ext 900,shannon26@boyd-brown.com,"3540 Dominique Mills Suite 313, Haleton, KY 02116",10/1/2022,Kentucky
3762,Dustin,Hill,(296) 519-1903,jessicamartinez@smith.biz,"59492 Dawn Vista Suite 639, Martinezland, MI 87986",2/6/2023,Michigan
3763,Alicia,Middleton,(245) 700-7009,ebrown@melendez.biz,"0620 Brittney Shoals Apt. 068, East Angela, LA 06251",12/3/2018,Louisiana
3764,Dale,Lee,(826) 091-6945,frankmichael@hotmail.com,"33150 Mack Extension Suite 794, Amandaville, MT 09062",11/26/2017,Montana
3765,Roberto,Gutierrez,(111) 495-0729,crossamanda@ryan.info,"70234 Patricia Stream, Lake Josephfurt, RI 11326",10/22/2022,Rhode Island
3766,Cassandra,King,(610) 850-3440,ujenkins@hotmail.com,"67180 Laura Well, North Edwinchester, OR 32020",4/2/2016,Oregon
3767,Lauren,Sullivan,(119) 112-3388 ext 109,justinlee@dominguez-thompson.com,"7985 Hicks Squares, Port Donstad, WI 67508",12/3/2021,Wisconsin
3768,Kristina,Jones,(841) 044-4727 ext 5300,caldwellkevin@hotmail.com,"06739 Tammy Spurs, Brownberg, FL 32592",12/2/2015,Florida
3769,Katherine,Riley,(849) 281-3087,sarahthornton@yahoo.com,"1354 Susan Mountains, Amberside, LA 99467",1/18/2021,Louisiana
3770,John,Aguirre,(883) 797-1139 ext 4293,garciakristie@hotmail.com,"20162 Annette Street Suite 634, New Linda, OH 73476",5/17/2024,Ohio
3771,Justin,Jones,(262) 289-9995 ext 03332,antoniogriffin@yahoo.com,"5553 Meghan Harbor Apt. 029, Travisberg, TN 72561",3/3/2022,Tennessee
3772,Keith,Russo,(461) 821-0315 ext 38148,steven67@gmail.com,"686 Joseph Plaza, North Amy, WY 41062",12/9/2017,Wyoming
3773,Brian,Anderson,9714019,bellgeorge@hotmail.com,"028 Michael Freeway Suite 047, East Loriburgh, NY 82300",12/24/2015,New York
3774,Vincent,Cox,Invalid Data,rmyers@yahoo.com,"044 Cunningham Ranch, Lake Angela, NJ 54707",11/4/2023,New Jersey
3775,William,Ritter,(710) 528-2078,david56@gmail.com,"USNS Sanchez, FPO AE 64492",9/21/2020,Army
3776,Gregory,Byrd,(668) 080-0743 ext 81295,williamslaurie@ware.com,"99721 Spencer Keys Apt. 124, Port Mercedesmouth, NC 39429",8/29/2015,North Carolina
3777,Timothy,Murray,(554) 070-9236 ext 983,megan88@hotmail.com,"530 Diane Plaza Suite 687, West Davidland, AR 61169",9/6/2019,Arkansas
3778,Tammy,Taylor,(651) 943-9744,ojohnson@schneider.net,"PSC 0230, Box 4545, APO AP 67953",5/14/2016,Army
3779,Denise,Harris,(928) 967-4034 ext 665,brady00@palmer-hunter.com,"42554 Kevin Key, Russellshire, NC 92448",1/2/2022,North Carolina
3780,Jackie,Valencia,(370) 095-5549 ext 8867,joseph94@barker.com,"6915 Wilson Mountain, West Meaganfurt, DC 29573",11/7/2021,District of Columbia
3781,Phillip,Hendrix,(087) 196-0520 ext 603,rachelosborne@yahoo.com,"5124 Murray River, Tiffanyshire, WY 35283",10/18/2024,Wyoming
3782,Heather,Hicks,(466) 924-5680,jrush@hotmail.com,"025 George Cove Suite 779, Westchester, AZ 08600",9/12/2023,Arizona
3783,Allison,Taylor,(996) 182-3122 ext 727,tsanchez@gmail.com,"0420 Leblanc Squares, Hernandezburgh, GA 85162",7/17/2015,Georgia
3784,Ralph,Soto,(293) 688-9693,brianamartin@johnson-grant.org,"PSC 6363, Box 4802, APO AA 35486",7/20/2021,Army
3785,Wesley,Nash,(808) 877-6104,josecarey@gallagher.com,"6327 Martinez Trafficway, Ericview, WA 70190",11/17/2021,Washington
3786,Miguel,Smith,(041) 157-1500,jon09@tanner.com,"957 Harvey Point, South Megan, MN 43803",7/7/2016,Minnesota
3787,Ronald,Lawson,(564) 537-3819,harrisonamy@gmail.com,"3680 Frost Ramp, Simsfort, LA 84382",12/7/2015,Louisiana
3788,Paula,Hall,(186) 072-3468 ext 16986,mike89@hotmail.com,"0798 Patrick Lodge Suite 083, Lake Crystal, AL 72440",7/3/2023,Alabama
3789,William,Henderson,(468) 606-4238,acaldwell@owens.com,"PSC 8289, Box 7828, APO AP 01376",9/21/2015,Army
3790,Nicole,Weaver,(149) 044-3208,juliegreen@mccoy.net,"4517 Deanna Forest Suite 373, Joshuachester, OK 65778",2/1/2021,Oklahoma
3791,Sean,Rose,(637) 693-7554,mccarthywilliam@alvarez.net,"1090 Mark Path, North Regina, WI 58166",12/1/2020,Wisconsin
3792,Joseph,Stevens,(953) 852-9262,herreracarla@chavez.net,"34346 Todd Parks Apt. 848, Stevenshire, OR 02298",2/11/2020,Oregon
3793,Theresa,Collins,(126) 270-3084,terrymichelle@walsh-payne.org,"5665 Travis Rapid Suite 930, Thomashaven, NE 99343",12/17/2023,Nebraska
3794,Teresa,Berg,(296) 161-6943 ext 0534,gary61@mcdonald.info,"264 Miller Ridge, West Cassandra, NM 53290",9/15/2022,New Mexico
3795,Ashley,Williams,(437) 539-4369 ext 1558,howardjohn@bell.com,"8242 Williams Squares Apt. 425, West Nicoleville, WA 19297",10/13/2016,Washington
3796,Melissa,Phelps,(610) 933-6064 ext 06768,peter67@robinson-curtis.com,"PSC 7620, Box 1945, APO AE 92951",1/10/2018,Army
3797,Gregory,Lawrence,(994) 108-1112 ext 1728,esparzashawn@williamson.com,"83022 Bryan Branch Apt. 766, West Jennifer, WV 10762",11/30/2016,West Virginia
3798,Jessica,Gonzalez,Invalid Data,alison49@hotmail.com,"Unit 0154 Box 3550, DPO AP 07902",2/23/2018,Army
3799,Carla,Sutton,(310) 934-9540 ext 4192,ogreer@keller.org,"USNV Schmidt, FPO AP 48353",3/28/2020,Army
3800,Brian,Kelly,(964) 953-9361 ext 658,kennedyyesenia@gmail.com,"8940 Collins Villages, South Mariechester, FL 81259",3/25/2021,Florida
3801,Tyler,Pratt,(828) 488-7378,ebaird@johnson.com,"8576 Holmes Views, West Sarachester, NH 83033",3/8/2025,New Hampshire
3802,Autumn,Santana,(649) 969-0102 ext 249,frodriguez@yahoo.com,"73035 Strickland Row Suite 344, East Justin, NE 55282",9/1/2017,Nebraska
3803,Dakota,Hurst,(323) 487-5011 ext 12729,abigailprince@gmail.com,"1266 Cameron Mall, East Stephaniebury, MI 60320",1/12/2024,Michigan
3804,Roberto,Collins,(850) 376-9077,billycervantes@yahoo.com,"3701 Clark Walks, Randyborough, SC 32293",6/15/2019,South Carolina
3805,Edward,Thomas,(868) 061-7718,fryetimothy@jones.com,"2840 Monroe Valley Suite 617, Colemanborough, GA 56482",8/2/2024,Georgia
3806,Kelly,Lucas,(151) 895-9129 ext 2411,vwright@gmail.com,"USCGC Washington, FPO AA 44614",4/17/2021,Army
3807,Timothy,Day,(565) 123-7692 ext 1826,vsimpson@yahoo.com,"554 Kimberly Inlet Apt. 690, South Andre, GA 40685",11/10/2018,Georgia
3808,Brian,Kennedy,(858) 138-8891,fordmichael@jones.net,"573 Ramsey Trafficway, Lorettahaven, LA 80612",5/1/2024,Louisiana
3809,Michelle,Torres,Invalid Data,mvalencia@hoffman.net,"444 Mary Flat, Darylhaven, SC 06044",11/13/2015,South Carolina
3810,Jasmine,Morgan,Invalid Data,adamsnicole@parker-clark.biz,"6299 Watson Path, New Robert, WV 55186",7/19/2018,West Virginia
3811,Lori,Pineda,(061) 998-0880,maryrollins@clark.com,"4672 Kathryn Plain Apt. 487, Johnsonberg, VT 12260",2/4/2017,Vermont
3812,Amanda,Richard,(505) 972-2746 ext 4441,michaellong@ryan-mcdonald.com,"2090 Amanda Lakes, Kimberlyfort, WA 36434",10/5/2022,Washington
3813,Angela,Haynes,(964) 254-6556,robertsmith@hotmail.com,"0991 Henderson Extension Suite 251, Edwardsburgh, AZ 67067",11/1/2024,Arizona
3814,Taylor,Williams,(927) 741-8454 ext 43712,glee@torres-mitchell.com,"51942 Martinez Meadows, Johnmouth, NC 42148",7/3/2019,North Carolina
3815,Jose,Olsen,(744) 906-2344 ext 1933,porterjohn@hotmail.com,"707 Barry Crescent Apt. 662, Brownport, AL 77623",2/16/2019,Alabama
3816,Lauren,Cabrera,(285) 307-7057,singhtheresa@miller.com,"291 Mark Mountains Suite 510, Port Taylorborough, MD 28451",4/22/2017,Maryland
3817,Sarah,Jones,(760) 956-2615 ext 5780,kgordon@mccall.biz,"Unit 2941 Box 7801, DPO AA 57285",11/3/2018,Army
3818,Jose,Horton,Invalid Data,jessica88@hotmail.com,"4063 Heather Brooks, Ritterbury, ME 85950",2/11/2016,Maine
3819,Robert,Rollins,(326) 802-5050 ext 86513,kingkevin@hotmail.com,"5742 Schwartz Shore Apt. 691, New Ryan, WY 25218",9/14/2017,Wyoming
3820,Mark,Phillips,(441) 024-5983 ext 6870,mhayes@sloan.info,"029 Carpenter Road, Reevesstad, MT 86293",10/12/2018,Montana
3821,Joshua,Lopez,(295) 743-6566 ext 0597,bfields@stephenson.org,"2446 Krystal Curve, Lake Kevinshire, AZ 45743",9/18/2019,Arizona
3822,Tammy,Murphy,(792) 946-2858 ext 765,christinelopez@thomas.com,"13983 Charles Island Suite 037, East Taylor, MN 59466",5/21/2021,Minnesota
3823,Vincent,Williams,(980) 472-8770 ext 26177,mayrita@yahoo.com,"84490 Wheeler Trail Apt. 280, Lake Jenniferland, HI 68859",11/26/2021,Hawaii
3824,Todd,Armstrong,(857) 436-4229,anthony51@estrada.biz,"PSC 9721, Box 8969, APO AE 64497",5/10/2017,Army
3825,Emily,Woodard,(460) 535-5081 ext 6694,kayla72@gmail.com,"806 Maria Mountains, Lake Mary, NM 84719",9/29/2018,New Mexico
3826,Tracy,Vaughn,308950228,maurice60@chambers.biz,"027 James Islands Apt. 675, Lake Amyberg, NC 10823",10/14/2021,North Carolina
3827,Joshua,Ramirez,(529) 485-6870 ext 3728,victoriawarren@hotmail.com,"5728 Kathleen Expressway, West Sierra, MA 71533",2/15/2017,Massachusetts
3828,Shane,Hernandez,(887) 965-0285,michael39@salazar.com,"8657 Jones Trafficway, Marissamouth, AK 07373",3/16/2021,Alaska
3829,Louis,Moore,(947) 534-7386,daniel52@arnold.com,"USS Michael, FPO AA 62524",9/2/2016,Army
3830,Marie,Brock,(386) 458-9284 ext 237,jordananthony@hotmail.com,"3645 Davidson Creek, East Marilynchester, MO 31376",10/15/2023,Missouri
3831,Kenneth,Lopez,(259) 790-2591 ext 047,troycooper@gmail.com,"496 Nichols Square Apt. 083, Kentland, OK 56760",11/5/2019,Oklahoma
3832,Janet,Phillips,(584) 799-4943,jasonsloan@hotmail.com,"3250 Wallace Falls Apt. 364, Suttonstad, KY 25894",11/30/2021,Kentucky
3833,Bradley,Martin,(021) 286-3952,pattonandrew@wright.com,"616 Catherine Avenue, Rayburgh, TN 22259",5/22/2019,Tennessee
3834,Tommy,Murillo,(832) 710-5822 ext 33577,sara44@allen-frost.biz,"Unit 5572 Box 4875, DPO AE 42115",4/28/2023,Army
3835,Christina,Jones,(983) 545-0140,whitejoseph@williams.net,"6262 Hunter Rapids, New Cynthialand, KS 04669",6/25/2020,Kansas
3836,Jacob,Shepherd,(618) 479-9988 ext 94625,haasjonathan@hotmail.com,"9339 Stewart Avenue Suite 954, Wallstad, NV 25471",11/15/2020,Nevada
3837,Alex,Davidson,(515) 151-6755 ext 5376,robertmoore@chan-james.org,"87550 Megan Circles Suite 051, Martinezside, NY 07052",9/22/2021,New York
3838,Bradley,Park,(421) 685-3584,cassandra56@hotmail.com,"34870 Clark Expressway, Johnstad, NE 60448",2/22/2024,Nebraska
3839,William,Kramer,(240) 697-9527 ext 754,kevin24@hall.com,"8163 Joseph Squares, Port Vanessa, DC 01305",12/5/2024,District of Columbia
3840,Daniel,Carter,(612) 757-4953 ext 44755,webbtheodore@gray.org,"8683 Crystal Manor Suite 225, Mollyton, VA 01076",6/3/2018,Virginia
3841,Matthew,Ford,(312) 121-3530 ext 3094,xcunningham@thompson.biz,"354 Bean Ranch, Rossberg, NV 08835",1/17/2025,Nevada
3842,Bradley,Reyes,(505) 863-3918 ext 176,robert01@kennedy-smith.com,"962 Terrence Highway, West Tiffanyborough, IA 92601",3/20/2020,Iowa
3843,Nancy,Hunt,(225) 737-7713 ext 557,christiancook@rogers.com,"820 Wyatt Mills Apt. 796, Mendozahaven, IA 95239",10/21/2017,Iowa
3844,Jeffrey,Jones,(681) 684-3509 ext 756,aaron57@cline.com,"7878 Jennifer Field Suite 914, Cynthiaside, ID 65022",4/21/2020,Idaho
3845,Sandra,Lambert,(760) 601-5433 ext 3519,john21@hotmail.com,"787 Linda Alley, Tiffanyport, NE 05735",1/5/2024,Nebraska
3846,Rebecca,Davis,(896) 074-1037,cbenitez@campbell.com,"40098 Nicole Way, Lake Josephbury, IL 06382",12/14/2015,Illinois
3847,Michelle,Stanley,(899) 734-6884 ext 2989,lbooker@berg.org,"8032 Stephen Fort, Lopeztown, MI 18047",12/3/2020,Michigan
3848,Jonathan,Wallace,(124) 591-7628,kristystewart@williams.info,"PSC 5471, Box 2099, APO AA 53576",10/6/2023,Army
3849,Tyler,Simpson,(046) 484-0768 ext 905,johntaylor@davis.biz,"73584 Donald Shoal Apt. 276, South Michaelberg, AZ 05740",8/3/2020,Arizona
3850,Matthew,Hartman,(666) 246-3114,mariofields@hotmail.com,"89130 Daniel Curve, East Darrellfort, WI 16604",11/27/2020,Wisconsin
3851,James,Campos,(296) 293-2661,storres@gmail.com,"8556 Carlson Motorway Apt. 111, Shannontown, NH 93514",6/24/2016,New Hampshire
3852,Amanda,Thomas,(751) 069-8816,longsamuel@robinson.com,"Unit 2528 Box 7530, DPO AE 05898",6/3/2023,Army
3853,David,Martinez,(492) 660-6740 ext 2080,martinezsarah@james.com,"26409 Dennis Meadow Suite 614, South Jeffery, DE 12278",5/7/2022,Delaware
3854,Robert,Sanders,(217) 158-3823 ext 20830,bbell@yahoo.com,"PSC 1502, Box 2310, APO AE 47304",5/9/2023,Army
3855,Ryan,Fuentes,(605) 579-9216 ext 83160,jhughes@yahoo.com,"8918 Carter Street, Port Frank, PA 01728",4/7/2024,Pennsylvania
3856,Danielle,Mendez,Invalid Data,jonathanmckay@woods.com,"0634 Anthony Tunnel Apt. 045, Javierchester, NY 06575",11/2/2015,New York
3857,Michele,Hernandez,(082) 733-3527,robertssamantha@johnson.net,"76115 Frank Alley Apt. 664, Erinmouth, AZ 11679",8/24/2015,Arizona
3858,Brenda,Nichols,(048) 842-6303,smithchristopher@yahoo.com,"USNS Trujillo, FPO AE 34380",10/24/2017,Army
3859,Stacy,Rose,(879) 361-9746,mbowers@wood.info,"35821 Timothy Unions, Shelleychester, NY 98015",3/10/2024,New York
3860,Michelle,Davis,(386) 133-5417 ext 72267,jkennedy@jordan.com,"018 Fernandez Harbor, Brookestad, AZ 07979",11/10/2020,Arizona
3861,Brandon,Sanders,(439) 441-4848 ext 6600,mortonsteven@yahoo.com,"72975 Timothy Coves, Joditown, DC 13872",2/1/2022,District of Columbia
3862,Brianna,Martin,(583) 633-7925,xklein@flowers.com,"30028 Mary Drive, Peckton, IL 25895",9/11/2021,Illinois
3863,Emily,Jacobs,(853) 019-7862 ext 51703,bbass@martinez.com,"0478 Stephanie Stream, New Eduardomouth, NM 82321",3/4/2017,New Mexico
3864,Valerie,Young,(199) 680-4526 ext 722,annette90@gmail.com,"3452 Riley Cape, East Stephanieburgh, DC 04773",4/13/2024,District of Columbia
3865,Heather,Atkinson,Invalid Data,carlosbrown@vaughan.org,"1324 Smith Shoals Apt. 085, New Meganstad, NV 03484",4/16/2021,Nevada
3866,Shannon,Walker,(298) 052-6946 ext 12786,amy98@yahoo.com,"15406 Wells Plains, Sheppardhaven, MI 20073",5/28/2019,Michigan
3867,Peter,Cameron,(481) 181-1920,sampsonkelly@yahoo.com,"80248 Jeremy Falls, South Christyland, NM 49404",7/21/2023,New Mexico
3868,Matthew,Crosby,Invalid Data,kelleyheather@hotmail.com,"2079 Christopher Crossroad Suite 466, Catherineshire, WY 66308",8/12/2018,Wyoming
3869,Amber,Washington,(824) 296-1451 ext 95251,wyattjessica@hotmail.com,"583 Graham Dale, Lake Richardborough, KS 29075",8/27/2015,Kansas
3870,Jared,Schultz,(688) 922-2671,mitchell91@murphy.com,"3458 Angel Pike Suite 117, Lake Lynnshire, WI 55021",7/17/2020,Wisconsin
3871,Cynthia,Blake,(126) 377-4910 ext 729,fbecker@yahoo.com,"153 Sharon Cliff, Port Coreyville, AZ 23286",8/24/2024,Arizona
3872,Lisa,Collier,(341) 957-4700 ext 5547,wallacerobert@butler.info,"7224 Jake Trail, Barryland, NY 82830",12/21/2022,New York
3873,Rebecca,Harrison,(941) 741-4070 ext 78548,brian14@gmail.com,"4912 Dunn Forks, Foxstad, WI 14133",4/4/2018,Wisconsin
3874,Marcus,Reyes,(727) 111-1411 ext 91689,abanks@yahoo.com,"571 Jessica Stravenue, Lake Shirley, NC 15530",9/3/2019,North Carolina
3875,Rebecca,Maddox,(567) 160-6035 ext 81176,nicholslauren@hebert.com,"9957 Sandoval Hollow, Joseview, VT 81790",5/29/2022,Vermont
3876,Jacob,Williams,(326) 461-4866 ext 2568,suzanneharmon@boyd-hammond.com,"8721 Scott Keys, North Karenside, IA 12180",1/2/2016,Iowa
3877,Stacy,Lang,(792) 900-2006,vrodriguez@hotmail.com,"1577 Lewis Mills Apt. 431, North Amandaland, IA 58040",4/30/2022,Iowa
3878,Rachel,Foster,(729) 195-8861 ext 068,daniel17@joseph-rodriguez.com,"0247 Glass Junction, Ramosburgh, MO 18132",11/2/2018,Missouri
3879,Jade,Russell,(391) 794-1641 ext 5860,jerry46@gmail.com,"PSC 5252, Box 9853, APO AP 74199",8/29/2017,Army
3880,Christina,Walters,(621) 291-8418 ext 972,brian45@mcdonald.biz,"12564 Guerrero Wall, South Scottbury, NV 33389",2/15/2021,Nevada
3881,Heather,Adams,(598) 951-6914 ext 88941,nrodriguez@thomas-green.com,"237 James Parks Suite 614, East Justinchester, NH 37808",1/8/2022,New Hampshire
3882,Elizabeth,Turner,(249) 028-4075 ext 40380,zyoder@hotmail.com,"299 Barbara Club Suite 752, Michaelport, WA 34406",12/28/2023,Washington
3883,Ashley,Hoffman,(142) 414-4239 ext 27476,qcuevas@hotmail.com,"USNS Meyers, FPO AA 56547",1/6/2021,Army
3884,Alexandra,West,(662) 635-0065 ext 1069,jonesbeth@hotmail.com,"10491 Scott Dale, Gonzalesborough, LA 35275",2/10/2016,Louisiana
3885,Paige,Carpenter,(868) 724-7147 ext 595,fshaw@flores-harrison.org,"777 Gallegos Pine Apt. 746, Simpsontown, CA 83912",1/22/2023,California
3886,Michael,Conley,(160) 835-2252 ext 4816,omullins@leach-stevens.com,"5738 Samuel Groves, North Anthony, LA 73430",3/13/2023,Louisiana
3887,Jeffrey,Hatfield,(615) 957-3692 ext 20462,zwright@yahoo.com,"62158 Francis Flats, Johnsonfort, IL 71914",12/23/2016,Illinois
3888,Laura,Pennington,Invalid Data,bethanywatkins@hunter-brewer.com,"0631 Murphy Stream, Port Lauren, IL 39523",1/28/2019,Illinois
3889,Jill,Wolf,(534) 335-6184 ext 2014,petersmichael@gmail.com,"6975 Johnson Landing, West Casey, SC 51127",3/2/2021,South Carolina
3890,George,Peck,(332) 602-0452 ext 0832,staceyho@jones.com,"533 Joan Road Apt. 405, Lake Brandonville, CA 03674",3/25/2023,California
3891,Brandon,Hunt,(430) 097-3970,johnhardy@hotmail.com,"Unit 8163 Box 9911, DPO AP 57248",1/1/2017,Army
3892,David,Turner,(179) 423-6435 ext 5100,garneredward@yahoo.com,"8127 Sloan Path, New Tracy, MN 53464",11/6/2019,Minnesota
3893,Donna,Gibbs,(200) 325-2072,jonathan00@raymond.org,"671 Wilson Lights Suite 763, Jonesport, MO 35361",7/24/2018,Missouri
3894,Hannah,Watson,(401) 385-5620 ext 6591,jdavis@taylor-lee.com,"5724 Crystal Wells, South Jose, UT 26901",2/16/2022,Utah
3895,Anthony,Stafford,(923) 709-3452 ext 9845,burnsryan@hotmail.com,"7762 Joseph Mountains, West Christopher, MS 90821",1/2/2022,Mississippi
3896,Jamie,Crawford,(531) 975-5330,davidkeller@gmail.com,"04976 Matthews Stravenue, Christinashire, ND 07014",10/10/2021,North Dakota
3897,Sharon,Perez,(898) 405-6913,jonesdarlene@gmail.com,"8446 Gray Plains Suite 819, Perryfurt, MO 32349",5/7/2019,Missouri
3898,Sandra,Johnson,(142) 884-7875,duffycynthia@travis-wallace.info,"14156 Sheila View, Port Jenny, DE 19496",3/30/2019,Delaware
3899,Lindsey,Roberts,(886) 864-2578,diana19@diaz-marsh.com,"7545 Joshua Crossing, West Amyfurt, OR 94113",10/6/2023,Oregon
3900,Christopher,Wilson,(424) 685-5487,brittneysimpson@webster.com,"9829 Torres Garden Apt. 573, Santosfort, NC 13824",10/17/2019,North Carolina
3901,Kelly,Walton,(962) 356-7923,oclark@fisher-bernard.org,"Unit 7747 Box 9245, DPO AA 68653",1/18/2018,Army
3902,Donna,Miles,(332) 500-3913,robin69@cruz.com,"48824 Cunningham Flat Suite 245, Williamsonland, NH 47260",5/1/2017,New Hampshire
3903,Angela,Clayton,(702) 018-5090 ext 668,rmullins@rodriguez-parker.com,"25473 Lisa Drive, East Paulbury, KS 43773",6/5/2020,Kansas
3904,Ashley,Garcia,Invalid Data,asanders@wells.com,"66033 William Summit Apt. 878, Aaronhaven, WV 03953",5/7/2020,West Virginia
3905,Sandra,Rodriguez,(094) 577-0333 ext 51338,ywheeler@burnett.net,"117 Hernandez Isle, East Andrewshire, LA 73675",4/29/2025,Louisiana
3906,Samuel,Cooke,(677) 113-1327,tanyaburton@hotmail.com,"732 Madison Squares Apt. 601, Johnsonville, TX 35133",1/31/2025,Texas
3907,Darrell,Clark,(445) 759-3439 ext 9276,ehill@gmail.com,"2329 Moran Spring Suite 746, Roberttown, ID 19852",12/9/2018,Idaho
3908,William,Davis,(660) 331-1755 ext 237,lisa71@hotmail.com,"070 Jonathan Groves, Williamsberg, MD 10333",8/23/2016,Maryland
3909,Jodi,Wilkins,(682) 871-4369,davidsonbrandi@hotmail.com,"04574 Dennis Mews, West Alexis, WV 35039",8/1/2020,West Virginia
3910,Jeffrey,Vaughan,(908) 425-4884 ext 442,vargasvalerie@yahoo.com,"667 Max Walks, Farrellborough, MA 26431",5/12/2021,Massachusetts
3911,Sara,Moore,(470) 698-8738 ext 122,abigail59@yahoo.com,"4933 Hector Spring Suite 763, Port Ruthburgh, AR 05825",4/8/2018,Arkansas
3912,Henry,Mills,(597) 195-4578,gordonbrandon@rice.com,"85256 Erin Shores, Wheelertown, IL 12833",9/14/2020,Illinois
3913,Jennifer,Jones,(675) 660-8105,nancy51@hotmail.com,"747 Colton Wells, West Jasontown, WY 74307",10/30/2018,Wyoming
3914,Brian,Turner,(399) 946-9565 ext 0981,steve02@hotmail.com,"819 Malone Wall, South Amanda, NH 41153",5/18/2024,New Hampshire
3915,Robert,Parker,(957) 570-5750 ext 39048,christopher20@hotmail.com,"40632 Russell Isle Apt. 652, Nelsonville, KS 02754",4/15/2021,Kansas
3916,Christine,Luna,(767) 037-5576 ext 9290,rogersjulie@brown.info,"4439 Pamela Knolls, Padillafort, AK 13304",8/29/2022,Alaska
3917,Robin,Cunningham,(838) 976-4333,lee50@ward.com,"2645 Mercer Corners, West Sarahport, OK 95046",8/30/2024,Oklahoma
3918,William,Ingram,(762) 842-2241 ext 00314,sjones@smith.com,"981 Christopher Crest Apt. 688, North Elizabethstad, SD 93218",8/9/2015,South Dakota
3919,Hector,Harrell,(472) 935-5296 ext 97464,kelly44@day-strickland.biz,"48788 Robin Street, Port Jamesview, DE 67298",1/4/2025,Delaware
3920,Julia,Burke,(382) 845-2697 ext 26387,brandonhartman@hanna.com,"11253 Coleman Mountain Suite 366, Ronniebury, MA 04661",6/17/2020,Massachusetts
3921,Brandon,Ingram,(734) 136-6391,christinetodd@gmail.com,"40218 Simpson Views Apt. 490, Priceshire, NV 69627",11/1/2022,Nevada
3922,Melissa,Vargas,(569) 215-6672,davidsongina@yahoo.com,"30801 Alex Key Suite 404, New Joel, NC 60811",9/7/2020,North Carolina
3923,Amanda,Hall,(940) 680-2898,joseph44@hotmail.com,"198 Lindsay Cove Apt. 135, Mcleanside, IL 86350",7/6/2020,Illinois
3924,Zachary,Espinoza,(001) 367-7183 ext 13057,richard44@shah.biz,"USNS Terry, FPO AP 04454",8/10/2019,Army
3925,April,Mitchell,(778) 633-6463 ext 001,wadeanthony@gmail.com,"89340 Davis Ridge, Haydenshire, MI 53097",1/26/2023,Michigan
3926,Haley,Weiss,(791) 850-6727 ext 47954,kennethlittle@buckley.org,"50033 Jennifer Trail Suite 587, West Dianechester, RI 07392",5/26/2015,Rhode Island
3927,Katrina,Long,(037) 397-7648 ext 52628,wallen@livingston-brown.com,"97759 Henderson Dale Suite 328, East Ashleyport, NM 33790",4/30/2019,New Mexico
3928,Brandy,Bailey,(687) 889-3732,gdaniels@yahoo.com,"3029 Peterson Ports Apt. 742, East Michael, MD 94155",4/14/2025,Maryland
3929,Jeanette,Wright,(825) 744-1472 ext 4691,omar78@yahoo.com,"26870 Jeffrey Divide, Bennettmouth, OR 20143",1/29/2021,Oregon
3930,Randy,Lee,Invalid Data,george92@gmail.com,"39240 Cindy Gateway, Montoyachester, WA 52024",7/8/2022,Washington
3931,Jim,Winters,(284) 175-6210 ext 93813,ymiller@moore.com,"68007 Hayes Branch Apt. 053, Lake Raymondville, MA 18041",4/17/2023,Massachusetts
3932,Annette,Hernandez,(372) 545-8328 ext 846,timothyford@trevino.com,"448 Barnett Roads Suite 958, East Anthonytown, CO 53754",12/28/2017,Colorado
3933,Shannon,Perez,(819) 576-1347 ext 725,daniel23@scott-may.com,"545 Johnny Centers Apt. 661, Ochoatown, VT 33682",5/30/2017,Vermont
3934,Kylie,Pitts,(083) 347-5231 ext 516,ellisandrew@gmail.com,"45583 Torres Dam, North Anthony, AK 27610",6/21/2021,Alaska
3935,Aaron,Anderson,(978) 376-8119 ext 68046,sanderson@yahoo.com,"125 Shannon Via, Michaelport, WY 38715",11/27/2024,Wyoming
3936,Bethany,Todd,(179) 125-5022 ext 56134,grimesbrent@solomon.com,"97210 Jake Knoll Apt. 497, North Timothyview, OK 29856",7/3/2021,Oklahoma
3937,Erik,Hernandez,(595) 727-5083 ext 089,robertwhite@briggs.com,"46880 Elliott Fork Apt. 137, North Mauriceborough, CT 77430",3/8/2023,Connecticut
3938,Robert,Foster,(256) 203-0822,wwilliams@yahoo.com,"04297 Ross Garden Suite 808, Ortizbury, VA 42646",5/31/2016,Virginia
3939,Charles,Hogan,(203) 760-8303 ext 963,mark87@hotmail.com,"4315 Perez Light, East Brianachester, MS 17463",4/10/2022,Mississippi
3940,Melissa,Graham,(028) 045-4221,lorrainebright@gmail.com,"925 Calhoun Way, South Brandonburgh, UT 38012",2/5/2018,Utah
3941,Patrick,Richards,(765) 111-8679 ext 942,xkelly@gmail.com,"USNS Duncan, FPO AP 52262",1/14/2023,Army
3942,Kenneth,Johnson,Invalid Data,fieldsdevin@myers.com,"47096 Sims Spring Suite 281, North Noah, ND 79554",10/9/2019,North Dakota
3943,Jerry,Gallagher,(325) 046-1568 ext 180,kennethgarrison@moore.com,"63929 Thomas Stravenue Suite 318, Kristenland, RI 96939",5/29/2022,Rhode Island
3944,Samantha,Morales,(903) 005-8792 ext 5764,dwalls@gmail.com,"4191 Ingram Row Apt. 598, Morganbury, VA 87694",12/13/2023,Virginia
3945,Charles,Jenkins,(512) 560-5068,jenniferhart@yahoo.com,"40058 Smith Loaf, Port Edwardchester, AZ 73969",9/17/2017,Arizona
3946,Jennifer,Carrillo,(253) 977-4785 ext 594,maxwellcheryl@yahoo.com,"3956 Lisa Ramp Apt. 325, North Cherylside, FL 61477",11/4/2022,Florida
3947,Joseph,Cole,(853) 008-8276 ext 139,joseph38@hill.net,"PSC 9698, Box 6785, APO AP 74493",9/15/2019,Army
3948,David,Wilson,(375) 092-8754 ext 71836,ihernandez@castro-norris.biz,"229 Michaela Overpass, Port Mitchell, LA 41956",5/21/2015,Louisiana
3949,Jacob,Tapia,(888) 237-1787 ext 025,collinsmichael@hotmail.com,"Unit 5906 Box 5943, DPO AA 20510",10/20/2022,Army
3950,Ashlee,Gibson,(030) 202-7892 ext 765,bishopedward@yahoo.com,"881 Raymond Glen Suite 779, Tonyville, DE 33217",12/26/2020,Delaware
3951,Angela,Roman,(638) 082-7474 ext 305,robert24@hicks-anderson.com,"8332 Williams Expressway, Port Michaelstad, ME 49252",1/17/2024,Maine
3952,Christopher,Franklin,(251) 939-7638 ext 9120,robinpatel@gmail.com,"8137 Christian Flat, North Jasonstad, MN 80589",5/6/2020,Minnesota
3953,Leonard,Rivas,(734) 989-0059 ext 741,ejones@hotmail.com,"8604 Luis Loaf Apt. 039, Antonioside, NV 55688",5/10/2021,Nevada
3954,Russell,Mata,(323) 946-8548 ext 0490,newmancharles@yahoo.com,"14582 Wilson Roads Suite 219, Christopherchester, FL 10382",6/6/2024,Florida
3955,Richard,Santana,(162) 519-0503 ext 1979,cindy35@gmail.com,"0758 Paul Freeway Suite 001, New Charles, DC 20472",5/8/2021,District of Columbia
3956,Manuel,Valencia,(517) 912-7443 ext 10635,robert29@rocha.com,"7878 Wallace Track, Summersville, AK 52570",5/21/2023,Alaska
3957,Julie,Sanders,(871) 789-5681 ext 930,bassashley@anderson-moreno.biz,"USNS Garrett, FPO AE 64707",5/27/2024,Army
3958,Shaun,Johnson,(758) 014-8246 ext 90979,whitney77@gmail.com,"563 Jessica Grove Apt. 207, Port William, IA 22850",3/3/2024,Iowa
3959,Barbara,Glass,(874) 302-3724 ext 488,bstanley@chapman-silva.net,"517 Glover Rapid Suite 962, West Drewchester, AK 59916",8/12/2016,Alaska
3960,Donald,Allen,(699) 125-8619,ryoung@gmail.com,"06173 Miller Bridge, Williamfurt, WA 28819",3/29/2023,Washington
3961,William,Smith,(623) 380-8208 ext 586,kimberly81@gmail.com,"33144 Diana Field Apt. 564, Hicksside, HI 81761",8/20/2023,Hawaii
3962,John,Silva,(251) 104-5461,rmiller@yahoo.com,"4479 Jennifer Viaduct, Hoganfort, SC 55000",11/30/2024,South Carolina
3963,Michael,Patton,(908) 922-4887,santiagotammy@nguyen.biz,"1067 Morrow Extensions, Popechester, SC 45855",8/22/2020,South Carolina
3964,Angel,Cooley,(566) 424-1627 ext 4198,avillegas@gmail.com,"91036 Ortiz Grove, Port Charles, AR 55869",6/12/2018,Arkansas
3965,Andrea,Williams,(444) 949-7180,thomas37@schultz.com,"823 Elizabeth Roads, Garnermouth, OK 96575",9/25/2015,Oklahoma
3966,Jessica,Davis,(558) 782-4432 ext 7758,maryroth@yahoo.com,"00957 Erica Valleys, Lynchton, LA 80034",5/3/2016,Louisiana
3967,Christopher,Johnson,(506) 128-8772,hernandezwilliam@adams.com,"6422 Vasquez Manors, Nguyenberg, NE 99219",12/30/2020,Nebraska
3968,Carrie,Foley,(441) 881-4300 ext 4412,julie87@miller-wright.org,"689 Elizabeth Square Apt. 481, New Johnberg, AL 70564",4/19/2018,Alabama
3969,Jeffrey,Stewart,(468) 519-6850 ext 9695,kellygibson@garcia.com,"8991 Yolanda Shores Suite 334, South Jennymouth, UT 93532",2/25/2022,Utah
3970,Shane,Conrad,(003) 687-7184 ext 40341,elizabeth45@hotmail.com,"029 Schmidt Harbor Apt. 234, Toddchester, PA 48940",8/16/2019,Pennsylvania
3971,Cathy,Murphy,(099) 934-3161,jason13@medina.com,"3188 Joshua Walk Suite 568, New Michelle, HI 15034",4/30/2021,Hawaii
3972,Kevin,Brown,(964) 398-0259,hesterscott@hotmail.com,"772 Ortiz Trail, Raychester, MO 68465",9/14/2017,Missouri
3973,Jesse,Jordan,(709) 767-2413 ext 94751,moorekenneth@howard-rogers.com,"393 Johnson Pike, Powellton, NJ 38145",6/15/2022,New Jersey
3974,Christina,Giles,(466) 170-6189 ext 59356,casey87@hotmail.com,"814 Mark Point Suite 282, New Josephport, TX 37672",5/21/2021,Texas
3975,Lisa,Pena,(440) 126-5507 ext 5893,turneranthony@hotmail.com,"0922 Nguyen Springs, Andrewstad, WI 63320",11/19/2020,Wisconsin
3976,Kyle,Aguilar,(051) 087-2648 ext 734,evansheidi@gmail.com,"USCGC Gallagher, FPO AE 52616",4/22/2025,Army
3977,Maria,Yoder,(628) 036-3483 ext 299,brian89@hotmail.com,"PSC 2570, Box 8309, APO AA 01400",1/9/2025,Army
3978,April,Lee,(357) 934-8202 ext 17175,barnesdarren@medina.com,"28261 Eugene Knoll, New Michaelbury, CT 48229",7/3/2018,Connecticut
3979,David,Black,(502) 965-5111 ext 1049,melissa55@jackson.com,"51299 Reyes Mews Suite 453, Blaketon, CT 30844",11/7/2016,Connecticut
3980,Sylvia,Chavez,(086) 716-3666 ext 125,austindeborah@hotmail.com,"6708 Chloe Coves Apt. 063, Joshuaport, WA 77816",5/12/2022,Washington
3981,Jason,Franklin,(326) 907-1925 ext 2159,middletonderek@peterson-williams.org,"440 Estes Mission Apt. 130, Lake Deborahborough, KY 23543",2/18/2017,Kentucky
3982,Laura,Dawson,(166) 258-4117 ext 8482,carolreynolds@pennington.com,"32245 Brianna Unions, Thorntonchester, VA 66336",8/25/2015,Virginia
3983,Abigail,Perez,(044) 592-2867,leejulie@hotmail.com,"USNV Davis, FPO AP 77728",8/1/2021,Army
3984,Ricardo,Flores,(665) 387-5676 ext 4253,proberts@goodman.org,"38604 David Lane, Bryanttown, LA 89149",5/22/2020,Louisiana
3985,Elizabeth,Smith,(867) 025-1818 ext 3222,rodgersdavid@robles.org,"8218 Michelle Keys, Jonathantown, KY 60288",1/11/2018,Kentucky
3986,James,White,(774) 193-4939 ext 65148,joneskenneth@gmail.com,"Unit 8513 Box 0109, DPO AA 34505",5/24/2024,Army
3987,Johnny,West,(993) 564-6779 ext 61977,johnshaw@yahoo.com,"65730 Buchanan Rue, East Danielberg, DE 39058",12/16/2024,Delaware
3988,Angela,Foster,(004) 403-5294 ext 5247,erica38@reed.com,"05212 James Passage, North Johnnystad, ID 75641",2/8/2024,Idaho
3989,Joshua,Cervantes,(815) 209-2436 ext 0008,laurieweaver@li.biz,"560 Adams Track, South Tiffany, VA 37220",10/25/2016,Virginia
3990,Ryan,Zavala,(873) 556-5074,baileymonica@hotmail.com,"8946 Rebecca Common, South Darrentown, WA 27661",10/16/2022,Washington
3991,Robert,Bird,(369) 674-0561 ext 38384,christina66@yahoo.com,"42806 William Dale, Lake Patriciaport, DE 32587",7/25/2018,Delaware
3992,Brett,Anderson,(485) 176-9019 ext 230,shannon81@gmail.com,"13882 Jackson Garden Suite 442, Danahaven, SC 08802",5/2/2016,South Carolina
3993,Maria,Harris,(521) 046-3522,rayers@reeves.info,"6457 Todd Mall Suite 650, Martintown, TN 63068",2/20/2019,Tennessee
3994,Dawn,Garcia,(790) 438-8519,ngarrett@lopez-decker.com,"967 Sherry Ferry, West Susanborough, UT 56754",1/16/2018,Utah
3995,Meredith,Mcpherson,(899) 142-7381 ext 438,clarkjoshua@villegas-lynch.com,"553 Johns Unions Suite 801, Hudsonbury, WI 11198",8/26/2020,Wisconsin
3996,Wanda,Flowers,(982) 595-4546 ext 608,rachelpalmer@hotmail.com,"68584 Evans Union Suite 534, Meganmouth, RI 06155",4/26/2023,Rhode Island
3997,Christopher,Chandler,(465) 477-9261 ext 2956,daustin@hotmail.com,"842 Charles Coves, South Michaelchester, NE 64972",5/6/2017,Nebraska
3998,Wayne,Raymond,(504) 102-6615 ext 582,timothysmith@cooper.org,"09706 Carl Curve Apt. 673, Smithfort, TN 52142",2/23/2021,Tennessee
3999,Charles,Olson,(901) 604-9196 ext 1258,danielshannon@gmail.com,"373 Pace Manors, Lake Robertstad, DC 66742",10/25/2019,District of Columbia
4000,Mary,Williams,(186) 669-7266 ext 4703,alexis08@gray.info,"76026 Dana Squares, Nathanielchester, MA 70543",1/8/2017,Massachusetts
4001,John,Cole,(171) 303-1939 ext 613,maria23@martin.com,"1595 Andrew Creek, Port Katherinefurt, MT 52998",4/6/2025,Montana
4002,Brittany,Allen,(854) 325-3190 ext 1462,brad28@mills.net,"161 Brooks Hollow, Aprilmouth, GA 52713",6/20/2022,Georgia
4003,Kevin,Johnson,(322) 576-8271,jenniferanderson@banks.com,"815 Russell Lake, West Cody, DC 14542",5/9/2025,District of Columbia
4004,Julia,Anderson,(678) 377-7293,esmith@mcconnell-gonzalez.com,"79640 Zachary Dam Apt. 632, Lindsayton, RI 79586",12/11/2021,Rhode Island
4005,Angela,Newman,(532) 952-2794 ext 0200,victoria89@sanchez.com,"50932 Hughes Gateway Suite 271, South Christopher, UT 76136",4/28/2021,Utah
4006,Gregory,Johnson,(251) 931-0566 ext 367,lauren83@yahoo.com,"804 Tate Road, Williemouth, KY 44817",5/12/2020,Kentucky
4007,Jessica,Alexander,(061) 154-7445,christophersaunders@clark.com,"96127 Jacqueline Plains, Christopherburgh, AR 27751",11/12/2015,Arkansas
4008,Andrea,Rush,(021) 601-8821 ext 02671,gholland@hamilton-swanson.com,"5335 Amanda Mill, West Justin, ND 22551",9/4/2023,North Dakota
4009,April,Contreras,(542) 780-5579 ext 90139,kenneth43@barr.com,"85616 Cody Divide, New Julie, WV 31095",1/26/2021,West Virginia
4010,Eric,Shepherd,(593) 162-9620,mbuchanan@gmail.com,"PSC 8804, Box 2880, APO AP 68508",8/19/2021,Army
4011,Andrew,Ibarra,(874) 555-7562 ext 102,barnesbrian@gmail.com,"01160 Rubio Islands Apt. 235, Robertshaven, GA 02510",8/11/2023,Georgia
4012,Samantha,Nelson,(870) 741-9974 ext 489,rodriguezsavannah@scott.com,"96720 Lambert Cliff Suite 843, Clarkfort, MA 29389",6/3/2016,Massachusetts
4013,Breanna,Brooks,(916) 562-7841 ext 6305,baileywalter@yahoo.com,"487 White Plains Suite 491, Scottmouth, MD 42109",12/11/2023,Maryland
4014,Anna,Andrade,(919) 563-0718 ext 721,wendyperez@yahoo.com,"966 John Lights Suite 724, Port Michael, MA 52286",2/24/2024,Massachusetts
4015,Leah,Fuller,(588) 567-6121 ext 911,marcus55@acosta.com,"551 Michael Roads Apt. 822, Jonesport, CA 13445",1/21/2024,California
4016,Joseph,Moran,(858) 968-3350,garciaalex@armstrong.com,"577 Kathleen Forges Apt. 924, Lake Zachary, KS 46957",2/13/2023,Kansas
4017,Sally,Cruz,(839) 520-4244,maxwelljason@watson.net,"6401 Davenport Pike, Benjaminton, RI 22684",9/27/2017,Rhode Island
4018,Deborah,Peterson,(511) 592-0183,corypowell@adams.com,"0969 Meyers Run, North Michelleburgh, KY 75537",9/13/2016,Kentucky
4019,William,Bell,(412) 113-7273,josephdawson@bond-harris.com,"745 Kenneth Gardens, New Audreyshire, ID 70798",12/17/2017,Idaho
4020,Bob,Powers,(057) 674-5587 ext 5688,grace65@gmail.com,"466 Singh Spring Apt. 667, Matthewsshire, CO 10484",6/22/2016,Colorado
4021,Brandi,Torres,(778) 264-6737,millersamantha@hotmail.com,"USNV Haney, FPO AA 08227",9/10/2022,Army
4022,Maria,Coleman,(859) 918-4312,nrojas@scott.biz,"07469 Vazquez Manors Apt. 973, South Brenda, MD 55245",8/12/2022,Maryland
4023,Bill,Bell,(028) 200-9103,collinsgabrielle@miller.com,"57683 Mccarthy Plaza Suite 887, Meredithside, MS 20690",1/12/2022,Mississippi
4024,Jenna,Hernandez,(436) 043-3962,charles39@yahoo.com,"2347 Jill Light Suite 210, Lake Jason, NY 56521",2/4/2022,New York
4025,Jorge,Summers,(765) 252-3950 ext 8145,kevinrice@yahoo.com,"6227 Potter Camp, Markbury, DC 13592",6/17/2020,District of Columbia
4026,Shelley,Johnson,(290) 237-0297,michael98@yahoo.com,"USS Holland, FPO AA 07283",9/4/2022,Army
4027,Leslie,Taylor,(277) 863-5573 ext 1969,nicolevillegas@hotmail.com,"PSC 3920, Box 4769, APO AE 49144",5/27/2020,Army
4028,Jamie,Keller,(416) 432-0757 ext 515,rhodesjanice@cunningham.biz,"9354 John Flat, South Michaelbury, NE 91400",8/24/2022,Nebraska
4029,Nicole,Williams,(737) 212-2223 ext 0530,anita55@hotmail.com,"1700 Montgomery Spring Suite 860, East Danielfort, WI 96962",4/23/2016,Wisconsin
4030,Melinda,Skinner,(591) 150-9838 ext 37632,masseyraymond@yahoo.com,"953 Rickey Squares Suite 629, New Joanbury, ID 40724",7/10/2020,Idaho
4031,Ralph,Gonzalez,(929) 926-5052 ext 59529,chad90@hotmail.com,"8691 Ricky Locks Suite 243, North Mark, DE 56195",12/23/2015,Delaware
4032,Sheryl,Walton,(378) 491-7586,jeremymoyer@hotmail.com,"3368 Rosales Mountain Apt. 767, Mariaport, TX 89409",7/21/2021,Texas
4033,Austin,Roberts,(712) 117-3490 ext 21799,jennifergreen@lyons.com,"78934 Chase Plains, North Jamesmouth, RI 85808",11/29/2021,Rhode Island
4034,Andrew,Chavez,(444) 674-4137 ext 0602,nicholas17@stephens-choi.com,"0944 Ian Oval Suite 719, New Kylestad, OR 85635",9/25/2022,Oregon
4035,Kristy,Robinson,(554) 394-9147 ext 22554,troy07@gmail.com,"80589 Robert Lakes Apt. 057, North Ericburgh, CA 90868",8/14/2023,California
4036,Jessica,Wilson,(079) 309-5489 ext 50487,josephvillegas@hotmail.com,"74426 Garrett Hills, Kimberlymouth, AR 89900",6/13/2022,Arkansas
4037,Charles,Stanley,(762) 730-7862 ext 79395,alicia64@gmail.com,"8430 Rita Greens, Kimhaven, MS 91058",9/27/2022,Mississippi
4038,Linda,Brown,(561) 849-6350 ext 0601,matthew72@bailey-orr.com,"Unit 7539 Box 1504, DPO AP 57967",6/17/2015,Army
4039,Hunter,Morales,(726) 420-0007 ext 31135,dawsonjoshua@banks-lester.com,"65603 Kathryn Walk Suite 242, Paultown, ME 27584",4/26/2016,Maine
4040,Molly,Wright,(544) 453-1489 ext 6545,egay@koch.com,"939 Steven Mills Apt. 064, North Shaneborough, FL 81570",12/10/2015,Florida
4041,Travis,Duran,(149) 116-8011 ext 018,robertcarroll@hotmail.com,"9860 Mary Plains, North Jacob, ME 17648",3/4/2018,Maine
4042,Pamela,Howard,(043) 628-7363 ext 416,josephdevin@alvarado.info,"414 Roth Bypass, Lake Thomas, IN 26248",9/21/2017,Indiana
4043,Zachary,Hill,(471) 925-3088,fjohnson@hotmail.com,"8178 Davis Ports Suite 495, East Nicholasmouth, NC 67999",2/12/2024,North Carolina
4044,Rodney,Keller,(020) 030-5626 ext 1467,samanthajohnson@gmail.com,"841 Kristin Mill Apt. 386, Hoganmouth, HI 49215",7/4/2016,Hawaii
4045,Michael,Wise,(430) 401-5958,vreyes@payne.com,"566 Olivia Summit, Julieshire, LA 55651",4/8/2017,Louisiana
4046,Paul,Knox,(471) 684-3512 ext 159,timothywilson@pacheco.org,"517 Nicole Way Suite 112, North Jason, IA 36688",11/27/2021,Iowa
4047,Christina,Curtis,(034) 089-5500 ext 3525,tonya31@key-lewis.com,"47769 Jade Mill, Mcbridefurt, CT 88987",12/22/2022,Connecticut
4048,Michele,Francis,(229) 863-3446 ext 1470,jenny49@harrison.com,"06215 Laura Overpass Apt. 731, Randyview, OH 25184",9/5/2016,Ohio
4049,Susan,Townsend,(091) 574-9302 ext 64573,dana56@yahoo.com,"USCGC Zavala, FPO AP 25628",10/19/2019,Army
4050,Alisha,Martinez,(646) 440-0932,bryanmedina@mendoza.com,"350 Castillo Lane, Allenport, MS 12204",3/28/2021,Mississippi
4051,Eric,Davis,(598) 709-7938 ext 34345,valeriebrown@hotmail.com,"0871 Joseph Station Suite 426, Lake Jenniferview, GA 72423",3/6/2018,Georgia
4052,Jennifer,Dyer,(528) 767-3843 ext 5951,mark89@hotmail.com,"436 Jacobs View Suite 265, Lake Hunter, NJ 03047",6/18/2023,New Jersey
4053,James,Mccormick,(925) 824-0813 ext 008,orozcoandrew@decker.com,"59319 Holland Square, Steveton, FL 93214",2/12/2022,Florida
4054,Katrina,Powell,(464) 658-5157 ext 2704,saramaxwell@ramsey.com,"Unit 4913 Box 1680, DPO AA 09873",7/23/2018,Army
4055,Michelle,Keller,(784) 725-9770,cookgabriela@smith-saunders.biz,"055 Rush Wall Apt. 830, Toddshire, LA 37671",5/26/2023,Louisiana
4056,Beth,Gonzalez,(360) 902-3152 ext 75481,christopher95@hotmail.com,"Unit 8005 Box 2423, DPO AA 54169",6/22/2021,Army
4057,Laura,Clark,(408) 682-4704,lwheeler@yahoo.com,"351 Michelle Manors Apt. 039, Ramseyfurt, WA 77007",5/27/2018,Washington
4058,Marc,Perkins,Invalid Data,rmiller@johnson-mendez.biz,"23875 Samantha Radial, South Troy, NV 78453",4/7/2023,Nevada
4059,Shawn,Griffin,(935) 011-5028 ext 1092,ubenjamin@chavez-moody.info,"40744 Michele Cape, South Curtis, NY 94365",12/22/2015,New York
4060,Kimberly,Ware,(503) 087-6106 ext 8164,ptapia@yahoo.com,"638 Justin Tunnel, Stevefort, OR 06516",8/16/2015,Oregon
4061,Logan,Smith,(188) 860-1959,glennrenee@yahoo.com,"6022 Kevin Harbor Suite 905, New Audrey, CT 24422",9/30/2019,Connecticut
4062,Janet,Gray,(347) 682-9421,tammycarr@cole.com,"498 Heather Knoll, New Anthonyland, MN 18026",6/29/2020,Minnesota
4063,Aaron,Boyer,(688) 960-7778,tammyjuarez@tapia.com,"3693 Randall Pike, Teresatown, WY 09056",11/24/2023,Wyoming
4064,Victor,Miller,(420) 977-8721,xvalenzuela@gmail.com,"2483 Carl Forks, East Matthew, RI 34144",4/12/2022,Rhode Island
4065,Sydney,Anderson,(280) 205-2278 ext 1173,johnscody@lopez-robinson.info,"670 Michele Island Apt. 713, North Shannonland, VA 19639",7/22/2024,Virginia
4066,Jason,Patrick,(179) 097-3724 ext 9471,courtney26@williams.com,"2863 Odom Cape Apt. 907, New Samuel, AZ 84970",11/13/2019,Arizona
4067,John,Adams,(660) 427-8421 ext 165,dlambert@hotmail.com,"7542 Valentine Lake, Davisberg, ND 78085",5/30/2016,North Dakota
4068,Bill,Martin,(383) 868-5790,uthompson@yahoo.com,"519 Jonathan Parkways, Lake Kimberlyfort, NY 42261",11/5/2017,New York
4069,Monica,English,(303) 757-5136,mullinsjohn@taylor.com,"337 Sierra Corners, New Michelle, ND 43482",1/18/2021,North Dakota
4070,Heidi,Robinson,(561) 923-2663,robinsondaniel@hotmail.com,"02072 Cain Points Suite 254, New Charles, SD 22293",9/20/2023,South Dakota
4071,Nicholas,Payne,(698) 641-8148 ext 346,aaronhill@yahoo.com,"5283 Mark Fork Apt. 262, New Cherylville, WV 05475",7/22/2021,West Virginia
4072,Karen,Foster,(651) 768-2982,garciaapril@guzman.com,"634 Burton Ports, Wilsonhaven, NM 26764",5/18/2018,New Mexico
4073,Jeff,Houston,(267) 810-6854 ext 38319,kcruz@woods.biz,"74879 Bailey Dale, Jodyborough, IA 79214",2/9/2018,Iowa
4074,Matthew,Turner,Invalid Data,brucegriffin@hernandez.net,"PSC 3403, Box 2178, APO AE 04132",3/15/2020,Army
4075,Todd,Anderson,(816) 797-8133 ext 0228,lozanodeborah@gmail.com,"USNS Foster, FPO AE 89100",3/22/2022,Army
4076,Steven,Porter,(789) 103-2768,keithparker@martin.com,"2943 Lee Forge Suite 484, North Edwardshire, KY 75264",5/1/2016,Kentucky
4077,Tracey,Wilkins,(407) 485-5530,whitneygray@boyd.net,"108 Meghan Highway, Thomasfurt, UT 97141",11/29/2017,Utah
4078,Amanda,Evans,(770) 614-1191,sanderson@taylor.com,"44752 Newton Overpass Apt. 384, North Ericafurt, VT 90828",12/29/2018,Vermont
4079,Janet,Rodgers,(526) 786-5032 ext 536,wconley@gmail.com,"04371 Owens Passage, East Jessica, MO 43121",5/28/2017,Missouri
4080,Robert,Miller,(874) 195-9401,jodiwest@hotmail.com,"530 Smith River Suite 168, Lake Anthony, ID 11303",5/22/2018,Idaho
4081,Randy,Johnson,(565) 532-9565 ext 041,crossadam@gmail.com,"454 Pratt Shore, Lisaview, NH 74440",4/15/2016,New Hampshire
4082,Joseph,Everett,164555670,bowmanedward@gmail.com,"333 Tyler Forks, South Melanieton, CO 32762",7/13/2017,Colorado
4083,Jacob,Harrison,(115) 547-6212 ext 6338,charlesmargaret@powell.com,"816 Jaime Pine, Monicafort, WA 09836",6/5/2018,Washington
4084,Kristie,Young,(257) 266-5472 ext 08219,robert67@rojas.net,"PSC 7191, Box 2708, APO AP 27641",1/15/2020,Army
4085,Tiffany,Watts,(340) 108-8757,monicalogan@hotmail.com,"4615 Terry Station Suite 532, New Ginaton, TX 90813",11/7/2015,Texas
4086,James,Barnes,(991) 314-5103 ext 133,kristinhuynh@gmail.com,"18672 Beasley Parkway, North Dennischester, NH 40162",6/25/2024,New Hampshire
4087,Barbara,Ross,(283) 155-9576,william39@hotmail.com,"4494 Chelsea Terrace Apt. 809, Saraborough, AR 50373",11/6/2016,Arkansas
4088,Elizabeth,Friedman,(258) 159-5734,derrickperry@gmail.com,"968 Sarah Plains, Tammyborough, ND 34155",5/22/2023,North Dakota
4089,Tyler,Green,(907) 708-9672 ext 823,njohnson@hotmail.com,"6207 Briggs Circles Suite 332, Lake Donald, MT 17472",8/16/2016,Montana
4090,Michelle,Welch,(393) 322-6808,wayne58@gmail.com,"9800 Jennifer Passage, West Thomas, IA 28489",11/24/2022,Iowa
4091,Jeremiah,Matthews,(259) 171-1013 ext 21572,kelly54@clark.net,"34734 Haley Cliff, Lake Matthew, ND 76938",8/1/2016,North Dakota
4092,Robert,Ward,(949) 666-4339 ext 55789,fbutler@hotmail.com,"3758 Julie Landing Suite 864, Rachelberg, WA 57387",2/9/2022,Washington
4093,Frank,Fitzpatrick,(392) 150-8066 ext 41719,emilymartinez@yahoo.com,"94820 Kevin Junctions Suite 839, Arnoldmouth, KY 85474",5/2/2017,Kentucky
4094,Jacqueline,Curtis,(924) 057-3649,erica91@yahoo.com,"2116 Zachary Burgs Apt. 240, East Mitchellberg, MA 72828",4/24/2021,Massachusetts
4095,Jason,Watkins,(447) 252-1616 ext 0331,murrayjeffrey@yahoo.com,"0024 Sharp Camp, Jameschester, FL 95421",1/17/2021,Florida
4096,Nicole,Webster,(897) 915-7184 ext 9182,alexander75@hotmail.com,"128 Moore Run, Smithtown, PA 71435",12/9/2020,Pennsylvania
4097,Ann,Harris,(590) 512-0468,jesse74@yahoo.com,"Unit 9364 Box 1893, DPO AE 73255",7/29/2024,Army
4098,Sarah,Bauer,(630) 307-9629,jeromealexander@bond.com,"71458 Brandon Glen Suite 738, Coxmouth, RI 64854",4/8/2019,Rhode Island
4099,Gloria,Jones,(501) 303-1156 ext 6491,burgesscody@yahoo.com,"33803 Timothy Trafficway, Edwardport, AK 97146",10/8/2017,Alaska
4100,Kimberly,Johnson,(147) 340-9168,tjennings@gmail.com,"USCGC Taylor, FPO AA 50222",3/30/2017,Army
4101,Erika,Tucker,(133) 641-5893 ext 881,wwatson@salazar-garrett.net,"7358 Matthew Station Apt. 819, Lake Jacquelinefurt, IN 90259",3/19/2018,Indiana
4102,Shelly,Mullen,(799) 789-0386 ext 55595,bowenbrian@allen-riley.com,"43573 Jones Courts, South Gailside, NV 10198",7/22/2017,Nevada
4103,Andrew,Davis,(960) 994-1916,lovekathryn@hotmail.com,"858 Sanders Forges Apt. 405, Caseyview, SD 67478",4/29/2021,South Dakota
4104,Matthew,Moran,(960) 081-6520,mcase@james.com,"278 Hughes Shoal Apt. 940, Lake Andrewton, MT 84653",7/13/2017,Montana
4105,Nathan,Hurst,(935) 849-7549 ext 49025,gibbskristin@smith.com,"8911 Tonya Locks, Barkerside, VT 20818",7/16/2021,Vermont
4106,Sandra,Alvarez,(540) 353-0468 ext 727,williamsmegan@yahoo.com,"40347 Ronald Spurs, North Michellefurt, KS 22943",6/4/2020,Kansas
4107,Debra,Mason,(551) 038-9272 ext 9725,paul36@davis.com,"85259 Cynthia Bypass Apt. 693, Brittanyfurt, IN 55668",6/28/2021,Indiana
4108,Stephanie,Colon,(141) 803-0793 ext 5565,morriskimberly@yahoo.com,"380 Lisa Forge Apt. 045, East Nicholasshire, IN 05818",10/23/2019,Indiana
4109,Nancy,Hoffman,(308) 351-1637,andrew99@gmail.com,"578 Maria Via, North Cameron, TN 08561",12/25/2023,Tennessee
4110,Jonathan,Preston,(881) 727-4483 ext 00954,iwilson@anderson-cook.com,"310 Avila Ford Suite 642, New Shannon, AZ 11970",12/8/2024,Arizona
4111,David,Fowler,(813) 219-6975 ext 0684,vpace@gmail.com,"459 Sutton Dam, Andersonbury, NY 63777",9/28/2015,New York
4112,Scott,Miles,(564) 378-2346,whitematthew@yahoo.com,"71061 Lang Green Apt. 718, Christinaborough, ID 91817",12/31/2015,Idaho
4113,Michael,Pitts,(278) 366-9678,harrismadison@yahoo.com,"455 Perez Points, Garcialand, AR 14540",8/16/2024,Arkansas
4114,Derek,Robertson,(876) 878-3966 ext 46036,hernandezchristina@hotmail.com,"88754 Lindsay Island Suite 234, North Beth, VT 11919",5/8/2024,Vermont
4115,Lisa,Evans,(059) 076-8991 ext 0340,lgrimes@gmail.com,"0509 Campbell Extensions, Lake Karen, OK 44230",9/30/2016,Oklahoma
4116,Danielle,Guzman,(083) 889-3930 ext 085,samantha46@hall-nielsen.info,"1937 Jessica Key, Elliottmouth, OR 23392",3/5/2017,Oregon
4117,Cory,White,(293) 794-6252 ext 499,andrew49@yahoo.com,"252 Bobby Terrace Apt. 256, North Shannon, NM 49751",9/23/2018,New Mexico
4118,Nicholas,Glenn,(709) 460-5984 ext 65695,shieldsyolanda@sampson.com,"94273 Ashley Fort Apt. 392, Johnstonview, UT 87095",3/1/2019,Utah
4119,Noah,Gray,(303) 188-7927 ext 6952,valentinemichael@guzman-collins.com,"663 Carrie Crossroad Apt. 342, Mckenzieton, CT 70916",11/18/2017,Connecticut
4120,Jeffrey,Parker,(567) 750-2429,ubell@hubbard.org,"818 Calvin Drive, Karenshire, KY 87404",10/7/2017,Kentucky
4121,Alex,Curry,(136) 113-1981 ext 294,kaylahodge@duffy-valdez.com,"629 Edward Spur, Whitechester, CA 80921",1/20/2019,California
4122,Matthew,Sanchez,(992) 920-1579 ext 21203,cperry@hotmail.com,"42788 Kimberly Summit Apt. 049, North Chadbury, WY 37465",12/13/2023,Wyoming
4123,Diana,Dixon,(937) 767-7818 ext 1726,lisa68@yahoo.com,"70034 Bray Dam, Hallmouth, CO 48231",10/21/2023,Colorado
4124,Andrew,Gaines,(658) 854-8580,alexandraallison@mcdaniel.com,"USNS Robertson, FPO AP 40113",12/22/2016,Army
4125,Linda,Ramos,Invalid Data,victorhopkins@turner.com,"8309 Elijah Mountains, Dyerfort, ID 74753",1/11/2021,Idaho
4126,Lindsay,Schmidt,(732) 070-7104,stevenssusan@walters-gray.com,"005 Teresa Falls, New Alyssa, MI 42763",12/5/2019,Michigan
4127,Kenneth,Gordon,(427) 801-2622 ext 60620,martinezsteven@bell.com,"6669 Hodges Lodge Suite 348, Savannahport, MN 36481",2/14/2022,Minnesota
4128,Bryan,Clark,(789) 774-8992,jenniferstokes@hotmail.com,"29464 Welch Lodge Suite 086, Amandaville, RI 18375",5/27/2024,Rhode Island
4129,James,Pierce,(677) 089-9987 ext 784,boyerdanielle@hotmail.com,"390 Fernandez Heights Suite 688, Tylerton, NC 72090",5/22/2015,North Carolina
4130,Jennifer,Simmons,(445) 704-7770,francotanner@townsend.info,"24975 Jason Burg, Port Susan, NC 73340",5/16/2015,North Carolina
4131,Kenneth,Proctor,(656) 912-3327 ext 485,rdavis@hotmail.com,"580 Tricia Locks, Taylorhaven, WV 48921",4/30/2016,West Virginia
4132,Nicholas,Santana,(327) 413-3805,sjenkins@gmail.com,"PSC 0641, Box 1253, APO AE 07106",12/12/2024,Army
4133,Joshua,Harrell,(682) 659-3335,brownmichelle@thompson.info,"37382 John Hollow Apt. 136, North Crystalstad, WI 54310",1/2/2022,Wisconsin
4134,Samantha,Dawson,(535) 314-9977 ext 12696,nicholas31@hotmail.com,"8852 Torres Mountains, Poolefort, WA 80697",11/12/2019,Washington
4135,Joshua,Howell,(863) 942-4765,jessebutler@hotmail.com,"889 Dylan Lock Suite 350, Burtonport, AR 18668",2/18/2018,Arkansas
4136,Heather,Jefferson,(206) 175-3647 ext 8295,john31@henry-smith.net,"PSC 8721, Box 1237, APO AE 72709",8/24/2022,Army
4137,Amy,Smith,(714) 878-8456,harrismary@goodman.com,"149 Mary Village, South Kimberly, RI 94388",9/13/2016,Rhode Island
4138,Joan,Morgan,(640) 435-7219 ext 1790,clara@hotmail.com,"00626 Howell Valleys Suite 284, New Markfurt, MT 00571",8/9/2016,Montana
4139,Benjamin,Morgan,(610) 191-5146 ext 7019,cobbkimberly@morris.com,"USS Huffman, FPO AE 71883",7/15/2020,Army
4140,Randy,Peters,(040) 962-7583 ext 687,santiagolaura@gmail.com,"41272 Jones Mission Apt. 778, Justinport, MD 20468",7/12/2015,Maryland
4141,Paul,Edwards,(212) 925-8266,bruceray@olsen.com,"055 Hall Ford Suite 208, Davidberg, NE 43913",7/26/2016,Nebraska
4142,Adam,King,(769) 997-6944 ext 621,steve53@diaz.com,"882 Lee Hill, North David, GA 82806",7/9/2022,Georgia
4143,David,Benson,(282) 004-0401 ext 8511,kellycantu@stewart-walters.com,"51303 Thomas Mall, Wrightside, NE 13818",12/6/2016,Nebraska
4144,April,White,(101) 346-8599,emartinez@carter.org,"107 Todd Brooks, Andersonbury, CT 40333",1/21/2016,Connecticut
4145,Dennis,Alvarez,(800) 633-0586,jacksonnichole@gmail.com,"77895 John Vista, Lake Timothychester, CA 19298",5/7/2024,California
4146,Edward,Jones,(456) 863-1072 ext 77631,zavalalinda@parsons.com,"586 Jones Hill, Emilychester, NC 94786",9/19/2024,North Carolina
4147,Paul,Hoffman,(767) 115-6164,alyssacastro@hotmail.com,"5933 Timothy Square, Meganview, WI 70015",3/2/2021,Wisconsin
4148,William,Walters,(894) 900-5160,john11@zamora.com,"USNS Reed, FPO AE 03351",8/25/2018,Army
4149,Gabrielle,Rodriguez,(830) 981-3093 ext 029,gibsontimothy@gmail.com,"13138 Chad Loaf, Coopermouth, NV 52019",10/22/2017,Nevada
4150,Crystal,Jones,(937) 312-2110 ext 66019,coxsusan@perez.com,"06622 Powers Garden Apt. 648, North John, WI 19387",12/26/2023,Wisconsin
4151,Jaclyn,Wilson,(102) 667-5638,osbornamanda@weber.com,"2218 Jackson Road Apt. 291, Michaelmouth, VT 58574",1/30/2016,Vermont
4152,Veronica,Lin,(012) 382-0081 ext 86074,william95@beltran-hale.com,"0425 Ramirez Stravenue Apt. 734, Lake Sarah, OK 55045",1/10/2022,Oklahoma
4153,Randy,Howard,(317) 461-1932 ext 4985,jasminetaylor@yahoo.com,"034 Garcia Neck Suite 098, Catherineport, NE 64661",4/7/2020,Nebraska
4154,Samantha,Curtis,(688) 301-7701 ext 05794,michelle92@yahoo.com,"26787 Banks Gateway, West Michelle, DE 44958",2/4/2019,Delaware
4155,Mark,Davis,(710) 237-7756,dennis07@hotmail.com,"4171 Randall Alley, Copelandmouth, MD 05573",2/17/2022,Maryland
4156,Melissa,Jones,(294) 690-0898,jason18@myers.com,"963 Diana Square Apt. 948, Johnmouth, MO 49921",5/29/2017,Missouri
4157,Anna,Summers,Invalid Data,williamsjoshua@long-flynn.com,"6457 Carmen Mountains, Brianmouth, SD 33352",5/11/2018,South Dakota
4158,Jessica,Perez,(465) 735-3576,tammyduran@yahoo.com,"24576 Lisa Ridges, East Tiffanyville, KS 60057",1/27/2019,Kansas
4159,Jason,Ramos,(671) 886-4595 ext 8028,lorraine07@hotmail.com,"47900 Robin Meadows, Anthonyton, CO 23663",12/27/2023,Colorado
4160,Carol,Richardson,(231) 565-0408,halljohn@burton.org,"890 Adam Field, Port Sarafurt, RI 64590",12/22/2023,Rhode Island
4161,Jeffrey,Best,(949) 187-4346 ext 132,xortiz@yahoo.com,"48329 Clarence Terrace, East Brandy, FL 79393",5/8/2016,Florida
4162,Daniel,Hernandez,(636) 853-0581 ext 84183,dana08@hotmail.com,"334 Bowers Summit, North Andrew, WY 33782",8/10/2020,Wyoming
4163,James,Myers,(803) 936-4385 ext 2837,carolynalvarez@hubbard.com,"17204 Christopher Fort, West Cindyfurt, VA 91837",3/11/2025,Virginia
4164,Keith,Johnson,(773) 753-7787 ext 14371,melissa60@marshall.com,"8113 Barnett Place Suite 670, Melissafurt, MA 38067",7/4/2017,Massachusetts
4165,Kelly,Garcia,(532) 327-4735,richardcarpenter@wells-ayala.com,"233 Miller Wall, Lake Pamelaburgh, SC 70528",11/29/2016,South Carolina
4166,James,Johnson,(101) 890-1105 ext 6428,jeffrey15@gmail.com,"9352 Howard Alley, New Chase, IA 72888",2/6/2022,Iowa
4167,Deborah,Vargas,(517) 425-4290 ext 187,lisacarter@hotmail.com,"2274 Sara Plaza, Jonathanshire, NH 57218",11/6/2021,New Hampshire
4168,Craig,Roberts,(644) 870-7950,julie46@cummings.com,"342 Jacqueline Spurs Apt. 285, Richardfort, MD 45778",10/26/2024,Maryland
4169,John,Hodges,(106) 655-1621,belllawrence@montes.com,"8527 Donna Roads, West Diana, KY 60683",9/8/2016,Kentucky
4170,Melanie,Smith,(582) 762-6165 ext 4100,cobbshelby@gmail.com,"376 Barbara Valleys Apt. 413, West Mary, WV 91858",7/6/2017,West Virginia
4171,Matthew,Day,(537) 873-6563,bdonovan@page.net,"779 Charles Common, New Julieside, AL 53137",12/14/2017,Alabama
4172,Alexandra,Anderson,(429) 217-2043 ext 124,jtorres@gmail.com,"6746 Williams Falls, North Jennifer, MN 25766",11/22/2015,Minnesota
4173,David,Bryan,(469) 685-1655,davidweiss@long.com,"53141 Sarah Corner, Port Reginaldville, AR 80547",1/30/2019,Arkansas
4174,Shawn,Charles,(864) 340-0714 ext 712,tonya62@young.info,"32077 Kevin Plaza Suite 524, Lauriefurt, AK 80337",4/1/2018,Alaska
4175,Thomas,Jenkins,(518) 009-2788 ext 97166,laurie03@adams.info,"348 Kyle Mews Apt. 928, Luketon, IN 36589",3/23/2018,Indiana
4176,Christina,Buck,(943) 491-9763,brandy72@carroll.info,"351 Sharon Turnpike, East Richardmouth, KS 13001",10/16/2019,Kansas
4177,Candice,Wilson,(951) 240-4359 ext 932,wucaitlin@hotmail.com,"05125 Michael Circles Suite 712, East Amandaside, DC 38611",4/30/2025,District of Columbia
4178,Debra,Orr,(416) 326-3034 ext 88961,brittanywall@stevens-oneal.com,"56651 James Turnpike Suite 839, Patriciafurt, WA 98158",3/1/2019,Washington
4179,Anthony,Lynch,(134) 701-1874,smithbruce@jones.biz,"17614 Amber View, Theresaburgh, IN 89811",8/18/2018,Indiana
4180,Michael,Miller,(565) 946-1898 ext 04186,ianderson@gmail.com,"0194 Fernandez View, Nicholsonberg, RI 21951",6/12/2018,Rhode Island
4181,Micheal,Boone,(809) 093-4118 ext 36695,zacharyburgess@torres.com,"USS White, FPO AA 07303",7/18/2023,Army
4182,Christopher,Shaffer,(072) 831-8075,amy92@fernandez.com,"87106 Scott Street, New Mackenzie, KY 17317",11/20/2017,Kentucky
4183,Melissa,Jackson,(531) 473-9939,luis26@lopez.com,"648 Garner Forge Suite 892, Hoodside, CT 62301",6/3/2022,Connecticut
4184,Shawn,Brown,(675) 920-5315 ext 39048,brianna88@hotmail.com,"65749 Thomas Valley, Joneshaven, LA 87861",8/10/2021,Louisiana
4185,Michael,Rodriguez,(408) 486-4068,hillerica@kelly.com,"831 Ali Motorway Suite 374, Cynthiaside, SC 33217",1/9/2020,South Carolina
4186,Robert,Green,(388) 192-9133 ext 0996,johnmoreno@martinez-moore.com,"340 John Hill, North Matthewville, AL 33641",10/1/2019,Alabama
4187,Ryan,Mooney,(404) 688-9222 ext 8502,thompsongary@yahoo.com,"8409 Castillo Gateway, Patrickborough, CT 60420",12/28/2015,Connecticut
4188,John,Nunez,(742) 987-2886,rossmichael@soto.net,"49012 Baker Cape Suite 085, Grantport, NH 22971",4/19/2016,New Hampshire
4189,James,Crawford,(080) 437-4488 ext 3030,asmith@matthews.biz,"977 Lori Canyon Apt. 296, Nicholasberg, GA 34353",7/30/2022,Georgia
4190,Tyler,Ward,(735) 291-7894,qkidd@snow.com,"7093 Amy Corners, Fosterberg, MS 32598",1/18/2018,Mississippi
4191,Christopher,Johnston,(306) 931-3320 ext 917,stephaniebernard@gmail.com,"PSC 3655, Box 4630, APO AA 43637",12/22/2020,Army
4192,James,Phillips,(044) 132-4467 ext 0879,robert17@gonzalez.com,"00174 Krystal Ridge Apt. 019, Aimeefurt, TN 98303",2/19/2019,Tennessee
4193,Lisa,Lamb,(764) 807-8369,robinreed@lindsey.com,"538 Jones Port, West Heather, OH 18809",1/1/2025,Ohio
4194,Jeffrey,Mosley,(970) 370-7592 ext 58583,williamsonpenny@hotmail.com,"225 Garcia Plain Suite 884, Cruztown, NM 67164",5/18/2021,New Mexico
4195,Katelyn,Lewis,(305) 224-5918 ext 306,ohorton@yahoo.com,"720 Randy Prairie, Port Suzanne, SC 22456",4/17/2020,South Carolina
4196,Bruce,Martinez,(458) 253-2978 ext 90368,drichardson@hotmail.com,"1096 Hawkins Plaza Suite 724, East Andreaton, VT 83322",5/31/2018,Vermont
4197,Rachael,Aguilar,(489) 744-2217 ext 899,uwhite@gmail.com,"130 Smith Alley, Cruzport, AL 97620",4/10/2019,Alabama
4198,Frank,Williams,(584) 884-1084 ext 19834,luiskim@simmons-palmer.net,"42135 Hunter Ranch Suite 733, Hansonburgh, VA 76868",9/6/2017,Virginia
4199,Kevin,Hill,(702) 640-1950 ext 340,marshalldiane@chapman-ford.com,"20899 Boone Station Apt. 579, Yatesstad, MO 66112",2/17/2025,Missouri
4200,Casey,Adams,(630) 765-2461 ext 48151,bhawkins@hotmail.com,"PSC 9109, Box 3680, APO AP 57177",7/30/2015,Army
4201,Joseph,Bates,(234) 581-6152 ext 531,adamknapp@hotmail.com,"571 Eric Village Apt. 359, East Tina, WA 37603",9/11/2018,Washington
4202,Melissa,Wagner,Invalid Data,iklein@vaughn.com,"25967 Hardy Ridge Suite 865, Fitzgeraldmouth, NV 83123",12/7/2023,Nevada
4203,Emily,Miller,(215) 753-9496 ext 084,sharon24@yahoo.com,"19606 Autumn Harbor, Lewisberg, ND 21392",12/11/2015,North Dakota
4204,Taylor,Montgomery,(319) 796-2580 ext 23816,ilove@chavez-farmer.com,"3330 Holland Junction Apt. 541, New Nicoleport, MN 98968",1/10/2019,Minnesota
4205,Robert,Meyers,(794) 871-6017,christinaburnett@davis.com,"PSC 9438, Box 6214, APO AP 91494",10/22/2019,Army
4206,Jennifer,Wright,(760) 419-1081 ext 6808,ashleycontreras@wilson.com,"3430 Donald Lodge Apt. 353, New Brenda, TX 78414",4/5/2021,Texas
4207,Lindsey,Dennis,Invalid Data,elizabeth63@hotmail.com,"5810 David Prairie Apt. 708, Austinland, OR 68364",8/11/2017,Oregon
4208,Anita,Sullivan,Invalid Data,keith75@hotmail.com,"14353 Kirsten Mount Apt. 901, West Joseph, VA 91700",10/28/2018,Virginia
4209,William,Nichols,(597) 679-9879,millermary@hotmail.com,"50116 Patton Track, Lake Andrewtown, ID 72698",7/18/2018,Idaho
4210,Beverly,Lee,(704) 336-8023,ryanramirez@yahoo.com,"663 Perez Islands Suite 788, Lake Scottview, TN 61810",8/11/2015,Tennessee
4211,Diane,Brown,(579) 566-6756 ext 83807,alexis63@hotmail.com,"60324 Jessica Ranch Suite 683, Riverachester, SD 63413",3/11/2019,South Dakota
4212,Susan,Barnett,(161) 227-5947,esanchez@yahoo.com,"23021 Roberts Brook Suite 949, Roberthaven, TX 29170",1/1/2018,Texas
4213,Dakota,Lawson,(473) 658-7400 ext 486,feliciacervantes@hartman.com,"Unit 4393 Box 0121, DPO AE 16126",9/21/2019,Army
4214,Daniel,Robinson,(333) 141-9234 ext 869,brockzachary@mcknight.com,"20384 Sarah Plaza Suite 215, Lake Robert, NE 90237",4/10/2023,Nebraska
4215,Joshua,Thomas,(392) 704-3006,lewiskathleen@gmail.com,"PSC 9078, Box 8205, APO AA 12567",10/17/2018,Army
4216,Erin,Mata,(106) 752-9781 ext 41187,idavis@yahoo.com,"730 Ortega Route, Barkerton, MI 66685",12/12/2023,Michigan
4217,Ashley,Sherman,(647) 164-6693 ext 20540,greenalicia@yahoo.com,"953 Moyer Key, Lake Anitaberg, ID 60790",12/7/2018,Idaho
4218,Katherine,Townsend,(880) 608-1195 ext 922,jonathanrobinson@gmail.com,"93458 Mcguire Road, New Mariamouth, NE 12954",8/14/2016,Nebraska
4219,Tina,Ellison,(493) 004-1643 ext 2109,rosalesedward@adams.com,"USNV Crawford, FPO AA 00699",8/8/2023,Army
4220,David,Townsend,Invalid Data,pauldominguez@gmail.com,"5541 Harrison Roads Suite 973, Port Andrew, RI 65299",2/18/2022,Rhode Island
4221,Brittany,Rose,(438) 203-7432,stanleysamantha@mcbride-houston.info,"730 Lisa Cove Apt. 497, South Ashleyhaven, CT 34223",4/21/2024,Connecticut
4222,Perry,Carroll,(049) 717-3172 ext 92442,turnerrobert@lynn.info,"609 Kimberly Pines Suite 253, Angelaberg, AL 90156",5/5/2016,Alabama
4223,Kenneth,Rodgers,(125) 502-6164,annamarquez@yahoo.com,"093 Juarez Tunnel Suite 424, West Jennifertown, IN 24881",1/14/2022,Indiana
4224,Katherine,Vasquez,(486) 403-0385 ext 9413,vcontreras@hotmail.com,"75319 Brewer Summit, Port Jerry, OK 20591",2/24/2018,Oklahoma
4225,Jon,Foley,(651) 164-4722 ext 44466,qrogers@mathews.com,"435 Matthew Lodge Suite 877, East Emilyport, CA 88532",10/15/2015,California
4226,David,York,(029) 505-1331 ext 111,leeholly@gmail.com,"874 Conner Heights Suite 158, Whitemouth, OH 62056",7/12/2019,Ohio
4227,Chad,Parks,(984) 765-3267 ext 8911,hjohnson@khan-howe.com,"USS Hebert, FPO AE 74640",6/27/2022,Army
4228,Linda,Strickland,(624) 134-4736 ext 2841,lauraharris@hotmail.com,"0371 Jones Well Apt. 546, North Brandonmouth, GA 64783",2/2/2022,Georgia
4229,Ashley,Stone,(912) 277-5879 ext 4820,mmorales@craig-harris.com,"101 Lauren Green Suite 339, New Mary, NY 61746",3/18/2024,New York
4230,Matthew,Lin,(241) 304-4290 ext 0595,gutierrezvictoria@burke.com,"65614 Amanda Cove Apt. 698, West Richardtown, MA 13902",9/27/2019,Massachusetts
4231,Monica,Greene,(823) 232-5729 ext 3287,grossjames@white-barker.com,"7029 Carson Camp Suite 876, Port Amyshire, ID 37384",1/8/2020,Idaho
4232,Tina,Chavez,(142) 463-2507 ext 006,sheringuyen@randall-white.biz,"Unit 6689 Box 5662, DPO AA 41659",1/14/2019,Army
4233,Timothy,Reed,(244) 879-8959 ext 5355,michelle59@gmail.com,"Unit 2034 Box 0057, DPO AA 37910",2/3/2025,Army
4234,Jessica,Thomas,(050) 708-5672,jthornton@hotmail.com,"1854 Lindsey Cape Suite 403, Bradytown, AK 23366",3/10/2017,Alaska
4235,James,Cardenas,(274) 115-6814 ext 10975,snyderapril@turner.com,"1619 Ashley Canyon, Carltown, AK 95652",8/27/2022,Alaska
4236,Cynthia,Walters,(726) 496-5000,pclark@lewis.biz,"3180 Andre Mill Apt. 585, Port Deniseville, MN 18423",4/29/2023,Minnesota
4237,Pamela,Brown,(533) 034-0622 ext 3843,ashley10@torres-burton.com,"87248 Johnson Mill, Jameston, MD 61126",12/31/2020,Maryland
4238,Samantha,Sutton,(968) 762-8497 ext 36916,jerrysantos@ramirez.biz,"1688 Reyes Inlet Apt. 035, Lambborough, UT 12214",12/28/2024,Utah
4239,Benjamin,Black,(489) 749-8114 ext 201,stephensullivan@gmail.com,"77713 Bobby Springs Suite 073, Briannamouth, FL 47760",1/14/2022,Florida
4240,Matthew,Shields,(331) 058-7361 ext 491,wvillegas@palmer.com,"8762 Jessica Station, Andersonmouth, WY 31265",10/1/2021,Wyoming
4241,Stephanie,Young,(505) 929-5125 ext 0538,taylorbrittany@fisher.com,"3528 Brady Trail, East Samanthaburgh, OK 70087",6/29/2015,Oklahoma
4242,Phillip,Jones,Invalid Data,jillianwalker@king.com,"652 Kenneth Roads Apt. 940, Crystalview, SC 25782",11/16/2017,South Carolina
4243,Tonya,Davis,Invalid Data,nramos@willis-pace.com,"5902 Moses Harbor, Joannport, OH 96505",2/12/2023,Ohio
4244,David,Francis,(647) 681-8164,jonathan02@waters.com,"900 Jason Turnpike Suite 030, Shawburgh, NV 80721",2/19/2020,Nevada
4245,Todd,Vaughan,(128) 075-4944 ext 85252,slee@campbell.com,"734 Gutierrez Turnpike Suite 963, Chaveztown, WV 71236",6/8/2020,West Virginia
4246,Samuel,Williams,(519) 301-9402,codypeters@gmail.com,"393 Michael Trace, North Rachelland, PA 69238",6/3/2015,Pennsylvania
4247,Emma,Tucker,(043) 055-7421 ext 68441,khughes@taylor.info,"559 Torres Junctions, Port Trevorchester, FL 24066",1/27/2022,Florida
4248,Allison,Shaw,(541) 809-6311 ext 772,qmoore@hotmail.com,"8646 Angela Locks, Port Jack, SD 58651",5/14/2018,South Dakota
4249,Gerald,Campbell,(655) 830-7599 ext 27283,douglashall@keith.com,"72952 Navarro Point Suite 125, Bethbury, NE 88408",3/25/2017,Nebraska
4250,Christina,Obrien,(661) 076-2318 ext 040,shelby77@wilson.com,"095 Valdez Forge Apt. 775, Brooksfurt, CT 44595",1/8/2023,Connecticut
4251,Jonathan,George,(761) 405-4882 ext 62926,ashleysmith@hotmail.com,"Unit 2675 Box 0517, DPO AP 32014",9/8/2023,Army
4252,Christian,Charles,(193) 293-8765 ext 322,gbennett@gmail.com,"PSC 5201, Box 9307, APO AP 60723",3/21/2025,Army
4253,Richard,Simpson,(258) 967-7310 ext 27452,xpowers@yahoo.com,"27446 Scott Rue Suite 407, East Deborahshire, NY 25923",5/3/2017,New York
4254,Bryan,Carrillo,(071) 799-6489,zachary16@chavez.info,"09940 Christine Lakes Apt. 673, New Daniel, RI 31520",3/22/2020,Rhode Island
4255,Stephen,Ward,(368) 198-2319 ext 9663,qwalker@horton.com,"Unit 4879 Box 2428, DPO AA 90744",11/27/2021,Army
4256,Brian,Walters,(278) 613-5079 ext 324,westbrian@carpenter-lopez.biz,"1718 Christina Key, Macdonaldmouth, MI 14794",2/6/2016,Michigan
4257,Diana,Miller,(422) 697-6728 ext 8057,amber68@gmail.com,"315 Booth Village, Meganmouth, VA 90398",5/29/2021,Virginia
4258,Becky,Curtis,(570) 822-3017 ext 661,aschroeder@yahoo.com,"111 Tony Cliff Suite 900, Lisabury, MI 31941",8/13/2023,Michigan
4259,Benjamin,Meza,(195) 423-9130 ext 63844,courtney38@yahoo.com,"3316 Heather Run, Harrisfort, PA 79546",4/9/2023,Pennsylvania
4260,Laura,Ross,(899) 098-1315,michellemiller@hotmail.com,"5563 Joseph Squares, Montgomerymouth, WY 50033",3/20/2021,Wyoming
4261,Anthony,Edwards,(660) 196-2050,michellestone@rodriguez.com,"32221 Clark Plaza, Port Kelly, GA 15093",8/29/2024,Georgia
4262,Jacqueline,Cox,(740) 147-4312,jody73@gmail.com,"43487 Jenkins Mountains Suite 392, Mercadoview, ND 21346",1/13/2021,North Dakota
4263,Danny,White,(273) 357-2567,devon73@walsh-jimenez.com,"PSC 0068, Box 2164, APO AA 64319",3/8/2019,Army
4264,William,Huerta,(354) 924-3875 ext 69232,kmorgan@yahoo.com,"624 Jacob Spur, Andrechester, VA 37442",8/4/2021,Virginia
4265,William,Freeman,(325) 038-7545,shull@young-gray.com,"316 Harrington Fall Apt. 470, South Christine, SD 49850",12/25/2018,South Dakota
4266,Monica,Edwards,(082) 624-7867 ext 2286,glennkevin@mcconnell-williams.com,"093 Sims Highway Apt. 248, Mistyton, MN 45399",4/20/2019,Minnesota
4267,Christie,Edwards,(722) 193-6567,smithangela@yahoo.com,"94866 Garrett Extension Apt. 012, West Alanmouth, OK 37652",12/4/2016,Oklahoma
4268,Christopher,Diaz,(689) 633-5001 ext 9284,timothypatel@collins.com,"828 Kristen Oval Apt. 980, New Aaronview, KY 50873",3/8/2019,Kentucky
4269,Robert,Curtis,(013) 756-5797,hutchinsondaniel@wilson.org,"6612 Bradley Mount, South Jacobberg, OK 60346",8/11/2019,Oklahoma
4270,Kathleen,Wyatt,(615) 888-0542,dominguezbrian@simon-mcguire.com,"8745 Luna Knoll, Alexandriafort, TX 63562",11/23/2023,Texas
4271,Walter,Harrell,(586) 134-7973,dsims@yahoo.com,"3865 Kelsey Expressway, West Gregory, WI 42847",5/5/2021,Wisconsin
4272,Kyle,Harris,(640) 562-1832 ext 22715,martinezmichael@lopez.org,"090 Joshua Cove Suite 569, Mcdonaldshire, OR 58824",9/10/2016,Oregon
4273,Chad,Mckay,(978) 263-5196 ext 7250,sanchezpamela@buchanan.net,"1557 Short Haven Apt. 067, Wongport, ID 67406",1/3/2017,Idaho
4274,Dawn,Villegas,(062) 835-0872,vaguilar@gmail.com,"0430 Hudson Shore Apt. 089, Smithland, OR 11693",12/16/2015,Oregon
4275,Gary,Stewart,(585) 262-0661 ext 62828,harrisonbryan@pratt-kirk.org,"USS Edwards, FPO AA 64558",2/25/2017,Army
4276,William,Hines,(846) 576-3525 ext 00981,fpeterson@mann.com,"Unit 7534 Box 9646, DPO AA 79554",10/17/2019,Army
4277,Jasmine,Perez,(341) 696-2249 ext 695,julierios@mcfarland-clements.com,"7236 Clark Loaf, Hudsonchester, OH 01070",10/7/2017,Ohio
4278,Marc,Turner,(708) 790-1958 ext 674,janetlambert@hotmail.com,"Unit 7371 Box 4401, DPO AE 11218",11/3/2020,Army
4279,Kyle,Berry,(707) 481-3560 ext 974,gregory94@gmail.com,"USS Bauer, FPO AP 42755",12/26/2016,Army
4280,Kevin,Strickland,(207) 030-9113,ashleyparsons@gmail.com,"4900 Case Via, Port Aaron, FL 36757",4/27/2018,Florida
4281,Robert,Larson,(397) 047-8397,rebecca53@gmail.com,"811 Jeffrey Well Apt. 933, Lake Jason, OH 01662",1/11/2021,Ohio
4282,John,Perez,(091) 554-1429 ext 587,perezmisty@king-schwartz.com,"8666 Sylvia Gateway Suite 188, Sextonfurt, NY 85675",7/21/2018,New York
4283,Angela,Scott,(170) 392-0228,timothypadilla@lawson-glenn.biz,"90750 Johnathan Ville Suite 380, Rosefurt, PA 39305",5/1/2020,Pennsylvania
4284,Diane,Harper,(928) 391-5992,wolson@fritz.com,"441 Hogan Harbors, East Lisafurt, GA 12550",1/7/2019,Georgia
4285,David,Burnett,Invalid Data,manningannette@wright.org,"58972 Allison Village, Olivermouth, DE 16716",9/8/2023,Delaware
4286,Evan,Cooper,(313) 556-5781,jonesbrandon@armstrong.org,"8023 Smith Ports Apt. 854, South Jamie, IA 15985",3/9/2024,Iowa
4287,Joyce,Livingston,(857) 672-0017,palmermichael@yahoo.com,"1115 Sparks Garden, Hardinshire, MT 11164",4/4/2016,Montana
4288,Patricia,Graham,Invalid Data,lvargas@lam.biz,"118 Robert Heights Suite 210, South Erinport, NH 34191",2/7/2023,New Hampshire
4289,Scott,Cervantes,(380) 395-2770 ext 261,thompsonjonathan@meyer.info,"614 Kyle Common Apt. 735, Michaelton, KS 75319",4/4/2022,Kansas
4290,Michael,James,(831) 428-4854,meghan68@hanson.com,"USS Lynch, FPO AA 66964",8/24/2022,Army
4291,Megan,Wallace,(927) 396-6056,fturner@smith-howe.net,"512 Nancy Haven, North Daniel, AZ 23921",11/1/2022,Arizona
4292,Julian,Johnson,(511) 256-7550,kevin68@hotmail.com,"902 Michael Forest, North Heather, WV 30006",10/22/2017,West Virginia
4293,Jessica,Webb,(825) 915-3148 ext 84595,brettgarcia@johnson.org,"524 Anthony Canyon, Rebekahbury, LA 92027",8/25/2024,Louisiana
4294,William,Ward,(127) 703-7644 ext 4782,michael55@yahoo.com,"962 Jesse Square, Mcclainton, MT 13977",7/19/2018,Montana
4295,Maria,Morris,(815) 601-3546 ext 6333,uwilcox@powers.com,"Unit 4624 Box 0449, DPO AA 76917",4/10/2021,Army
4296,Mary,Pitts,(305) 458-6521,brenda32@yahoo.com,"006 Jose Union, Jasonside, WY 93535",3/16/2020,Wyoming
4297,Wendy,Aguilar,(591) 420-4910 ext 6859,nancy22@burgess.com,"1001 James Prairie, East Leonmouth, IL 06308",7/15/2022,Illinois
4298,Sarah,Garcia,(753) 118-3719 ext 79010,maldonadomonica@hotmail.com,"7934 Richard Village, East Phyllis, CA 76966",11/16/2016,California
4299,Cheryl,Harper,(330) 792-7612,tracy58@hotmail.com,"306 Bobby Port, Gabrielaborough, CT 86522",3/18/2021,Connecticut
4300,Amber,Smith,(481) 638-5216 ext 2552,buckjonathan@yahoo.com,"51404 Edward Oval Suite 206, East Sherry, NH 59562",3/2/2021,New Hampshire
4301,Jacqueline,Frey,(646) 942-1974 ext 0935,amanda28@mack-herrera.org,"39424 Wright Forge, Bookerchester, DC 19972",3/13/2023,District of Columbia
4302,Kenneth,Gregory,(138) 619-1937,fhernandez@cannon-edwards.org,"27159 Chen Lodge Apt. 373, East Lydiaview, UT 12837",6/23/2017,Utah
4303,Melissa,Schneider,(232) 066-0851 ext 9588,hmyers@wilson-smith.com,"58306 Anna Cove Suite 311, Christensenfort, SC 27923",3/5/2025,South Carolina
4304,Stephanie,Chandler,(844) 697-3944,pjensen@gmail.com,"589 Gonzalez Mission, Riceshire, MI 50258",6/9/2016,Michigan
4305,Kelli,Gallagher,(773) 503-7960 ext 44909,sanchezdouglas@evans.info,"65028 Brooke Spurs, West Michaelberg, NJ 19063",7/12/2023,New Jersey
4306,Jessica,Berry,(640) 687-5522 ext 205,vaughandenise@dunn.com,"774 Shane Rue, South Adamberg, ID 87450",11/28/2017,Idaho
4307,Ian,Martin,(441) 507-1511 ext 8031,dennis12@taylor-lucas.com,"6357 Reid Fords Suite 286, East Alexander, GA 84650",11/6/2020,Georgia
4308,Whitney,Moss,(774) 970-4734 ext 347,caitlyngonzales@hotmail.com,"915 Debra Rapids Apt. 923, North Lisaton, NV 12761",5/8/2019,Nevada
4309,Ashley,Hutchinson,(290) 674-5457,carlosperkins@yahoo.com,"312 Perez Circles, East Shannonmouth, AR 39312",10/11/2019,Arkansas
4310,Juan,Clark,(574) 621-8345 ext 0563,richard70@torres.com,"4584 Ramirez Burgs, Fischerhaven, DE 32144",7/24/2016,Delaware
4311,Deborah,White,Invalid Data,franklinedward@tran-watson.biz,"353 Lance Summit, Port Brandon, VA 29805",3/27/2024,Virginia
4312,Alexandra,Thompson,(819) 230-6848 ext 18155,heather66@tran.com,"255 Reginald Cliffs, New Ashley, OH 17404",6/20/2019,Ohio
4313,Joy,Wallace,(925) 090-8502 ext 95246,kristingallagher@yahoo.com,"2088 Ramirez Well, Edwardbury, OH 36706",11/15/2019,Ohio
4314,Scott,Moore,(728) 296-8723 ext 749,paul90@morales.biz,"54050 Rice Corners, East Michael, IL 71928",8/13/2018,Illinois
4315,Martha,Robbins,Invalid Data,michelle79@edwards.com,"2515 Snow Shores Apt. 220, Jessicaton, MN 88259",8/19/2015,Minnesota
4316,Robert,Wright,(018) 052-0837 ext 8176,jasmineosborn@gmail.com,"9914 Daniel Trail Apt. 882, Youngport, WV 97515",9/6/2023,West Virginia
4317,Sara,Peters,(495) 587-7953,elizabeth23@gmail.com,"69813 Brown Ports Apt. 201, Ochoaport, NY 71332",9/23/2016,New York
4318,William,Vasquez,(024) 140-5165,fjennings@oconnor.com,"608 Schneider Isle, North Joseshire, AZ 68219",4/2/2017,Arizona
4319,Becky,Young,(611) 959-3593,barnescindy@yahoo.com,"1218 Mcintosh Square Suite 596, Loriside, NJ 58996",11/17/2015,New Jersey
4320,Erin,Walton,(334) 588-6540 ext 3700,yramsey@price.com,"2093 Zachary Court Suite 390, East Lori, PA 37114",3/19/2016,Pennsylvania
4321,Amy,Simpson,(645) 455-0459 ext 197,kimberly78@welch-stanley.net,"1532 Vega Common, South Brittanytown, DE 28190",1/9/2021,Delaware
4322,Daniel,Miles,(839) 140-9969,rebecca08@abbott-potts.com,"486 George Greens Suite 740, New Leah, MN 94880",7/15/2022,Minnesota
4323,Jose,Prince,(391) 599-7084 ext 7921,howardfoster@hawkins-taylor.org,"50180 Jason Harbor, Leefurt, PA 21765",5/17/2017,Pennsylvania
4324,Robert,Simmons,(820) 437-1663 ext 05470,andrewthomas@gmail.com,"073 Michael Glens, North Cynthiaport, AK 49988",5/9/2019,Alaska
4325,Gregory,Aguilar,(852) 113-8230,moralesclinton@hotmail.com,"533 Padilla Port, Lake Daniel, WV 26880",1/27/2024,West Virginia
4326,William,Williams,(414) 300-0648,hendersonjustin@gmail.com,"72220 Nicholas Mission Apt. 532, Lake Renee, DE 77845",2/25/2025,Delaware
4327,Aaron,Torres,(654) 396-8763 ext 5889,bacevedo@watson.com,"3391 Gill Mill Suite 201, Francisland, NJ 00715",11/24/2017,New Jersey
4328,Marie,Edwards,(621) 112-9578 ext 639,bowersjoseph@smith.info,"208 Roberts Prairie, North Christian, ID 57656",6/16/2018,Idaho
4329,Susan,Ayala,(168) 004-1018 ext 06823,washingtontony@ramirez-whitehead.com,"7359 Justin Fords, North Donald, IA 70134",8/1/2019,Iowa
4330,Penny,Schaefer,(504) 234-6804,ashleybrown@wagner.com,"412 Jaime Garden, South Robin, ND 49241",10/18/2024,North Dakota
4331,Katherine,Gross,(064) 459-9786 ext 5104,owhite@hotmail.com,"977 Robinson Ville, Heatherborough, MA 58369",3/13/2025,Massachusetts
4332,Susan,Kelly,(409) 248-8896 ext 64035,greennoah@benton.com,"9969 Mary Wells, Lake Danahaven, HI 85825",11/26/2017,Hawaii
4333,April,Dickerson,(979) 890-0062,wbeasley@gmail.com,"USS Campbell, FPO AE 13537",2/9/2016,Army
4334,Luis,Dunn,(220) 858-8754 ext 5229,ismith@yahoo.com,"227 Kirsten Corners, Harrisontown, GA 06072",10/17/2015,Georgia
4335,Benjamin,Green,(593) 760-2347,jacksonlaura@hotmail.com,"48912 Brittany Parks, South Jenniferview, AL 29722",11/25/2020,Alabama
4336,Omar,Kramer,(568) 227-3373,trevinothomas@hotmail.com,"Unit 3567 Box 9852, DPO AP 64344",7/28/2020,Army
4337,Matthew,Hunter,(259) 230-1267 ext 2189,amystafford@thompson-odom.com,"9703 Long Radial, West Williamview, NV 64630",4/21/2020,Nevada
4338,Andrew,Ortega,(272) 070-0743,matthew59@gmail.com,"024 April Pike Apt. 717, Andersonfurt, IN 24144",11/3/2020,Indiana
4339,John,Thompson,(030) 024-5468,martinrachel@copeland.biz,"1220 Daniel Square, Davidtown, TX 65707",3/21/2023,Texas
4340,Sarah,Brown,(164) 888-3215 ext 03094,earlmedina@hall.net,"2706 Christian Meadows, East Kevin, NE 55799",11/27/2023,Nebraska
4341,James,Gonzalez,(521) 953-3117 ext 8422,jonesrichard@navarro.com,"412 Michael Extension Apt. 796, Bartonside, ND 26352",5/21/2020,North Dakota
4342,Cesar,Rodriguez,(036) 907-2954 ext 67130,margaret49@ramsey.net,"08169 Michael Path, West Robert, MN 81350",12/8/2017,Minnesota
4343,Tammy,Tate,(780) 439-4240,arocha@case-hill.com,"63318 Paul Mountains Apt. 974, Woodfurt, HI 47057",3/12/2025,Hawaii
4344,Carlos,Smith,(352) 887-7073 ext 29935,qortega@hotmail.com,"975 Gonzalez Inlet, Palmerland, LA 04869",12/28/2021,Louisiana
4345,Jeanette,Hull,(493) 913-0174 ext 88320,terrylaura@hotmail.com,"78696 Julie Tunnel Suite 526, Kevinburgh, MT 07566",2/27/2022,Montana
4346,Austin,Tucker,(420) 088-2566 ext 2908,pbell@nelson.org,"68340 Jones Valleys, Williamsonstad, NE 02294",8/11/2023,Nebraska
4347,Ronald,Johnson,(848) 228-4027 ext 06597,huberdevin@yahoo.com,"89187 Maria Drive Suite 189, East Rebecca, MS 53537",8/24/2023,Mississippi
4348,Sandra,Brown,(669) 423-3189,cherylpacheco@stevens-soto.com,"472 Cannon Roads, South Amychester, SD 28817",4/28/2020,South Dakota
4349,Lori,Strickland,Invalid Data,angela64@grant.com,"Unit 0907 Box 5745, DPO AP 84504",6/17/2019,Army
4350,Kristin,Richards,(754) 738-7091,rebeccaking@pope.biz,"525 Joel Burg Apt. 078, West Andreafort, KS 89546",4/26/2020,Kansas
4351,Marc,Robinson,(694) 456-3109,markgreen@hotmail.com,"8667 Matthew Run, New Gary, ME 63168",8/27/2015,Maine
4352,John,Watkins,(349) 934-8999 ext 5235,liamy@gmail.com,"32565 Samantha Views, West Donald, HI 92711",4/23/2016,Hawaii
4353,Patricia,Nguyen,(243) 160-8468 ext 723,walkereric@woodard.biz,"PSC 7563, Box 9925, APO AP 87572",10/3/2020,Army
4354,Lisa,Mccarty,(189) 224-1827 ext 62465,agarcia@bishop-mitchell.biz,"7396 Golden Loaf, Michellemouth, FL 19831",8/5/2018,Florida
4355,Jessica,Riley,(407) 660-1026 ext 78541,jjackson@yahoo.com,"0967 Luke Trafficway Apt. 619, Elizabethstad, IN 50361",1/16/2017,Indiana
4356,Carl,Fuller,(412) 653-1332 ext 7913,courtney32@gmail.com,"4545 Clark Light Suite 243, Elizabethbury, ID 87158",12/24/2023,Idaho
4357,Gary,King,(520) 045-5086 ext 096,torreskarina@butler-villanueva.com,"55361 Kimberly Rapids, South Ryan, VA 81582",7/27/2024,Virginia
4358,Ethan,Vaughn,(695) 498-2576,ytownsend@parker.com,"Unit 5630 Box 8076, DPO AP 01979",1/5/2019,Army
4359,Gary,Bradley,(266) 595-6134,seth12@pham-peck.org,"178 Hancock Expressway, West Robertton, OH 48524",11/8/2020,Ohio
4360,Sarah,Hunt,(182) 325-2437 ext 7585,xgutierrez@yahoo.com,"7242 Alicia Port, North Denise, WY 82934",11/17/2016,Wyoming
4361,Jesse,Thomas,(457) 720-8625,robindean@moore.com,"3495 Johnson Squares, Brianland, OH 34391",5/10/2019,Ohio
4362,William,Morales,(686) 913-6454 ext 49063,shelby92@hotmail.com,"Unit 8742 Box 8643, DPO AA 08049",4/30/2017,Army
4363,Savannah,Maddox,(434) 021-1893 ext 05112,natasha09@jordan.com,"562 Katrina Land, Lopezbury, SD 01102",5/28/2022,South Dakota
4364,Jared,Arias,(273) 952-3064,tsmith@yahoo.com,"30451 Jamie Burgs Suite 951, Joannafort, CA 33622",2/19/2016,California
4365,Kevin,Page,(064) 153-2092 ext 989,pwatts@yahoo.com,"340 Davis Plains Apt. 008, Natalieview, CA 08380",5/26/2019,California
4366,Dennis,Olson,(429) 200-9771 ext 402,brandi53@jones.com,"1396 Karen Underpass Apt. 554, New Richardmouth, AK 74940",12/21/2024,Alaska
4367,Robert,Howard,(470) 482-1177 ext 73886,crystalmartinez@yahoo.com,"3846 Debra Drive, West Kristenborough, SC 63050",12/19/2018,South Carolina
4368,Danny,Olson,(283) 179-9788,rodriguezjason@yahoo.com,"PSC 6569, Box 2762, APO AE 94940",11/6/2015,Army
4369,Marco,Oconnor,(870) 732-9781 ext 6093,morenokyle@yahoo.com,"2383 Eric Passage Suite 403, Torresshire, CO 74817",7/18/2019,Colorado
4370,Stephen,Gardner,(022) 830-8984 ext 123,hernandezwendy@murphy-garner.com,"287 Rebecca Field, New Johnborough, FL 58996",8/27/2017,Florida
4371,Angela,Anderson,(556) 313-4026 ext 9861,stevenwright@malone.com,"7699 Buckley Falls, Garyborough, NM 55454",9/2/2017,New Mexico
4372,Lisa,Rubio,(434) 159-7812 ext 1043,francisjoyce@thompson-bryant.info,"450 David Fork Suite 929, Wolfside, KS 19247",12/31/2023,Kansas
4373,Amy,Sherman,Invalid Data,stephanie43@donaldson.com,"748 Sweeney Throughway Suite 400, Patriciaport, CT 41493",7/17/2023,Connecticut
4374,Nicholas,Brown,(884) 998-0649,lcruz@martin.net,"24013 Davis Square Apt. 090, Jamesborough, GA 80664",3/12/2022,Georgia
4375,Erin,Sanchez,(622) 465-5035 ext 712,perezjessica@hotmail.com,"37256 Tonya Rest Apt. 343, Lopezchester, FL 38957",1/22/2017,Florida
4376,Tim,Richards,(303) 392-9702 ext 119,salazarjoel@yahoo.com,"49378 Bradley Squares Apt. 922, Port Andreamouth, TN 33496",2/13/2025,Tennessee
4377,Mark,Turner,(400) 066-9095 ext 5335,chawkins@hotmail.com,"1128 Porter Fort, West Erinfort, HI 06998",2/14/2021,Hawaii
4378,James,Harmon,(169) 373-6353 ext 043,qshaw@gmail.com,"USNV Murray, FPO AP 09934",7/3/2021,Army
4379,Monica,Wall,(306) 113-9882 ext 165,klin@mathews.com,"79405 Amy Port Apt. 723, South Tracyland, MI 75557",8/15/2015,Michigan
4380,Paula,Flores,(149) 050-6195 ext 437,gtownsend@hotmail.com,"36227 Derek Islands, Port Robertborough, VA 76024",1/26/2023,Virginia
4381,Frank,Washington,(130) 374-6670 ext 6576,derek33@gmail.com,"Unit 1109 Box 2135, DPO AP 86460",5/15/2020,Army
4382,Kyle,King,(616) 323-9643 ext 1169,brownchristina@yahoo.com,"318 Meghan Plains Apt. 621, Jacksonburgh, MN 41212",10/30/2019,Minnesota
4383,Max,Saunders,(950) 844-3623 ext 805,jmiller@morris.org,"2734 Campos Mall, Samanthafurt, ND 87303",9/21/2024,North Dakota
4384,Anna,Williams,182799390,jodi13@yahoo.com,"96877 Tracey Trafficway Suite 445, Thomasside, CO 67339",2/1/2019,Colorado
4385,William,Gordon,(233) 070-3900,zjones@hotmail.com,"0731 Rita Mountain, Ramirezfort, WI 61800",6/4/2017,Wisconsin
4386,Chris,George,(533) 562-3269,udunn@gmail.com,"04473 Gutierrez Mills, East Julie, PA 91214",10/26/2022,Pennsylvania
4387,Daniel,Harrison,(784) 295-9904,haynesstephanie@gmail.com,"85426 Nelson Mount Suite 829, New Tyler, NY 46570",9/21/2021,New York
4388,Tammy,Gibson,(126) 941-2311,kgarcia@gmail.com,"9410 Claire Roads Apt. 828, New Andreborough, NM 06678",12/31/2018,New Mexico
4389,Dawn,Ellison,(722) 779-8988,jwilliams@gmail.com,"64972 Jim Mountains Apt. 914, Anthonyton, VA 94757",4/12/2021,Virginia
4390,Adam,Guerrero,(240) 122-8434,nmorgan@henderson-palmer.net,"4954 Linda Cape Apt. 999, Port Karen, UT 40455",1/15/2023,Utah
4391,Connie,Walters,(467) 177-2766 ext 90292,cdunn@blake.org,"12744 Poole Village, North Edward, OK 78415",9/10/2021,Oklahoma
4392,Justin,Smith,(722) 580-3306,freemanjoseph@yahoo.com,"18521 Janet Dale Suite 921, North Cindy, WV 51789",7/15/2019,West Virginia
4393,Thomas,Horne,(849) 286-4694 ext 678,edwardmartinez@yahoo.com,"1019 Dickerson Forks, Jessicashire, KS 23903",10/25/2021,Kansas
4394,Adam,Curry,(144) 994-4768 ext 368,mbray@crosby.net,"770 Sanchez Drive Apt. 806, Kellychester, NH 72468",10/29/2016,New Hampshire
4395,Kathleen,Myers,(021) 131-6025 ext 515,carolyn88@short.com,"23811 Jennifer Bypass Suite 264, Lake Nicholas, RI 61183",7/16/2023,Rhode Island
4396,Kathleen,Johnson,(052) 458-3043 ext 85690,robert22@swanson.org,"3161 Meza Burg Apt. 902, Amandashire, NH 39664",1/6/2021,New Hampshire
4397,Rita,Mejia,(350) 405-5485,davidrodriguez@harrell-simmons.info,"6866 Allen Gardens, Lake Matthewborough, CA 40664",5/23/2019,California
4398,Lisa,Campbell,(977) 125-9126,philipoconnor@yahoo.com,"4124 Rodriguez Curve, Jeffchester, NM 41975",8/20/2022,New Mexico
4399,Ryan,Mendoza,(110) 993-7926 ext 79284,brittany99@frazier.info,"2268 Rachel Springs Suite 283, Fernandezberg, MN 01290",4/25/2023,Minnesota
4400,Christina,Craig,(110) 033-8312,dennissarah@gmail.com,"163 Willis Well Suite 700, Johnathanport, AZ 42110",2/25/2019,Arizona
4401,Todd,Martinez,(558) 424-6462 ext 5594,danielwalker@gmail.com,"48854 Nixon Crossroad Apt. 306, East Frederick, ND 98937",6/4/2015,North Dakota
4402,Kristy,Richardson,(820) 093-0453,brandon12@gmail.com,"021 Cassandra Harbors Apt. 367, Port Alicia, MA 64710",7/25/2019,Massachusetts
4403,Lonnie,Crane,(940) 225-3248,aconner@yahoo.com,"USNS Powell, FPO AE 01475",6/11/2021,Army
4404,Linda,Hayes,(678) 412-3473 ext 0830,kochshannon@gmail.com,"328 Joshua Throughway Apt. 530, Melissashire, OR 42201",11/9/2016,Oregon
4405,Bruce,Wilson,(787) 911-7448,shernandez@hotmail.com,"374 Kevin Cliffs, Lake Elizabeth, VT 25532",10/12/2023,Vermont
4406,Felicia,Foster,(741) 261-6382 ext 386,vtaylor@curtis.com,"345 Peters Pines, Maloneberg, MD 05490",6/1/2015,Maryland
4407,Andrew,Jones,(465) 932-9526 ext 306,michellegardner@yahoo.com,"10413 Sarah Shore Suite 766, Reyesport, UT 12064",1/17/2016,Utah
4408,Jennifer,Matthews,(675) 492-8046 ext 188,jason86@cisneros.com,"5254 Steele Run, South Michael, DE 47286",11/20/2024,Delaware
4409,Cheryl,Jensen,Invalid Data,jacquelineespinoza@liu.com,"152 Joseph Park Suite 661, Hallview, KY 33498",7/1/2018,Kentucky
4410,Teresa,Fox,(116) 767-7699,johnsoneric@yahoo.com,"PSC 3182, Box 7985, APO AP 70159",7/25/2015,Army
4411,Gregg,Fischer,(954) 493-0338,yblack@yahoo.com,"60405 Haynes Pass Apt. 382, Chelseaberg, OR 06295",11/6/2016,Oregon
4412,Suzanne,Rowe,(901) 839-3819 ext 65232,rachaelmoore@wong.info,"92751 Brown Union, East Andrewstad, MD 79903",10/1/2017,Maryland
4413,Robin,Holloway,(028) 022-4700 ext 18978,valvarado@yahoo.com,"337 Justin Branch Suite 202, South Brandonfort, UT 53322",5/10/2020,Utah
4414,Jeffrey,Burke,(517) 106-7303 ext 846,mitchelllaura@hotmail.com,"649 David Turnpike Apt. 039, Carrburgh, TX 85927",4/19/2019,Texas
4415,Christopher,Smith,(654) 385-2426 ext 189,agraham@hotmail.com,"22047 Michael Roads, Nelsonton, GA 59211",11/18/2022,Georgia
4416,John,Gilmore,(943) 671-4317 ext 608,kelly88@gmail.com,"833 Thompson Drives, New Todd, OR 06606",1/23/2024,Oregon
4417,Caleb,Larsen,(834) 442-2150 ext 24215,tina29@yahoo.com,"452 Gerald Trace Suite 055, Sanchezshire, MA 28535",12/2/2022,Massachusetts
4418,Travis,Brown,(679) 496-8276,daughertythomas@gmail.com,"342 Amy Tunnel Apt. 081, Austinton, WA 25531",9/3/2015,Washington
4419,Wendy,Sellers,(020) 871-4696 ext 175,maymatthew@morrow.biz,"3784 Tim Overpass Suite 378, Port Robertburgh, MA 08107",9/15/2018,Massachusetts
4420,Linda,Thomas,(874) 993-0431,cheryl83@yahoo.com,"1485 Michael Point Suite 282, Brewerstad, ID 41101",4/9/2023,Idaho
4421,Bill,Ford,(799) 056-3634 ext 621,smithmonica@stevenson.com,"4659 Cunningham Ramp, East Christopher, ID 85533",1/14/2017,Idaho
4422,Anthony,Warner,(012) 622-0917 ext 21576,erin83@hotmail.com,"9088 Hall Key Apt. 180, West Ricardo, AK 13290",10/4/2018,Alaska
4423,Madison,Mullins,(123) 133-8423 ext 7905,josephcrane@hotmail.com,"6396 Villa Flats, Jonathanfurt, MT 51923",10/8/2018,Montana
4424,Brandon,Nelson,(646) 301-3351 ext 68674,christine64@hodges-bishop.com,"9638 Laura Glen, Port Xavier, ND 58812",11/4/2020,North Dakota
4425,Rachel,Lee,(777) 758-5383 ext 5349,garcialaura@gmail.com,"55375 Flynn Park, New Gary, GA 10069",10/12/2015,Georgia
4426,Charles,Larson,(889) 704-5271 ext 984,christopher91@li-harris.net,"48648 Charlene Harbor Suite 030, Kaylaton, WV 99382",1/14/2018,West Virginia
4427,Dana,Adams,(980) 018-3984,bradleydaniel@rodriguez-graham.info,"539 Burns Terrace Suite 743, Jessetown, IN 36912",7/1/2017,Indiana
4428,Lindsay,Dawson,(330) 056-9464 ext 125,jasminemartin@cameron-black.com,"83052 Valerie Shores, Stephenfort, ME 12570",11/30/2020,Maine
4429,Ariel,Vega,(813) 465-9476 ext 25789,patrickramirez@shaffer.info,"4576 Jonathan Mountains Suite 785, Jamiemouth, VT 09002",6/29/2017,Vermont
4430,James,Evans,(175) 146-1437 ext 099,calebknight@hotmail.com,"51684 Danielle Shoals, Jessicahaven, MT 55868",1/24/2022,Montana
4431,Claire,Kent,(142) 133-4699 ext 19700,smithrhonda@gmail.com,"8480 Collin Brook Apt. 166, North Crystalport, MA 14457",7/30/2015,Massachusetts
4432,Jeffrey,Hughes,(816) 103-7080 ext 77578,jose78@gmail.com,"USNS Norris, FPO AP 68374",12/18/2016,Army
4433,Patricia,Powers,(887) 989-0361 ext 033,portererica@hotmail.com,"39873 Alex Lights, South Robin, ND 79950",3/12/2021,North Dakota
4434,Eddie,Mullins,(211) 299-3025,morgan20@burton-zamora.com,"86277 Lisa Ways Suite 359, South John, UT 24692",1/10/2019,Utah
4435,Jose,Sheppard,(988) 956-4491 ext 892,daykaren@martinez.com,"547 Griffith Turnpike, Scottport, ND 25743",3/17/2024,North Dakota
4436,Amanda,Torres,Invalid Data,daltonryan@gmail.com,"06913 Steven Villages Suite 860, Lake Alisonmouth, WY 98459",2/16/2021,Wyoming
4437,Randy,Contreras,(919) 692-3969 ext 7821,nicholas05@welch.com,"075 Christopher Springs, Harrisville, AK 29889",4/24/2024,Alaska
4438,Cynthia,Grimes,(291) 371-6353,meredith40@henry-parker.com,"173 Harper Village, Sandrafort, KS 37342",11/22/2018,Kansas
4439,Devin,Jones,(048) 433-1282,caitlin37@hotmail.com,"576 Stanley Flats, Port Alexander, SD 74383",5/23/2018,South Dakota
4440,Alexandria,Smith,(361) 437-7680,johnpowell@gray-hughes.biz,"8644 Douglas Vista, West Tracy, ME 92829",7/14/2017,Maine
4441,Denise,Johnson,(747) 663-8286,johnstonalyssa@hotmail.com,"4457 Ethan Mill, Hawkinsview, WY 80942",4/30/2022,Wyoming
4442,Christopher,Morgan,(956) 295-9781 ext 97264,turnerbrad@jones.com,"1611 Trevor Union Suite 605, North Andrew, RI 25257",11/27/2024,Rhode Island
4443,Stephanie,Parker,(934) 564-1140 ext 521,ejohnston@hotmail.com,"220 Ayers Garden, North Michael, LA 97873",12/31/2017,Louisiana
4444,Jeffrey,Henry,(981) 291-6671,fgibbs@mcdonald-hendricks.com,"173 Morgan Knoll, Tuckerbury, AZ 39504",7/30/2018,Arizona
4445,Yvonne,Alexander,(640) 725-2296,brian29@peck.com,"4183 Teresa Orchard, Port Christophertown, IN 84706",10/17/2022,Indiana
4446,Daniel,Scott,(937) 051-6946 ext 449,lisa31@taylor.com,"09461 Brandon Bypass, Caseymouth, WA 71663",11/3/2021,Washington
4447,Jason,Rodriguez,(475) 329-2265 ext 8580,bradfordjoel@vasquez.com,"215 Anthony Inlet Apt. 374, West Daniel, NY 70736",5/21/2023,New York
4448,Angela,Owens,(612) 780-6279,jamesshannon@yahoo.com,"204 Fox Heights, Jacobview, TN 09618",11/15/2015,Tennessee
4449,Anthony,Andrade,(263) 442-4363,vcurtis@byrd.com,"60216 Catherine Knolls, Gonzaleztown, IL 45904",5/7/2019,Illinois
4450,Tracy,Conley,(824) 948-6081 ext 224,yreynolds@trevino-mclaughlin.info,"2131 Ronald Mountains, Grossside, SD 39997",11/3/2020,South Dakota
4451,Paula,Cox,(252) 335-3974,ryanbrett@rodriguez-norman.com,"406 Karl Terrace Suite 080, Christinastad, ID 21381",11/9/2022,Idaho
4452,Johnny,Adkins,(458) 362-4736,rowelarry@andrews-estes.com,"699 Lawson Landing Apt. 758, Murphybury, OH 35330",6/11/2023,Ohio
4453,Stephanie,Campbell,(671) 695-3847 ext 391,regina17@garrett.com,"686 Raymond Isle Apt. 273, North Ashleybury, VT 04510",12/10/2021,Vermont
4454,Robert,Boone,(382) 412-3783 ext 1066,harteileen@gmail.com,"095 Stanton Village Suite 269, Cassandraberg, WI 34232",11/23/2018,Wisconsin
4455,Lisa,Oconnell,(526) 695-0366,kevinlara@hotmail.com,"154 Jennifer Square, Sharonfort, MT 93237",11/24/2015,Montana
4456,Daniel,Wagner,(686) 927-9074 ext 95391,fbenton@gmail.com,"53553 Brittany Hill, North Sally, KY 97286",11/28/2018,Kentucky
4457,Rebecca,Huerta,(278) 406-2788 ext 869,gonzalezgina@gmail.com,"Unit 6157 Box 1011, DPO AE 42654",5/27/2024,Army
4458,Christina,Daniels,(906) 155-5201 ext 3706,anthonymitchell@hotmail.com,"2442 Young Grove Apt. 093, Mooreview, NC 24675",6/25/2023,North Carolina
4459,Kayla,Cruz,(509) 213-4401,qmonroe@hotmail.com,"1780 Anthony Prairie Apt. 935, West Frankton, MI 50548",7/30/2018,Michigan
4460,Susan,Alexander,(912) 140-3875 ext 34140,dannythompson@ponce.biz,"8109 Erika Burg, Ryanburgh, NM 34922",10/25/2021,New Mexico
4461,Douglas,Sims,(652) 819-2188 ext 48118,ocarlson@lindsey-garcia.com,"788 Tiffany Dale, Englishport, RI 96789",6/26/2019,Rhode Island
4462,Alec,Gibson,(893) 904-8759 ext 5078,cabrerathomas@meyers.net,"1369 Hurst Grove Apt. 695, Holmesfurt, AZ 09954",1/20/2020,Arizona
4463,Lisa,Gill,(559) 650-7680 ext 775,josephrobinson@yahoo.com,"04609 Parker Drives, Victoriashire, AL 43800",2/21/2019,Alabama
4464,Ryan,Hudson,(448) 825-2706 ext 02847,scott48@yahoo.com,"420 Charles Mountains, Brandonmouth, AZ 75735",2/6/2023,Arizona
4465,John,Cruz,Invalid Data,kevin68@nguyen-rogers.com,"37527 Brown Creek, West Zacharyfort, DC 47525",12/22/2022,District of Columbia
4466,Sean,Williamson,(135) 575-4255 ext 550,kylegraham@hotmail.com,"8952 Turner Walks Apt. 844, Jonesmouth, NE 59456",3/11/2024,Nebraska
4467,Lauren,Douglas,(771) 918-2209,allen59@yahoo.com,"38881 Perez Divide, Jennifershire, KS 05431",10/9/2015,Kansas
4468,Katherine,Hernandez,(286) 496-3801 ext 780,uclark@hotmail.com,"8423 Connie Roads, West Joshua, MT 84314",9/12/2022,Montana
4469,Colin,Stewart,(273) 113-4157,kelly16@jones-campbell.com,"497 David Rapid Suite 493, Leahberg, CA 92475",10/1/2015,California
4470,Steven,Harper,(591) 951-6192,wharper@hotmail.com,"PSC 1683, Box 0370, APO AA 66513",9/6/2015,Army
4471,Jason,Ramirez,(772) 240-3833 ext 3696,adkinsamanda@gmail.com,"17035 Michael Isle, Burtonhaven, CT 78185",8/7/2019,Connecticut
4472,Bradley,Johnson,(695) 792-9913,jasonkim@yahoo.com,"350 Norton Meadows Apt. 026, Davidville, OK 67019",3/3/2021,Oklahoma
4473,Jason,Willis,(726) 401-3324,maynardsydney@byrd-wilson.net,"256 Eric Crossroad, Hodgestad, WV 09181",1/15/2021,West Virginia
4474,Stephen,Sims,272238724,hoodpatricia@pearson-roberts.biz,"913 Judy Plains, North Richardfort, ID 44927",8/24/2017,Idaho
4475,Tiffany,Lang,(088) 008-1862 ext 1757,graykelly@roth-fuentes.info,"20053 Olson Parks, Michaelfort, SC 01733",1/8/2023,South Carolina
4476,Kayla,Brown,(914) 815-3350,kthompson@hotmail.com,"9569 Hall Extension Suite 902, Dennismouth, IN 54079",4/29/2023,Indiana
4477,Sarah,Sexton,(583) 123-9977,mary99@hotmail.com,"05574 Price Key Suite 884, Mitchellfurt, IA 32270",6/13/2019,Iowa
4478,Allison,Hunter,(162) 851-0711 ext 783,jordanchristine@simmons.info,"PSC 8477, Box 3109, APO AA 90087",8/30/2020,Army
4479,Christina,Sanchez,(774) 034-9200 ext 213,vwilson@walsh-gilmore.com,"8032 Farley Ramp Apt. 857, West Williamberg, CO 51637",8/21/2016,Colorado
4480,Michelle,Garcia,(167) 469-4908 ext 089,danielsmith@yahoo.com,"843 Morris Springs, Brewershire, CO 03231",9/7/2020,Colorado
4481,Dawn,Jones,(868) 690-2482,ithompson@hughes.net,"0465 Maria Key, Port Allisonton, OR 33033",9/13/2015,Oregon
4482,Philip,Tucker,(904) 359-2652 ext 7142,vasquezmichael@yahoo.com,"USCGC Brooks, FPO AA 63463",7/6/2019,Army
4483,Christopher,Blanchard,(286) 352-8817 ext 56750,kevin42@hotmail.com,"707 Amanda Club, Lake Hannahland, OH 14503",1/18/2023,Ohio
4484,Ian,Castillo,(231) 807-2813,griffinwendy@ellis-palmer.info,"979 Sandra Streets Apt. 463, North Lynn, SD 22920",5/16/2021,South Dakota
4485,Sheryl,Anderson,(275) 567-4083 ext 7043,michaelevans@kline.net,"92391 Perkins Motorway, North Stacystad, CA 18448",3/19/2018,California
4486,Mark,Walker,(337) 227-0879,wglover@yahoo.com,"992 Connor Circle Suite 081, Meyerland, IA 77654",8/26/2015,Iowa
4487,Robert,Stewart,(526) 659-9471,pottserik@gmail.com,"8476 Christopher Extensions, Port Jessica, OH 17359",11/29/2016,Ohio
4488,Jennifer,Wolfe,(486) 215-8816 ext 6131,kristawilson@palmer.info,"34477 Johnson Knoll Apt. 651, East Julian, HI 20947",12/12/2015,Hawaii
4489,Janet,Lawrence,(665) 440-3789 ext 693,alexandria08@mendez.com,"589 Courtney Isle, Estradaview, MI 91586",10/31/2021,Michigan
4490,Nicholas,Howard,(473) 917-1281,ortizmatthew@yahoo.com,"2626 Traci Square, Johnville, WA 56251",9/22/2024,Washington
4491,Karen,Zamora,(694) 280-5028,mclaughlinray@yahoo.com,"592 Anderson Pass Suite 705, Amandastad, OH 29523",2/5/2021,Ohio
4492,Richard,Lopez,(145) 389-3289 ext 199,combsmiranda@brown.com,"664 Singleton Street Apt. 643, West Joseph, NY 71837",5/18/2023,New York
4493,Angie,Schneider,(084) 753-7044 ext 1655,johnphelps@rhodes-miller.com,"651 Cynthia Pine Apt. 616, Port Anthony, WV 94737",4/20/2016,West Virginia
4494,Michael,Drake,(197) 679-3518 ext 521,stephen79@yahoo.com,"298 Rickey Dale, Sanchezfurt, NC 03213",10/13/2023,North Carolina
4495,Kayla,Marks,(724) 828-2952,wonglaura@yahoo.com,"USNS West, FPO AE 04618",4/25/2016,Army
4496,Joseph,Serrano,(950) 333-4867 ext 361,wswanson@hotmail.com,"0020 Charles Crescent Suite 324, North Kelly, WA 34411",5/21/2016,Washington
4497,Alicia,Mitchell,(325) 946-0736 ext 06456,rebeccabrooks@bates.com,"2991 Cooper Plains Apt. 171, Simmonsstad, WV 07583",11/23/2020,West Virginia
4498,Anna,Ayers,(823) 723-1521,patricia07@gmail.com,"5723 Timothy Circles Apt. 719, Port Micheleborough, UT 78210",5/20/2016,Utah
4499,Steven,Wright,(258) 046-0660,jlee@gmail.com,"40132 Wilkinson Corner Suite 652, Port Derek, ME 14345",11/12/2018,Maine
4500,Crystal,Romero,(400) 923-9979 ext 988,smithdan@perez.com,"4141 Lawson Villages Suite 874, Keithmouth, CA 77120",12/19/2018,California
4501,Christine,Richards,Invalid Data,alejandra72@gmail.com,"53959 Vazquez Terrace Suite 672, South Anna, CA 04779",6/15/2018,California
4502,Jessica,Mccullough,(347) 296-7353 ext 8746,anna37@brown.com,"32679 Davis Key Apt. 477, Castillomouth, NH 63926",5/2/2021,New Hampshire
4503,Michael,Miller,(653) 633-0774,gbyrd@gmail.com,"PSC 5035, Box 9404, APO AE 13580",12/4/2020,Army
4504,Jacob,Moore,(715) 555-6842 ext 345,hurstchelsea@lawson-bailey.org,"610 Brown Way, New Charlestown, TX 29101",9/17/2020,Texas
4505,Thomas,Kelly,(742) 796-5523,ronaldrivas@yahoo.com,"Unit 3173 Box 7297, DPO AA 79236",11/17/2023,Army
4506,Sydney,Wilson,(803) 631-0277 ext 251,xoliver@allen.org,"621 Murphy Views, West Stephanieville, SC 01449",1/15/2017,South Carolina
4507,Stacey,Brennan,(261) 098-4786 ext 927,colleenweeks@gmail.com,"07842 Webb Oval Apt. 880, North Sean, SC 18993",3/7/2021,South Carolina
4508,Christopher,Davis,(588) 724-9344,charris@yahoo.com,"795 Smith Terrace Suite 620, Nicoleside, SD 99538",11/5/2017,South Dakota
4509,William,Allison,(263) 361-2721,aguirrericardo@yahoo.com,"Unit 1261 Box 0291, DPO AA 26377",4/2/2018,Army
4510,Antonio,Garcia,(381) 885-5194,sophiamiller@hotmail.com,"556 Stephen Passage, North Cathyfort, DC 39620",6/28/2022,District of Columbia
4511,Laura,Powell,(716) 451-6723 ext 8792,christopher66@anderson.biz,"839 Jay Drive Suite 368, Lake Williammouth, IL 89994",12/24/2023,Illinois
4512,Garrett,Garcia,(678) 522-0777 ext 4173,ttownsend@richardson.com,"219 Velez Throughway, Austinmouth, WV 51588",9/19/2023,West Virginia
4513,Kevin,Mcbride,(033) 106-3978 ext 834,michael92@hotmail.com,"110 Michael Junction, North Derekshire, MO 55323",4/3/2019,Missouri
4514,Robert,Gomez,(918) 136-2281 ext 0670,fpalmer@yahoo.com,"61857 Sheppard Road, Payneport, VT 68322",4/12/2025,Vermont
4515,Thomas,Bailey,(993) 275-9548,nicholaspeters@sherman.net,"USNV Contreras, FPO AA 75629",9/15/2024,Army
4516,David,Griffin,(913) 046-1034 ext 6328,christine87@ward.com,"USS Moore, FPO AA 83316",7/11/2020,Army
4517,Allison,Bradshaw,(644) 461-0788 ext 090,marynash@thompson.info,"91672 Jacob Locks Suite 239, Trevorburgh, TN 99823",6/9/2016,Tennessee
4518,Thomas,Marsh,(660) 933-3954 ext 60548,tanya14@medina-jordan.com,"597 Tina Road Suite 327, Tammyshire, VT 59932",5/2/2018,Vermont
4519,Patrick,Brock,(631) 019-4746 ext 43889,jenniferanderson@hotmail.com,"4296 Scott Plaza, Lake Ashlee, NC 04529",4/25/2020,North Carolina
4520,Jamie,Williams,(126) 006-6916,jessica56@curry.biz,"897 Carter Brooks, Kaneland, MA 36228",11/11/2022,Massachusetts
4521,Morgan,Lutz,(212) 544-7369 ext 109,dianaherrera@shields-williams.biz,"1029 Johnson Port, Gloriaberg, DC 87810",4/16/2023,District of Columbia
4522,Cathy,Evans,(878) 546-5773 ext 941,sharonsoto@lane.net,"1819 David Rapids Suite 333, North William, NY 54995",1/19/2021,New York
4523,Benjamin,Davis,(037) 042-1617 ext 046,delgadoraymond@smith-cannon.info,"8468 Taylor Lock, Lake Josephside, NJ 23505",1/27/2021,New Jersey
4524,Christopher,Foster,(590) 364-7841,stevenjones@gmail.com,"4584 Higgins Mission, West Catherinebury, HI 06785",6/27/2020,Hawaii
4525,Maria,Herrera,(064) 439-6957 ext 10610,josephpage@todd.org,"14582 Maria Pines Suite 101, Andresberg, MA 15978",7/18/2024,Massachusetts
4526,Heather,Sexton,(998) 361-6060,ytorres@jensen.com,"83145 Savannah Point Apt. 640, West Stephanieside, OK 40527",4/30/2022,Oklahoma
4527,Jeremy,White,(441) 639-3382 ext 084,oparker@mora.com,"0657 Christian Neck, Hannahside, AK 27205",4/11/2021,Alaska
4528,Anne,Butler,(389) 545-8312 ext 5967,yfrederick@pugh.com,"6527 Davis Skyway Apt. 747, South Kerri, CO 63488",2/4/2019,Colorado
4529,Denise,Chung,Invalid Data,kellernancy@yahoo.com,"0107 Merritt Walk Apt. 445, Katherineville, AZ 52126",1/15/2016,Arizona
4530,Todd,Walker,496243063,michaelmorgan@gmail.com,"3454 Clarke Islands, Port Nicoleview, IN 73628",9/8/2016,Indiana
4531,Lori,Stein,(836) 406-1315,maria61@newton.com,"90521 Christine Turnpike Suite 436, East Ronald, GA 77752",4/12/2024,Georgia
4532,Cody,Robinson,(116) 480-7493 ext 3713,zachary97@hotmail.com,"4239 Brianna Mountains, South Kellytown, OH 75994",5/30/2020,Ohio
4533,Kristina,Acevedo,(402) 647-9010 ext 25100,harmoncheryl@gmail.com,"USS Hill, FPO AA 40057",3/21/2017,Army
4534,Jonathan,Gomez,(336) 877-2965 ext 9453,ryanclark@hotmail.com,"58643 Riley Oval Suite 712, Thomasfort, AR 31113",3/28/2016,Arkansas
4535,Carol,Webb,322973169,frazierharry@hotmail.com,"60184 Richard Forest, North Jacob, PA 08913",2/11/2023,Pennsylvania
4536,Robert,Dodson,(017) 751-5206 ext 2096,cmoyer@wagner.com,"84665 Parker Unions, North Lindsayville, IA 19865",6/21/2017,Iowa
4537,Victoria,Black,(103) 493-8639 ext 293,robert52@yahoo.com,"USS Burke, FPO AA 76135",4/11/2018,Army
4538,Amanda,Harrison,(539) 908-2022 ext 181,michael59@yahoo.com,"308 Martin Spur Apt. 884, East Sandrashire, AR 96722",8/30/2024,Arkansas
4539,Samuel,Long,(611) 822-0198 ext 6498,poncekimberly@yahoo.com,"85022 Jones Lane, New Stevenburgh, SC 50533",9/3/2021,South Carolina
4540,Shawna,Cline,(912) 051-3884,nbrewer@brown-santana.com,"USNS Kennedy, FPO AP 82025",9/20/2023,Army
4541,Stephen,Buck,(783) 620-0616 ext 2463,bellmichael@hicks.org,"98188 Perkins Plaza Suite 990, Cooleychester, SC 17753",10/9/2018,South Carolina
4542,Crystal,Jensen,Invalid Data,heather87@hotmail.com,"83442 Arnold Spur, Blankenshipland, NY 14594",8/17/2022,New York
4543,Theresa,Ray,(425) 438-0930,ljackson@gmail.com,"79200 Eric Ridge, North Josephburgh, NJ 51705",8/17/2024,New Jersey
4544,Eduardo,Phelps,(036) 732-2286 ext 264,gregory96@hotmail.com,"90460 Silva Vista, East Kimberly, MN 33235",5/23/2017,Minnesota
4545,Katie,Tucker,(102) 365-2239 ext 7843,huffseth@guzman.org,"1336 Taylor Roads, Wardmouth, MA 55476",7/5/2019,Massachusetts
4546,Kim,Fleming,Invalid Data,villanuevamichael@yahoo.com,"06514 Cathy Plain Apt. 269, Lake Kevin, OH 99932",8/13/2022,Ohio
4547,Holly,Logan,(657) 524-7399 ext 80624,gbond@hotmail.com,"Unit 2082 Box 3845, DPO AP 21203",10/24/2016,Army
4548,Linda,Thomas,(265) 001-3303 ext 998,stephanie90@hotmail.com,"42828 Laura Ranch Apt. 614, Hallstad, IN 66404",3/19/2025,Indiana
4549,Justin,Brock,(994) 912-4107 ext 8594,philip10@steele.net,"1996 Palmer Ranch, East Seanshire, NY 95578",8/2/2019,New York
4550,Shawn,Mercer,(663) 536-6063,solomondiane@yahoo.com,"906 Johnson Canyon Apt. 807, Lake Kevinshire, VT 50880",7/26/2023,Vermont
4551,Anthony,Moore,(707) 174-5157 ext 71843,andrewperez@yahoo.com,"1307 Barron Island, North Cathyland, HI 07896",9/27/2015,Hawaii
4552,Kimberly,Powell,(488) 039-5080,kelly57@yahoo.com,"96435 Jordan Causeway, Lake Jamesfurt, NC 86752",11/10/2015,North Carolina
4553,Steven,Jackson,(858) 620-3163,ebrowning@bennett-carr.com,"PSC 6629, Box 2782, APO AP 40607",7/25/2016,Army
4554,Donna,Kim,(457) 950-2556,andrew87@hotmail.com,"56532 Kevin Parkway, Jensenberg, SD 43358",3/28/2024,South Dakota
4555,Joshua,Jones,(186) 679-2782,nicolestephens@andrews.com,"USNS Harris, FPO AA 39224",4/28/2022,Army
4556,Donna,Kramer,(516) 835-2160,kserrano@yahoo.com,"564 Smith Path Suite 798, South Lukeborough, OH 53196",9/19/2018,Ohio
4557,Erik,Brooks,(855) 775-7000,matthewcolon@burton.biz,"93216 Gerald Cove, East Natalieborough, FL 45823",4/15/2024,Florida
4558,Aaron,Carey,(340) 033-6642,rosewalter@oconnor-burke.com,"488 Cowan Street, Murphyburgh, WY 72653",7/23/2019,Wyoming
4559,Kimberly,Jackson,(508) 859-5162 ext 12591,nmitchell@gmail.com,"Unit 7344 Box 1951, DPO AP 80929",11/6/2022,Army
4560,Rebecca,Guzman,(688) 843-2459,thomasmartinez@george.biz,"280 Miller Isle, Andersontown, TX 77302",4/1/2022,Texas
4561,Monica,Thompson,(704) 185-1530 ext 77156,kyle87@gmail.com,"83896 Burgess River, East Denisemouth, NJ 06605",6/14/2016,New Jersey
4562,Ricardo,Wong,(537) 125-0936,richard40@lynch.org,"732 Ryan Hills, Carlaport, IN 89933",4/18/2022,Indiana
4563,Amy,Young,(532) 786-3440 ext 66003,nobleamanda@hotmail.com,"432 Barbara Expressway, West Andreaton, NM 62192",5/5/2021,New Mexico
4564,Douglas,Castro,(072) 695-1864,dennismariah@brown.net,"USNS Dunlap, FPO AP 82063",11/23/2019,Army
4565,Michele,Weaver,(896) 969-4908,smithbruce@yahoo.com,"731 Holly Burgs Suite 671, Beckmouth, MD 87863",2/21/2020,Maryland
4566,Jennifer,Lopez,(200) 351-8586,rachel32@rodriguez-adams.biz,"66859 Wu Ports, Rebeccaland, AL 19099",4/17/2017,Alabama
4567,Laura,Bailey,(920) 594-3708,perezmaria@roberts.biz,"31079 Sandra Lakes Apt. 195, Lopezhaven, CA 72375",1/17/2016,California
4568,George,Wagner,(353) 649-4052 ext 831,frank10@kelly.com,"USNV Evans, FPO AE 18300",9/17/2022,Army
4569,Allison,Walter,(188) 793-6137 ext 505,andrew90@gmail.com,"594 Burnett Village, North Davidville, ME 19267",11/2/2021,Maine
4570,Andrea,Mcknight,(532) 138-7047 ext 09958,jacksonthomas@yahoo.com,"365 Conway Extension Apt. 442, Graystad, AZ 91683",9/20/2019,Arizona
4571,Joseph,Thomas,(729) 717-3916,jordan36@nguyen-parsons.com,"34948 Holmes Place, Jasonbury, CO 08970",9/4/2018,Colorado
4572,April,Hopkins,(315) 211-7416,rogerrangel@yahoo.com,"9259 Jones Plains Suite 668, West James, CT 46314",1/15/2024,Connecticut
4573,Natalie,Kelly,(031) 374-2653 ext 636,reynoldskelly@yahoo.com,"11502 Sean Path, Millerhaven, LA 84033",8/3/2019,Louisiana
4574,Daniel,Frank,(693) 828-4876 ext 46637,chenbarbara@yahoo.com,"66555 Wallace Garden, Lake Joelland, GA 42422",2/18/2025,Georgia
4575,Yolanda,Thomas,(233) 564-1521 ext 3414,lwarner@christensen.info,"052 Lee Crescent, Port Matthewfort, KS 70720",10/8/2024,Kansas
4576,Ashley,Bryant,(310) 610-8185,robinsonchristopher@yahoo.com,"22300 Frazier Rapids, Lake Jared, MN 13081",1/7/2017,Minnesota
4577,William,Marshall,Invalid Data,zhayes@gmail.com,"PSC 9274, Box 3053, APO AP 45129",2/23/2019,Army
4578,Wesley,Cummings,(989) 342-6883,mackenziebernard@gmail.com,"01632 Coleman Lock, Harpertown, RI 12327",6/20/2019,Rhode Island
4579,Michelle,Butler,(949) 065-2906 ext 51713,kristenpeck@yahoo.com,"PSC 1351, Box 7383, APO AE 37805",1/4/2022,Army
4580,Taylor,Gonzalez,(848) 840-0515 ext 26316,justin00@hotmail.com,"21734 Robinson Harbor Apt. 535, East Shellyshire, MD 48223",4/10/2023,Maryland
4581,Karen,Leblanc,(778) 721-0212 ext 117,rbutler@yahoo.com,"4420 Thomas Mill Suite 274, Ericstad, DC 75118",7/16/2021,District of Columbia
4582,Lisa,Reynolds,(383) 668-6019,qflores@hotmail.com,"705 Scott Courts Suite 818, Lawrencestad, SD 51184",5/3/2020,South Dakota
4583,Charles,Thomas,(575) 065-1598,hutchinsonjeff@hotmail.com,"207 Sarah Green, Englishstad, WY 29435",7/5/2022,Wyoming
4584,Alejandro,Hendricks,(466) 928-0317 ext 1830,sierra22@yahoo.com,"8972 Tracy Light, Cindyfurt, AR 88531",1/10/2017,Arkansas
4585,Jaime,Dawson,(681) 204-9768,karensimon@hunter.com,"336 Davidson Branch, Lake Billy, NE 91143",12/8/2015,Nebraska
4586,William,Cabrera,(696) 178-7566,bortiz@yahoo.com,"3408 Farley Mews, West Josephton, OK 61328",2/23/2017,Oklahoma
4587,Rachel,Lynn,(168) 747-2173,erin35@yahoo.com,"PSC 5157, Box 7571, APO AE 28168",3/22/2024,Army
4588,David,Davis,(111) 533-8017,gregory47@yahoo.com,"USNV Campbell, FPO AE 13176",5/8/2023,Army
4589,Anthony,Sandoval,(555) 959-5270 ext 22597,greershannon@hale.net,"91680 Preston Ridges Suite 072, New Don, AZ 38735",2/24/2018,Arizona
4590,Timothy,Newman,(290) 122-1373,roy67@lester.com,"24243 Banks Oval, Careybury, AZ 83333",11/29/2022,Arizona
4591,Tyler,Stephens,(813) 163-5506 ext 9842,ronaldroberts@johnson.net,"6650 Joshua Bypass Apt. 821, Port Markburgh, WA 55645",10/4/2019,Washington
4592,Michael,Soto,(416) 714-3415 ext 345,emilysalazar@hotmail.com,"6719 Berry Motorway Apt. 598, New Monica, OK 37416",10/4/2023,Oklahoma
4593,Robert,Marshall,(365) 669-4627,stevenwhite@gmail.com,"552 Katherine Meadows Suite 587, North Christina, HI 06236",7/11/2015,Hawaii
4594,Debra,Williams,(472) 060-0486 ext 80127,ymendoza@jackson.info,"42454 Perry Trail, New Melissa, ND 60201",7/11/2018,North Dakota
4595,Cody,Bryant,(495) 209-6835,millerlaura@gmail.com,"5087 Andre Port Suite 939, Susanchester, RI 37286",12/26/2016,Rhode Island
4596,Amy,Gibson,(727) 665-0926 ext 68021,wbrown@martinez.com,"Unit 7770 Box 8804, DPO AP 52721",12/13/2016,Army
4597,Sarah,Merritt,(648) 193-1245,anthonywilliams@hotmail.com,"PSC 9694, Box 6253, APO AP 84484",9/8/2020,Army
4598,Michael,Schmidt,(404) 738-8414 ext 67235,sking@johnson.com,"USCGC Boone, FPO AP 70931",1/9/2024,Army
4599,Kelsey,Curry,(231) 337-1052 ext 4311,bakeralexandra@oconnor.biz,"Unit 4170 Box 1855, DPO AP 53770",3/8/2019,Army
4600,Tracy,Watkins,(593) 547-8963 ext 443,sarah61@bowers.com,"10883 Lori Brook Apt. 349, Saratown, ID 56384",7/27/2024,Idaho
4601,Jason,Carrillo,(975) 800-9804 ext 99523,mflores@yahoo.com,"48487 Zachary Underpass Apt. 196, Foxburgh, TN 62909",2/10/2022,Tennessee
4602,Nicholas,Stokes,(447) 767-0261,gregoryknight@hughes.com,"4968 Hunter Coves, Lake Danielchester, OH 93233",4/14/2016,Ohio
4603,Craig,Franco,(720) 456-9157 ext 9524,jmccoy@cross.net,"423 Richardson Canyon Suite 156, East Kristin, WA 69684",9/17/2019,Washington
4604,Shawn,Duran,(186) 992-0598 ext 695,alvarezfelicia@hotmail.com,"2418 Farmer Track Suite 711, Richardsonview, IA 47415",5/4/2020,Iowa
4605,Candace,Fuentes,(269) 196-1625,howardjohn@gmail.com,"9529 Avila Prairie Suite 925, North Samuelfort, PA 22304",4/11/2017,Pennsylvania
4606,Chase,Curtis,(240) 338-3720 ext 31756,melendezandrea@gmail.com,"11521 Jeff Tunnel, Danielview, MO 80102",1/11/2021,Missouri
4607,Rebecca,Jackson,(260) 763-6445 ext 131,roberto77@gmail.com,"80327 Tucker Terrace Suite 032, Cameronshire, NJ 78922",6/28/2016,New Jersey
4608,Adrienne,Gallagher,(402) 590-8484,kramos@gmail.com,"5956 Wilson Mills, Garciafort, NM 40345",3/20/2024,New Mexico
4609,Christina,Miller,(945) 184-2123 ext 49426,tiffany54@zavala.com,"64839 Wilson Stravenue Suite 595, Bushton, MA 51768",11/7/2017,Massachusetts
4610,Abigail,Harper,(332) 655-3094,bradleyhicks@yahoo.com,"744 Randy Dale Apt. 193, West Larry, WI 35159",12/27/2017,Wisconsin
4611,Logan,Bean,(614) 365-5911,oliviamcpherson@thornton-day.com,"PSC 9774, Box 8481, APO AA 90307",4/20/2016,Army
4612,Stephen,Mack,(089) 047-9621 ext 743,jonathan60@gmail.com,"663 Andrews Ways Apt. 764, Bakermouth, NJ 89739",8/28/2024,New Jersey
4613,Brendan,Powers,(953) 187-4934 ext 7973,susan20@hotmail.com,"00683 Ryan Valley, East Patrickchester, MD 46931",10/11/2017,Maryland
4614,Mallory,Cameron,(790) 891-7788 ext 769,ggarcia@jones.org,"673 Maria Valleys, Baxterton, WA 94880",6/28/2023,Washington
4615,David,Schultz,(344) 508-8866 ext 7704,panderson@hotmail.com,"2790 Kathleen Islands Apt. 212, Romeroport, VA 98576",2/16/2020,Virginia
4616,Susan,Cook,(757) 457-3233 ext 0207,vsoto@gmail.com,"55738 Courtney Springs, Estradahaven, TN 13222",1/13/2017,Tennessee
4617,Alyssa,Harris,(151) 073-2555 ext 536,wilsonjulie@garza.com,"9411 Paige Crossing, West Michael, SC 14200",3/5/2017,South Carolina
4618,Pamela,Wilson,(124) 537-8522 ext 9737,nicholassawyer@gmail.com,"43130 Kevin Spur, South Johnny, TX 02513",5/23/2022,Texas
4619,Jason,Allen,(166) 505-3799 ext 031,riverajohnny@barrera-schmidt.biz,"910 Hurley Fields, West Heathershire, UT 79275",4/10/2023,Utah
4620,Eric,Vang,(972) 892-6405 ext 4042,buchanandavid@hotmail.com,"99609 Scott Road Apt. 733, New Brendafurt, MA 43147",1/6/2023,Massachusetts
4621,Lisa,Davis,(881) 750-0134,burtonlindsey@hotmail.com,"54952 Anthony Alley, South Matthew, NE 21543",6/24/2021,Nebraska
4622,Steven,Mcknight,(081) 367-8441 ext 190,ywilliams@yahoo.com,"954 Lisa Cape Suite 034, Mariamouth, NM 87944",1/28/2023,New Mexico
4623,Jamie,Duarte,(113) 439-6353 ext 94940,ismith@torres.com,"7265 Shah Knoll Suite 956, East Loriview, WA 73565",11/17/2015,Washington
4624,Abigail,Nelson,(732) 238-4720 ext 8878,daniel44@smith-miller.com,"8652 Julia Tunnel Suite 849, Fernandoshire, AL 82769",8/8/2022,Alabama
4625,Tiffany,Mccormick,(439) 430-3761,lewisdon@hotmail.com,"948 Brandt Walk, West Kimberlyview, MO 21067",9/16/2015,Missouri
4626,Sydney,Rivera,(048) 725-5621 ext 692,seancoleman@gmail.com,"936 Mays Hill, Seanberg, HI 82893",3/12/2022,Hawaii
4627,Jennifer,Frye,(818) 990-1678 ext 1991,dsummers@gmail.com,"01687 Frank Ramp Suite 434, South Richard, VT 50686",6/1/2017,Vermont
4628,Michael,Brown,(487) 713-1072,kimrodney@hunt-williams.com,"834 Doris Well, Diazville, PA 84135",5/29/2017,Pennsylvania
4629,Bradley,Baker,(052) 630-5552 ext 950,brian06@tyler.com,"Unit 3609 Box 6353, DPO AP 36821",8/13/2021,Army
4630,Jimmy,Harmon,(740) 258-0403,vmiller@bond.info,"102 Thompson Spring, Kinghaven, KS 58751",4/24/2020,Kansas
4631,Caitlyn,Woods,(594) 320-5057,willisrobin@stewart-davis.net,"08551 Robert Mountain, Davidsonton, IA 18371",6/1/2018,Iowa
4632,Linda,Davis,(704) 792-7686,kgarza@stewart.com,"42469 Linda Station, New Tonyaside, AL 28638",5/28/2018,Alabama
4633,Michael,Blanchard,(199) 041-4262 ext 241,april02@yahoo.com,"67640 Calhoun Springs Apt. 431, Jonathanside, OH 73645",7/1/2023,Ohio
4634,Anthony,Bishop,(007) 535-8673 ext 5898,xbaker@nguyen.net,"012 Preston Stream, Sawyerside, KS 79605",9/24/2023,Kansas
4635,Tamara,Gutierrez,(294) 110-6585,ahancock@hotmail.com,"82893 Butler Street, Josephville, MT 59868",10/25/2020,Montana
4636,Alex,Davis,(894) 333-9375 ext 31210,alexguerra@gmail.com,"1817 Smith Falls, Lake Kellyfurt, AR 45110",3/26/2020,Arkansas
4637,Cameron,Park,(672) 886-8142 ext 4232,ginaturner@jenkins-curtis.com,"1982 Riley Square Suite 190, Colemanburgh, VA 43036",12/20/2023,Virginia
4638,Jody,White,(740) 724-1656 ext 837,matthew36@yahoo.com,"PSC 0343, Box 4506, APO AP 71148",1/11/2020,Army
4639,Andrew,Stephens,Invalid Data,shieldsrussell@hotmail.com,"5195 Amanda View Suite 274, Ashleymouth, MI 01922",3/22/2019,Michigan
4640,Catherine,Campbell,(721) 409-9255,ctaylor@smith-yates.com,"657 Hardy Coves Suite 588, Rebeccafort, ID 77533",6/27/2021,Idaho
4641,Stephanie,Price,(556) 311-5006 ext 4989,brianadennis@rosales-marsh.com,"0858 Kevin Light Suite 681, New Meganberg, KS 88407",12/7/2020,Kansas
4642,Andrea,Anderson,(631) 859-7929,delgadocheryl@mccormick.com,"026 Kent Haven, Port Michaeltown, AK 29116",2/28/2016,Alaska
4643,Johnny,Lara,(406) 417-8345 ext 79208,brownandrew@roberts.net,"790 Robert Ranch Suite 445, Dixonhaven, ME 64042",5/14/2015,Maine
4644,Anthony,Carney,(009) 416-3197 ext 9561,nancylyons@hotmail.com,"4769 Lance Way, Lancemouth, FL 26202",12/4/2021,Florida
4645,Brian,Mayo,(644) 855-3278 ext 43060,brittanyjohnson@hotmail.com,"68923 Gonzalez Crescent Apt. 678, Hineschester, NY 59422",5/11/2025,New York
4646,Tracy,Leblanc,(393) 116-3527 ext 7788,wwhite@richard-gonzalez.com,"1195 Wilkinson Shore, Lake Nicholas, KS 32141",5/27/2015,Kansas
4647,Beverly,Santiago,(865) 663-1758 ext 7558,rachelmiller@whitaker-castro.biz,"6408 Farmer Course Suite 225, Robinsonland, NM 04359",5/2/2022,New Mexico
4648,Thomas,Reid,(744) 522-9039 ext 531,hodgesrobert@yahoo.com,"052 Andrew Alley, South Shellyton, NJ 20309",4/14/2016,New Jersey
4649,Heather,Li,(476) 952-4044,goodmankayla@yahoo.com,"USNV Young, FPO AP 49684",1/27/2020,Army
4650,Isaiah,Roach,(895) 936-0945 ext 33232,sarahsmith@tran-wilson.com,"895 Chelsea Rapids, Fowlerchester, OK 43304",5/11/2023,Oklahoma
4651,Shelley,Ray,(776) 610-0903 ext 77148,burnssandra@hotmail.com,"305 Rodriguez Rapid Suite 744, Charlesview, MS 32262",11/13/2017,Mississippi
4652,David,Miller,(017) 668-7322 ext 431,lcruz@hotmail.com,"9001 Snyder Ways Apt. 716, Tanyahaven, MI 49884",11/19/2019,Michigan
4653,Joseph,Williams,(447) 065-2659 ext 459,fadams@hughes.net,"1056 Tapia Knolls Suite 991, Port Seantown, AZ 26519",10/2/2015,Arizona
4654,Kaitlin,Gilmore,(710) 581-0485 ext 66862,clarkkevin@diaz-blackburn.com,"Unit 4197 Box 2025, DPO AE 24189",9/10/2021,Army
4655,Robert,Fletcher,(709) 194-3542,sonyajackson@rogers-allen.com,"6317 Brown Square Suite 202, New Jonathan, NH 70843",8/30/2021,New Hampshire
4656,Kelly,Arroyo,(905) 851-7531,gonzaleskara@douglas.com,"989 Jarvis Haven, Juliamouth, MN 09162",9/2/2018,Minnesota
4657,Aaron,Walls,(081) 666-1534,carriebrown@sutton.com,"977 Mitchell Gardens Suite 840, Tuckerport, MD 74394",10/19/2022,Maryland
4658,Bradley,Wiggins,(302) 425-1107 ext 948,dawnhubbard@yahoo.com,"6169 Thomas Heights Suite 991, Tuckerfort, MA 10697",9/30/2022,Massachusetts
4659,Kara,Nelson,(173) 001-0983 ext 3268,veronicabowman@wilson.info,"97244 King Pine, South Sharon, ID 77533",4/20/2017,Idaho
4660,Elizabeth,Mejia,Invalid Data,evansashley@yahoo.com,"588 Jacobs Road, Scotthaven, MS 97299",11/5/2019,Mississippi
4661,Amanda,Hernandez,(013) 933-7259 ext 3418,kennethkelly@yahoo.com,"010 Williams Plaza, Smithfurt, VT 24978",9/11/2022,Vermont
4662,Kurt,Barber,(146) 725-5724 ext 94181,allen06@ross.com,"142 Dakota Harbors Apt. 010, Nicholaschester, OK 90327",2/19/2016,Oklahoma
4663,Erika,Brown,(524) 117-4112 ext 282,uboyd@yahoo.com,"6916 Rubio Junction Apt. 459, West Alyssa, OR 25759",12/9/2024,Oregon
4664,Christopher,Lawson,(910) 762-6001 ext 65472,thomas16@hotmail.com,"3529 Elizabeth Prairie Apt. 335, Lake Jessicaport, SD 26392",7/10/2015,South Dakota
4665,Ryan,Kennedy,(668) 431-6050 ext 7729,joshua68@johnson.com,"Unit 7314 Box 3433, DPO AE 48379",5/26/2021,Army
4666,Kelly,Marshall,(074) 825-0280,meganbrown@diaz.com,"7327 Stephens Stravenue, Robertland, NM 46626",2/21/2024,New Mexico
4667,John,Jones,(485) 058-3382 ext 51463,fgrant@hotmail.com,"USNV Barton, FPO AE 45617",2/4/2016,Army
4668,Jill,Brown,(771) 226-4786,jonathon52@brown-nguyen.com,"5694 Caleb Trafficway, Carlport, MT 49825",8/30/2020,Montana
4669,Joel,Kennedy,(796) 002-3194,marisamiller@gmail.com,"97441 Jerry Mountain, New Peterbury, NV 71453",6/20/2015,Nevada
4670,Tristan,Freeman,(844) 619-2714 ext 26545,smithjason@hotmail.com,"Unit 7146 Box 3256, DPO AE 81298",1/10/2025,Army
4671,Jennifer,Bennett,(951) 283-7686 ext 80133,dustinkelley@yahoo.com,"42951 Jensen Ville, Brendamouth, CT 37863",8/14/2023,Connecticut
4672,Michael,Dawson,(759) 329-8447 ext 4330,ashley38@lara-hall.com,"7459 Ayala Points, West Zacharyview, OR 53052",6/17/2023,Oregon
4673,Adrian,Berg,(692) 288-3043 ext 8325,whitetommy@thomas.net,"752 Smith Course, South Annaside, TN 54101",9/10/2015,Tennessee
4674,Isaac,Ortiz,(111) 670-6385,christina41@green.com,"763 Kevin Oval, Lake Nicole, MS 32691",3/5/2024,Mississippi
4675,Jennifer,Brady,Invalid Data,cgreen@stewart.com,"USCGC Smith, FPO AP 68641",12/8/2023,Army
4676,Michael,Miller,(635) 238-9842,brauncynthia@robles.com,"78918 Andrew Prairie, West Markport, NV 99715",4/5/2017,Nevada
4677,Karen,Sloan,(909) 361-7120,johnnoble@gmail.com,"7104 Thomas Islands Apt. 782, Lake Reneeburgh, WY 46750",11/21/2017,Wyoming
4678,Todd,Park,(333) 232-8001,donna87@yahoo.com,"002 Wilson Canyon, North Wayne, NV 22936",12/16/2021,Nevada
4679,Rebecca,Webster,(995) 906-0968 ext 3613,jameshoover@gilbert.com,"27892 Sharon Viaduct, East Leahfort, IL 17333",8/7/2015,Illinois
4680,Robert,Garcia,(031) 209-3157 ext 92385,contrerasnathan@yahoo.com,"44885 Erica Prairie, Larryport, ID 57761",9/15/2015,Idaho
4681,Donald,Baker,(618) 860-8743 ext 1696,vlowe@hotmail.com,"5228 Davis Courts Suite 910, Stevenchester, WA 14098",8/24/2015,Washington
4682,Anthony,Compton,(949) 267-3128 ext 266,wpowell@dominguez-thompson.com,"6850 Marc Underpass Suite 214, Singhbury, CA 54254",6/18/2024,California
4683,Casey,Anderson,(650) 603-3366 ext 037,kevincole@gmail.com,"377 Peter Junctions, Lake Robert, MI 75858",8/13/2022,Michigan
4684,Sarah,Snyder,Invalid Data,johnwilliamson@gmail.com,"0933 Mary View, New Timothy, MN 59776",11/4/2017,Minnesota
4685,Caitlin,Haley,(406) 953-3084 ext 321,garciaashley@gmail.com,"Unit 6140 Box 9135, DPO AE 40271",8/3/2021,Army
4686,Jennifer,Marsh,(019) 394-5173 ext 529,reyeslinda@yahoo.com,"79326 Matthew Summit Apt. 384, East Codyside, NE 41631",11/8/2018,Nebraska
4687,Emily,Barr,(702) 493-7270 ext 91825,brianwood@reeves.net,"993 Trevor Heights, Laurieview, WY 48317",11/24/2018,Wyoming
4688,Kellie,Chang,(508) 877-1295 ext 7708,bondjeffrey@davenport-shaffer.com,"PSC 6677, Box 2591, APO AE 16810",1/27/2020,Army
4689,Jose,Moore,(302) 648-1480 ext 083,burkejulie@miller.com,"82376 Landry Passage Apt. 870, Patrickville, WY 53092",3/19/2017,Wyoming
4690,Rhonda,Morris,(390) 113-5366,jeffreyvincent@gmail.com,"121 Shawn Views, New Jennifer, ME 16468",8/19/2017,Maine
4691,Christopher,Cochran,(067) 648-8524,knappedward@gmail.com,"8247 Brandt Cliffs Apt. 351, Ericamouth, TN 24716",12/14/2016,Tennessee
4692,Kevin,Martin,(415) 833-8353,jesse84@romero.com,"05335 Larson Crossroad, Port Scott, IA 10658",12/5/2018,Iowa
4693,Francisco,Moore,(998) 903-7435 ext 670,james68@yahoo.com,"5907 Tina Passage Suite 913, Joshuaport, NH 83360",12/17/2020,New Hampshire
4694,Kristine,Chan,573916689,martinoscar@gmail.com,"930 Joshua Rapids Suite 506, South Jasonfurt, OK 91327",12/13/2016,Oklahoma
4695,Alexa,Perry,(019) 430-9462 ext 3994,woodsmary@gmail.com,"211 Kelly Mission Suite 192, Lake Victoriahaven, NV 20556",1/28/2023,Nevada
4696,Danny,Edwards,(885) 647-8183 ext 94516,robertssarah@taylor.com,"Unit 4609 Box 0055, DPO AE 46413",3/14/2019,Army
4697,Christopher,Ortiz,(016) 139-7612,kporter@yahoo.com,"21310 Mason Port, Harveyberg, MT 89603",9/3/2017,Montana
4698,Joshua,Ross,(873) 009-4849,joeltaylor@smith.com,"129 Katrina Prairie Apt. 511, North Cameron, GA 94174",5/29/2020,Georgia
4699,Sara,Snyder,(004) 984-2022 ext 9849,pberg@yahoo.com,"7647 David Causeway, Jamesland, KS 34429",5/17/2018,Kansas
4700,Vincent,Smith,(763) 184-8658 ext 422,brooksrobert@hotmail.com,"Unit 5856 Box 9935, DPO AA 39321",4/23/2017,Army
4701,Rachel,Johnson,(855) 014-7490 ext 564,leematthew@yahoo.com,"78615 Kevin Tunnel Apt. 837, Nataliehaven, DE 77429",6/3/2016,Delaware
4702,Patrick,Jacobs,(907) 293-9574 ext 30378,briansanchez@oconnor.biz,"USCGC Miller, FPO AP 61602",12/13/2020,Army
4703,Troy,Perry,(039) 802-5762,chloelynch@shaw.org,"20646 Davis Path, Ricardobury, IL 11522",6/24/2023,Illinois
4704,Roger,Brown,(656) 639-2356 ext 782,gkaiser@diaz.com,"0852 Cruz Heights, South Amy, IL 62048",12/25/2024,Illinois
4705,Jessica,Wells,(498) 244-8174,ugraham@johnson.com,"82992 Medina Heights Apt. 172, North Jonathan, IL 20575",8/25/2015,Illinois
4706,Todd,Stewart,(217) 686-1994 ext 1436,sharonsanchez@farmer.com,"637 Jacqueline Crest, New Rebecca, MN 56315",4/10/2018,Minnesota
4707,Samantha,Carter,(965) 189-6142 ext 313,valenciastephanie@hatfield.com,"0329 Swanson Circle Apt. 358, Port Theresafort, PA 26841",2/7/2016,Pennsylvania
4708,Kimberly,Bennett,(646) 815-6381 ext 54309,osanchez@sanders-walker.com,"58970 Martin Vista Suite 920, South Garretttown, NV 65625",1/7/2023,Nevada
4709,Stephanie,Stanley,(641) 492-7607 ext 94821,ethompson@hotmail.com,"4874 Hunter Key, Proctorfurt, RI 59144",4/22/2022,Rhode Island
4710,Michael,Short,(960) 901-3790 ext 90824,dawsonkenneth@gmail.com,"781 Evan Ramp, Port Staciechester, NV 14620",9/17/2020,Nevada
4711,Kyle,Austin,(736) 379-0085 ext 19386,ymalone@white-kaufman.com,"872 Stanley Forest Apt. 787, Sarahview, MA 40799",12/26/2021,Massachusetts
4712,Denise,Mendoza,Invalid Data,andrew82@caldwell.com,"213 Clark Wells, Wileyville, AR 22583",12/19/2021,Arkansas
4713,Ryan,Rogers,(044) 622-7382 ext 6535,andrewchurch@gmail.com,"635 Timothy Mountain, Kimberlyfurt, MD 41441",11/22/2015,Maryland
4714,Anthony,Glass,(140) 150-7620,michaelellis@morgan.com,"875 Shannon Plains Apt. 926, North Sarahborough, NC 27448",7/16/2021,North Carolina
4715,Cole,Hall,(726) 456-0212,icoffey@phillips-garcia.com,"Unit 7526 Box 0298, DPO AP 70582",6/3/2015,Army
4716,Justin,Davis,(647) 222-8733 ext 860,cassandrajones@yahoo.com,"PSC 5266, Box 5010, APO AA 51000",2/19/2024,Army
4717,Jonathan,James,(668) 610-5548 ext 6402,peggyjackson@hotmail.com,"41322 Crystal Wells, New Dominique, VA 31605",6/18/2018,Virginia
4718,Natasha,Reyes,(569) 808-1346 ext 88829,goodwinphillip@leonard-richard.info,"510 Kevin Springs, Alisonhaven, CA 59182",2/26/2021,California
4719,Michael,Smith,(292) 636-0650,johnsonmegan@rowe.info,"396 Kayla Hollow Apt. 144, East Jason, SD 58508",8/2/2015,South Dakota
4720,Susan,Schneider,(693) 486-4528 ext 358,bridget86@gmail.com,"792 Margaret Drive, Yatesborough, AZ 60939",2/9/2024,Arizona
4721,Timothy,Snow,(092) 146-1288,ashleystewart@flores-graves.com,"75338 Michael Drive, Olsonfort, WV 68254",7/30/2021,West Virginia
4722,Aimee,Marsh,(268) 112-6791,martinezmichael@gmail.com,"005 Kyle Turnpike Apt. 321, Kaylaville, WI 07876",10/18/2016,Wisconsin
4723,Robert,Morris,(289) 205-4206,michaellambert@mcmahon.com,"8710 Hernandez Junction, South Andrewshire, NC 89781",9/21/2021,North Carolina
4724,Frank,King,(908) 857-9736 ext 1667,xhartman@wilson.net,"287 Christopher Point, Cynthiahaven, OR 42494",5/25/2021,Oregon
4725,Amanda,Ross,(001) 420-6785 ext 57950,samuel88@george.biz,"13860 Fletcher Mall Suite 241, East Jamesberg, AK 07319",11/5/2022,Alaska
4726,Jennifer,Williams,(051) 071-4141,ryan60@rose.org,"134 Gutierrez Place Suite 126, Schultzhaven, AL 94351",11/12/2018,Alabama
4727,Rachael,Fitzpatrick,(591) 604-3945 ext 57170,fcherry@yahoo.com,"468 John Cove, South Victoriaside, OK 97654",3/25/2019,Oklahoma
4728,Mary,Archer,(714) 514-7977 ext 51921,jameswalton@harris.net,"4183 Jennifer Forges, Roseside, ND 01775",3/19/2022,North Dakota
4729,Brittany,Cannon,(263) 527-7364,dustin58@houston-white.info,"03604 Lisa Locks, North Heathertown, MT 32432",11/22/2022,Montana
4730,Raymond,Hinton,(532) 013-9536,petersoncharles@williams.net,"280 Fischer Canyon Apt. 667, Lake Antonio, KS 53744",9/21/2018,Kansas
4731,Kimberly,Hester,Invalid Data,megan02@gordon-dixon.com,"41336 Joshua Streets, Williamfort, DC 49665",2/25/2021,District of Columbia
4732,Kevin,Gilbert,(497) 270-4623,eaustin@jacobson.biz,"615 Kyle Pines, Caldwellhaven, MA 15254",7/19/2016,Massachusetts
4733,Andrea,Hunt,(812) 865-1278 ext 65619,kristin08@hotmail.com,"737 Kimberly Fork, Stephenchester, VT 79214",1/10/2020,Vermont
4734,Christopher,Warner,(169) 311-2601,rodriguezangelica@bradley.com,"905 Humphrey Prairie Apt. 809, Ferrellland, SD 56357",5/8/2024,South Dakota
4735,Joshua,Williams,Invalid Data,brennankathy@yahoo.com,"153 Margaret Union, West Cynthia, MD 95971",3/8/2025,Maryland
4736,Frank,Rogers,(913) 625-8388 ext 527,rebeccasharp@gardner-grant.com,"7676 Linda Canyon, Lake James, WI 25351",12/17/2016,Wisconsin
4737,Caitlyn,Miles,(923) 441-0779,fmonroe@gmail.com,"4477 Sherri Lock Apt. 401, New Mark, MS 65991",5/25/2021,Mississippi
4738,Kristin,Ferguson,(809) 539-1243 ext 23701,karenmoore@gmail.com,"156 Ford Turnpike, Parkertown, RI 53104",5/20/2017,Rhode Island
4739,Justin,Taylor,Invalid Data,ywhite@hotmail.com,"69055 Linda Locks, Jonesborough, MI 99783",10/8/2019,Michigan
4740,Luke,Briggs,(425) 973-6932 ext 4398,kenneth70@hotmail.com,"58820 Jackson Falls Suite 636, New Stephanieville, WV 51081",8/17/2022,West Virginia
4741,Stephanie,Kim,(055) 096-5744 ext 7012,stephanie96@curtis-allen.info,"3053 Lara Turnpike Apt. 545, Smithside, UT 56063",8/7/2023,Utah
4742,Matthew,Fernandez,(236) 358-0316 ext 89621,tiffany16@castillo.com,"0150 Tiffany Islands, Meganton, KY 77279",1/29/2019,Kentucky
4743,Bridget,Wright,(790) 205-8306 ext 16994,joshuamurray@sullivan.com,"93506 Wendy Avenue Apt. 269, North Bradleyfort, MI 22959",5/2/2025,Michigan
4744,Austin,Stone,(997) 751-7828,denise12@gmail.com,"2052 Edwin Crest Apt. 795, Kristinborough, AZ 51379",3/26/2016,Arizona
4745,Kimberly,Summers,(319) 653-7113,pfitzgerald@hotmail.com,"287 Craig Plains, Nancyport, DC 81037",5/15/2024,District of Columbia
4746,James,Castaneda,(956) 325-7502,otapia@wilson.biz,"00636 David Overpass, South Tiffany, IA 88631",12/15/2020,Iowa
4747,Gregory,Dillon,(386) 488-4522,xfrank@yahoo.com,"898 Ian Motorway Apt. 204, West Michelle, DC 42829",10/4/2020,District of Columbia
4748,Ashley,Santos,(674) 864-1202 ext 81032,kylewilliams@mcconnell.net,"875 Jimenez Mills Apt. 281, Juarezfurt, NC 66196",2/7/2017,North Carolina
4749,Jennifer,Sawyer,(420) 501-2794,turnerjessica@hotmail.com,"3457 Drake Forge Apt. 743, Davischester, PA 67516",10/21/2022,Pennsylvania
4750,Michelle,Walker,(045) 539-3800 ext 950,ipark@jefferson.com,"84827 Sullivan Corners, South Robertchester, UT 05835",3/26/2021,Utah
4751,James,Ortiz,(207) 000-6962,richardjohnson@brown.com,"1371 Eric Orchard, Smithside, NH 59398",11/22/2024,New Hampshire
4752,Todd,Mcdaniel,(654) 554-6040 ext 839,martinezchristina@hill-robinson.com,"19407 Berry Freeway, New Daniel, WV 90241",12/21/2015,West Virginia
4753,Daniel,Wright,(969) 490-2526,jesse26@gmail.com,"8312 Kelly Course Apt. 907, East Stephen, MN 14749",1/31/2024,Minnesota
4754,Jennifer,Cooper,(963) 012-6166 ext 020,zallen@gmail.com,"48186 Cardenas Estate, Courtneyfurt, AK 05163",3/28/2019,Alaska
4755,Heather,Figueroa,(523) 472-7006,sbarron@chapman-walker.biz,"00784 Kim View Suite 534, East Shelia, VA 09765",5/17/2019,Virginia
4756,James,Guerra,(207) 458-4570 ext 12520,stefanie63@torres-house.com,"3635 Horton Plaza Suite 777, East Teresa, NC 42792",12/29/2016,North Carolina
4757,Sheila,Smith,(203) 121-9519 ext 446,millerronald@bauer.info,"8992 Butler Fords Apt. 372, New Michael, NC 64855",7/9/2019,North Carolina
4758,Chris,Bryan,(772) 406-6251,steventhompson@pollard-tucker.com,"120 Johnson Stream, Baileymouth, MA 24871",3/13/2021,Massachusetts
4759,April,Smith,(111) 951-6400 ext 32357,matthewhaney@yahoo.com,"53763 Janice Lakes Suite 375, Nguyenberg, OH 02011",11/17/2017,Ohio
4760,Sue,Frank,Invalid Data,wstewart@yahoo.com,"618 Lauren Bridge Apt. 910, Zacharymouth, MT 32595",9/18/2021,Montana
4761,Andrew,Wyatt,(421) 776-1980,pcoleman@saunders-black.org,"6899 Goodman Village Apt. 085, Kevinfort, HI 70590",9/15/2015,Hawaii
4762,Joel,Smith,(414) 897-5372,melanie81@gmail.com,"828 Roberts Dam, Michaelton, KY 80008",8/2/2024,Kentucky
4763,Raymond,Sanchez,(202) 163-7608 ext 9568,kylemiller@hotmail.com,"3241 Brittany Junction, Nicoleton, MD 84463",2/1/2022,Maryland
4764,Sarah,Walker,(083) 120-2566 ext 15680,kennethjones@hotmail.com,"2068 Underwood Ridge, South Hayden, NM 88896",8/12/2022,New Mexico
4765,Daniel,Strickland,(593) 923-7835,gregorydiana@hotmail.com,"1957 Steven Drive Suite 981, Vasquezmouth, PA 15395",11/26/2019,Pennsylvania
4766,Craig,Bell,(415) 856-8055 ext 38585,courtneyhoward@gmail.com,"Unit 6593 Box 1834, DPO AP 64503",6/26/2022,Army
4767,Daniel,Rodriguez,(239) 045-6766 ext 75067,crawfordjack@yahoo.com,"7436 Robert Unions, Whiteshire, CO 80782",11/22/2021,Colorado
4768,Jessica,Kelly,(558) 700-5553 ext 3199,erika69@padilla.info,"42523 Carson Falls, North Amandaland, OH 58245",11/17/2016,Ohio
4769,Lauren,Ray,(622) 723-4079 ext 649,butlertammy@hotmail.com,"9650 William Bridge Suite 996, Rittermouth, CO 80431",2/21/2025,Colorado
4770,Michael,Martin,(080) 925-1670 ext 91493,evanswilliam@gmail.com,"559 Brandon Spurs Suite 295, Kimberlyshire, ME 34110",4/15/2019,Maine
4771,Keith,Newman,(754) 869-0493 ext 082,christophermcintyre@yahoo.com,"449 Smith Springs, Lake Hannah, ID 42615",9/19/2015,Idaho
4772,Erika,Bell,(491) 903-7916,jlynch@schwartz-miller.com,"07107 Liu Islands Apt. 246, Weissstad, VA 82196",4/21/2023,Virginia
4773,Sarah,Griffin,(683) 588-1736 ext 30936,carterantonio@maxwell.com,"90228 Susan Prairie, Marshtown, PA 80573",2/8/2022,Pennsylvania
4774,Erin,Calderon,(571) 504-4592,bethanyclark@gonzalez.com,"630 Blake Estate, South Daniellemouth, SD 12425",2/20/2018,South Dakota
4775,Nicole,Fitzgerald,(948) 648-9418 ext 3553,zwallace@yahoo.com,"168 Samantha Bypass Suite 227, West Lisafort, IN 14504",12/22/2020,Indiana
4776,John,Khan,(270) 553-4067 ext 2438,daniellestanley@yahoo.com,"193 Daniel Ways Suite 537, Lawsonmouth, MI 98753",12/7/2015,Michigan
4777,Douglas,Watkins,(729) 633-3038 ext 6863,david68@yahoo.com,"PSC 3349, Box 0136, APO AE 99034",1/8/2016,Army
4778,Danielle,Cohen,(750) 649-6397,brian54@hotmail.com,"60716 Bennett Station Suite 750, Riveraton, NY 50336",11/28/2016,New York
4779,Austin,Shepherd,(621) 688-0072,williamsdonna@howard.biz,"790 Roberts Trafficway, West Vanessa, MI 81999",11/20/2020,Michigan
4780,Micheal,Romero,(955) 783-1342,butlerdakota@tucker.com,"27287 Willis Locks, Ashleyville, DC 09253",4/8/2017,District of Columbia
4781,Ralph,Blake,(301) 806-1795,timothyadkins@yahoo.com,"025 Herrera Islands Apt. 746, West Garrettside, SD 88215",11/24/2023,South Dakota
4782,Sandra,Golden,(769) 594-2078 ext 989,davisharold@anderson.com,"Unit 0266 Box 7566, DPO AE 01297",11/9/2018,Army
4783,Edward,Chambers,(985) 366-5806,jamesharris@jackson.com,"052 Gina Ports Suite 778, North Isaiah, CA 29936",7/8/2020,California
4784,Jonathan,Johnston,(523) 387-8131,bwood@hotmail.com,"0019 Moore Mall, Martinchester, MI 41045",8/3/2021,Michigan
4785,Brianna,Norton,(230) 666-1124 ext 59757,melissamiller@foster.info,"9787 Huynh Inlet, Danielton, WA 85366",2/12/2018,Washington
4786,Justin,Francis,(710) 826-7955 ext 427,nicholas87@gmail.com,"94605 Tucker Corner, North Michelletown, WA 28097",5/24/2016,Washington
4787,Kelly,Davis,(384) 033-2759 ext 4825,floydwendy@anderson.com,"607 Glen Forest, Ronaldfurt, CO 06007",11/19/2022,Colorado
4788,Andre,Lee,(514) 626-3594 ext 1763,annette09@munoz.com,"69739 William Spring Suite 536, South Michael, NV 13785",12/24/2017,Nevada
4789,Gregory,Alvarado,(924) 853-4481 ext 9793,usampson@yahoo.com,"061 Moore Cape Suite 443, Lake Nancyfurt, MS 26440",11/12/2016,Mississippi
4790,Chris,Martinez,(973) 664-4621,turnerashley@sanchez.com,"PSC 6849, Box 3144, APO AE 64789",6/6/2016,Army
4791,Emily,Ross,(030) 087-9045,srodriguez@gmail.com,"4657 Michele Centers, Port Cody, MT 68564",3/11/2020,Montana
4792,David,George,(019) 316-6057,fpierce@shelton-pearson.org,"8733 Garcia Valley, Bowmanton, KS 08679",8/11/2019,Kansas
4793,Zachary,Smith,(158) 154-1254,nicholsonjimmy@benson.org,"274 Roberson Glen Apt. 187, Port Lisa, NM 95973",9/3/2022,New Mexico
4794,Stanley,Watson,(608) 115-4244 ext 25191,rebeccafleming@hernandez.net,"53045 Kimberly Forges, Lake Williamport, OH 13797",3/3/2021,Ohio
4795,April,Lee,Invalid Data,pchen@hotmail.com,"091 Smith Station Suite 395, Serranoborough, KS 72751",11/24/2017,Kansas
4796,Jennifer,Jones,(141) 721-9203 ext 99406,mary01@wilson.com,"9239 Abbott Throughway Apt. 516, Angelaside, NC 18193",4/11/2025,North Carolina
4797,Daniel,Williams,(916) 997-3998 ext 9912,mholmes@baker-martin.com,"10126 Gibson Plains, Bakerport, VA 46175",10/27/2017,Virginia
4798,Cameron,Stone,(275) 222-1517,keith83@morgan.com,"127 Daniel Common Apt. 555, East Michaeltown, NM 69700",8/14/2022,New Mexico
4799,Samantha,Lane,(694) 080-9251,bwiley@ruiz.org,"739 Wong Summit Apt. 886, West Angelafort, SD 19017",12/20/2020,South Dakota
4800,Melinda,Randall,(496) 094-3512,ffields@rice.com,"380 Samuel Gateway Apt. 846, Port Johnburgh, GA 95304",12/23/2015,Georgia
4801,Tiffany,Taylor,(793) 132-5849 ext 02626,jennifer67@yahoo.com,"139 Jackson Extensions Suite 028, Jesseberg, NE 21407",8/21/2017,Nebraska
4802,Brittany,Rose,(644) 798-2961 ext 9650,kingdean@yahoo.com,"09455 Michael Road Suite 075, Port Alexandra, LA 98370",1/2/2021,Louisiana
4803,Mary,Hamilton,(384) 801-4193 ext 9684,bishopjennifer@gmail.com,"1796 John Causeway, North Ronaldfort, MT 23460",4/18/2025,Montana
4804,Tony,Lowery,(110) 538-0845 ext 517,kellysmith@davis.com,"69494 Chavez Lodge, West John, MN 51705",4/23/2016,Minnesota
4805,Cheryl,Boone,(306) 376-2591,ilester@harris.biz,"941 Mitchell Key, Lake Maria, PA 37145",3/18/2019,Pennsylvania
4806,Nicholas,Hogan,(399) 979-7339 ext 90248,bjones@yahoo.com,"236 Craig Unions, Jamieview, ID 12903",2/3/2019,Idaho
4807,Jared,Turner,(882) 371-1985 ext 643,david60@parker.com,"48911 Madden Park Apt. 734, North Brianside, IL 42416",3/4/2016,Illinois
4808,Robert,Jones,(851) 067-5551 ext 2883,kyle42@wilson.com,"3190 Kathryn Station Apt. 764, Port Kelly, MT 01127",10/7/2016,Montana
4809,Robert,Hill,(319) 597-8723 ext 22707,tflores@morris.org,"382 Miranda Neck, East Randallport, ME 63703",10/12/2021,Maine
4810,Ronald,Watkins,(540) 176-7073,barellano@hotmail.com,"Unit 7886 Box 4739, DPO AA 69798",4/7/2024,Army
4811,Katie,Evans,(154) 477-1129 ext 850,katherine83@gmail.com,"35816 Angela Rapids, Port Sharon, ND 53881",6/28/2024,North Dakota
4812,Olivia,Hamilton,(567) 392-8938 ext 2649,xschultz@long.biz,"6461 Robin Loaf Apt. 411, Melissamouth, WY 25235",12/21/2024,Wyoming
4813,Melvin,Nelson,(425) 482-4400,csmith@gmail.com,"USCGC Kane, FPO AE 57330",4/30/2024,Army
4814,Philip,Benton,(184) 762-6703,ericanderson@hotmail.com,"584 Mcgee Walks, Allenton, NJ 95039",10/3/2023,New Jersey
4815,Yvette,Ortiz,(858) 901-3514 ext 751,chaneypatricia@smith.net,"8885 Erickson Courts Suite 874, Richardsburgh, VA 82556",7/31/2021,Virginia
4816,Joe,Williams,(822) 686-1111 ext 76627,charlesrussell@hotmail.com,"363 Paul Cliff, Lorimouth, AK 20573",10/3/2020,Alaska
4817,Jeffery,Lara,(994) 213-6769,amyperkins@hotmail.com,"70957 Smith Springs Suite 353, West Paul, OH 43019",2/3/2024,Ohio
4818,Laura,Rodriguez,(929) 290-3452 ext 00402,pabbott@humphrey-brown.com,"979 Mcmillan Road Apt. 300, New Pamela, WI 83811",4/9/2024,Wisconsin
4819,Keith,Williams,(474) 874-6411 ext 052,annaking@hotmail.com,"523 Madden Springs, Lake Roberttown, VA 90315",8/25/2018,Virginia
4820,Sean,Clark,(340) 234-6496,arthurbaird@hotmail.com,"007 Jennifer Drive, Ashleyfurt, DC 72998",1/5/2020,District of Columbia
4821,Diana,Vargas,(075) 168-9185 ext 6893,ypeterson@rodriguez.net,"250 Samantha Forges, Juliehaven, TX 84062",11/30/2021,Texas
4822,Donna,Faulkner,(580) 789-5842,katherine22@gmail.com,"9678 Zachary Points Suite 030, Simmonsborough, ID 44614",9/2/2020,Idaho
4823,Veronica,Cruz,(395) 015-5813,sprice@hotmail.com,"78512 Rodney Skyway, New Dennisview, IN 54900",7/21/2017,Indiana
4824,Helen,Barnes,(765) 110-3162,travis71@johnson.com,"4134 Margaret Trafficway, Annahaven, MS 18066",8/17/2024,Mississippi
4825,Casey,Blevins,(516) 852-7202 ext 168,hpham@anderson.com,"95756 Salinas Ramp Suite 769, Vasquezberg, MA 77376",1/23/2016,Massachusetts
4826,Curtis,Matthews,(424) 626-3883 ext 4810,airwin@harris.com,"139 Ricky Wall, Francostad, NM 24281",5/14/2020,New Mexico
4827,John,Salazar,(192) 252-1636 ext 9365,taylorsherry@gmail.com,"1312 Rowe Islands Apt. 721, Port Davidville, NH 14462",8/23/2017,New Hampshire
4828,Lauren,Anderson,(882) 547-1714 ext 358,anthony45@yahoo.com,"97064 Julie Crossroad, Floresstad, NH 39287",11/26/2015,New Hampshire
4829,Rebecca,Chapman,(174) 495-8258,mikerich@hotmail.com,"7895 Taylor Forest Suite 397, Christineland, AZ 45667",1/27/2024,Arizona
4830,Joseph,Wheeler,Invalid Data,bnelson@yahoo.com,"9881 William Highway Apt. 043, Nicholasshire, ME 08632",2/16/2025,Maine
4831,Charles,Navarro,(945) 588-5649,chavezbenjamin@hotmail.com,"USS Price, FPO AE 19561",7/5/2022,Army
4832,Dawn,Ayers,(151) 253-1129 ext 279,xmurray@winters.org,"USCGC Cameron, FPO AA 40503",8/21/2024,Army
4833,Kimberly,Lucas,(997) 395-2618,clarence15@hotmail.com,"8435 Jackson Falls Apt. 176, Ashleeberg, ND 87060",4/26/2025,North Dakota
4834,Kara,Nguyen,(839) 332-9725 ext 09109,jenna28@hotmail.com,"15250 Amanda Mall Suite 236, East Timothy, MT 59052",2/22/2019,Montana
4835,Douglas,Miller,(420) 996-5762 ext 4850,greercory@yahoo.com,"251 Becker Mission, Brianport, OH 68781",4/6/2021,Ohio
4836,Elizabeth,Martin,(692) 853-0209,lmartinez@hotmail.com,"55617 David Ferry Suite 216, New Jasonborough, UT 21744",8/6/2017,Utah
4837,Briana,Black,(871) 339-5260,andreaacevedo@allen-gonzalez.com,"3702 Jose Mountain, Thomasshire, WV 55779",10/23/2016,West Virginia
4838,Megan,White,(223) 709-9216,lturner@yahoo.com,"580 Brown View Apt. 089, New Erikchester, CT 50283",1/13/2019,Connecticut
4839,John,Mcgee,(935) 339-2240,williammiller@gmail.com,"Unit 3488 Box 4834, DPO AA 64495",2/6/2022,Army
4840,Michael,Williams,(145) 293-9894 ext 1769,cwoods@garcia-thompson.net,"1171 Dawn Oval Suite 849, East Ronald, IA 27641",5/23/2024,Iowa
4841,Matthew,Woods,(902) 222-4718,zsimon@lambert.com,"505 Daniel Point Suite 761, Gonzaleztown, ID 46596",4/1/2023,Idaho
4842,David,Pennington,(856) 354-4257 ext 8715,hbennett@wood-sanchez.net,"4066 Phillips Spur, New Jenniferview, NY 32656",1/13/2023,New York
4843,Seth,Wood,(818) 769-3622,harrisonbrittany@yahoo.com,"19623 Kayla Rapid Suite 737, Lake Kristinmouth, VT 70915",11/2/2017,Vermont
4844,Benjamin,Smith,(547) 780-1727 ext 77798,clarkpatrick@gmail.com,"13356 Brittany Ranch, Jasontown, VT 38164",2/23/2020,Vermont
4845,Blake,Huber,(576) 899-3686 ext 62352,julierobinson@gmail.com,"76685 Christine Fords Apt. 298, New Michael, NY 81139",3/3/2016,New York
4846,Jessica,Hall,(212) 363-5460 ext 9737,bushkristie@spencer.net,"33614 Mcdaniel Street Suite 292, Brandonfort, TX 12088",3/28/2017,Texas
4847,Samantha,Cook,(521) 755-1006,theresa24@dillon.net,"48457 Dodson Hill, East Dustin, AZ 65469",5/6/2022,Arizona
4848,Kathleen,Harris,(822) 451-3776 ext 6904,clarkjacob@washington-lee.biz,"606 Christopher Junction, Andersonmouth, SD 62025",6/7/2016,South Dakota
4849,Katelyn,Dickson,(811) 416-5619 ext 121,lewiskendra@hotmail.com,"2459 Natalie Knolls, Port Kristiland, RI 49138",7/26/2015,Rhode Island
4850,Jon,Woods,26604540,amanda34@yahoo.com,"2857 Kyle Pine Suite 355, Millerfurt, MI 09424",9/18/2020,Michigan
4851,Jason,Mcdaniel,(594) 494-2085 ext 8644,homatthew@howard.net,"438 Kennedy Island, Robinsonborough, MN 36396",4/28/2021,Minnesota
4852,David,Herrera,(044) 897-0175,josephhudson@yahoo.com,"192 Mcbride Villages, North Krystaltown, SD 21639",5/15/2020,South Dakota
4853,Aaron,Buckley,(292) 100-5416 ext 3540,amanda42@yahoo.com,"Unit 3116 Box 7025, DPO AP 31467",9/11/2020,Army
4854,Chad,Torres,(293) 254-0663 ext 38102,jamesdavidson@wright.com,"61736 James Alley Suite 538, Morrowhaven, MA 45970",9/7/2020,Massachusetts
4855,Aaron,Garcia,(447) 608-3183 ext 8912,ericharrington@johnson.net,"4032 Andrew Road Apt. 023, East Austin, NJ 63384",7/10/2021,New Jersey
4856,Brandon,Hill,(648) 789-3767 ext 6213,christopherchase@smith-erickson.com,"558 Nielsen Rue, Jordanfort, OH 95591",8/29/2020,Ohio
4857,Richard,Kidd,(017) 696-1277,robert38@miller.biz,"582 Antonio Isle Suite 558, Carrollmouth, WI 81936",12/8/2022,Wisconsin
4858,Geoffrey,Holloway,(966) 111-8020 ext 98711,christian58@hotmail.com,"Unit 3835 Box 2964, DPO AA 93229",6/30/2021,Army
4859,David,Allen,(354) 140-9773,kmyers@yahoo.com,"7821 Brandy Springs Suite 976, Lisaburgh, MO 06530",5/1/2016,Missouri
4860,Alicia,Johnson,(751) 121-3876,hallangela@reeves.org,"Unit 9657 Box 1792, DPO AA 21429",7/29/2017,Army
4861,Miranda,Gamble,(550) 736-0044 ext 7801,hsteele@clay.com,"72401 Kathryn Ports Suite 267, Ericburgh, ME 81695",8/31/2022,Maine
4862,William,Richardson,(164) 880-7585,stephanieprice@santos.biz,"83349 Kimberly Fork Apt. 854, Lake Roberttown, NH 12718",10/23/2018,New Hampshire
4863,Samantha,Camacho,(067) 687-7719 ext 77937,megan65@hotmail.com,"785 Bauer Parkway Suite 059, East Stevenchester, OK 42228",7/23/2023,Oklahoma
4864,Matthew,Rivera,(572) 680-3467,zkramer@gmail.com,"249 Nicole Squares, Adamsfort, NM 96437",8/24/2022,New Mexico
4865,Courtney,Orozco,(234) 580-8281 ext 329,jamescarolyn@yahoo.com,"683 Brian Lake Apt. 403, Johnsonfurt, WA 20174",5/6/2025,Washington
4866,Scott,Rodriguez,(307) 450-0551,jared36@cooke.net,"766 Jackson Bridge Suite 490, Lake Davidfort, AR 45339",5/27/2020,Arkansas
4867,Alisha,Pitts,(264) 760-0480,ujackson@yahoo.com,"938 Jessica Bypass, Roberttown, WY 57034",6/8/2024,Wyoming
4868,Katherine,Villarreal,(611) 304-8337 ext 648,terri38@yahoo.com,"482 Timothy Shore, South Cynthiafurt, MN 19843",10/26/2020,Minnesota
4869,Janet,Parker,(405) 392-2558 ext 743,laura23@yahoo.com,"1903 Ann Expressway, Colonchester, ID 52237",10/8/2016,Idaho
4870,Brenda,Hahn,(264) 758-6087 ext 2062,morrisedward@gmail.com,"703 Sabrina Pine, Haleyburgh, MI 48810",10/19/2021,Michigan
4871,Tiffany,Gardner,(278) 905-3609 ext 0889,cbird@cox.com,"28246 Brian Cliffs Apt. 600, Woodchester, NY 32270",4/3/2022,New York
4872,Matthew,Hebert,(725) 530-0803,johnbaldwin@yahoo.com,"6634 Teresa Isle, Whitefort, RI 08618",12/7/2021,Rhode Island
4873,Tyler,Whitney,(602) 068-9232,jonathan45@hotmail.com,"54001 Mary Expressway Suite 637, North Meaganfurt, CT 19775",8/4/2017,Connecticut
4874,Leah,Boyd,(405) 472-2154 ext 264,leah78@yahoo.com,"2223 Patricia Rapid, Jacobchester, NV 99517",1/10/2017,Nevada
4875,Christopher,Vang,(503) 819-4969 ext 94811,francisruth@holmes.com,"5562 Kimberly Burg Suite 490, Lake Tammie, ND 42260",6/11/2022,North Dakota
4876,John,Randall,(700) 464-3950 ext 96993,nicolefrank@nelson.com,"PSC 6591, Box 4091, APO AA 69666",5/15/2024,Army
4877,Jose,Brock,(532) 243-8884 ext 630,mark40@yahoo.com,"82469 Andrew Garden, Georgeshire, WI 38415",2/22/2021,Wisconsin
4878,Scott,Cooper,Invalid Data,lgarza@yahoo.com,"7108 Cantu Common, New Jessicaberg, OK 55854",1/15/2024,Oklahoma
4879,Jason,Reyes,(789) 834-9843 ext 9986,sabrina70@hotmail.com,"24847 Kristina Green Apt. 305, Boydtown, IA 91199",11/30/2023,Iowa
4880,Timothy,Ray,(705) 608-2477,janemullen@santos-hicks.com,"3474 Wilson Unions Apt. 087, Brandonshire, GA 54165",7/28/2020,Georgia
4881,Jimmy,Lee,(429) 885-8850 ext 496,chris01@hotmail.com,"820 Torres Station Suite 008, West Williamborough, PA 32894",2/11/2021,Pennsylvania
4882,Shawna,Hall,(494) 454-9902,sean01@hotmail.com,"6823 Carmen Springs Suite 857, New Nancyburgh, NH 88821",12/2/2024,New Hampshire
4883,Kara,Phelps,(266) 833-7448 ext 5452,kimberly39@hotmail.com,"984 Williams Tunnel, Heiditon, TX 63570",7/5/2020,Texas
4884,Joanne,Miller,(032) 169-3577,georgedixon@swanson-ross.com,"1396 Collins Knolls, Lake Lisa, CT 64904",10/3/2015,Connecticut
4885,Michael,Chandler,(170) 181-8696 ext 568,christinatucker@banks-reid.info,"1947 Lauren Vista, Burtonmouth, NC 46660",1/19/2016,North Carolina
4886,Michael,Rivera,(363) 144-8979 ext 138,andrew20@yahoo.com,"PSC 7156, Box 9460, APO AP 57119",3/21/2017,Army
4887,Pamela,Hall,(802) 211-9872 ext 1919,heatherrivera@rivera.org,"0292 Anthony Shore, Port Benjaminchester, MO 28346",10/6/2021,Missouri
4888,Melissa,Baker,(384) 053-2450 ext 807,kelsey84@hotmail.com,"14568 Hernandez Dam, South Jamesstad, IN 73449",9/15/2017,Indiana
4889,Todd,Cummings,(453) 897-4419,bishopkimberly@hotmail.com,"12039 Davis Trail Apt. 835, Cindychester, AK 39356",12/22/2017,Alaska
4890,James,Hall,(012) 975-4046 ext 99478,nmoore@rivers.com,"7633 West Track, Joshuamouth, IL 69669",3/6/2017,Illinois
4891,Michael,Martinez,(254) 886-0974 ext 626,joseph11@cannon-morris.com,"46543 Hernandez Viaduct, Kellyborough, NE 85361",9/24/2015,Nebraska
4892,Joshua,Clark,(231) 997-9353 ext 0972,nmartinez@cochran.org,"898 Smith Meadow Suite 066, Port Joe, ME 75763",7/1/2020,Maine
4893,Amber,Hughes,(295) 592-7427,hsandoval@gmail.com,"41749 Scott Oval, West Carly, WI 54191",9/17/2021,Wisconsin
4894,Julie,Johnson,(751) 634-1833 ext 2163,caseygriffin@yahoo.com,"20956 Flores Prairie, North David, WY 76979",10/1/2018,Wyoming
4895,Kenneth,Hall,(533) 496-7526 ext 485,amiller@yahoo.com,"22921 Jacob Spurs Suite 422, Port Erica, WA 52116",10/23/2023,Washington
4896,Ethan,Mayo,(991) 545-0259 ext 7300,kristenperez@miller.info,"25659 Jordan Extensions, Rodriguezstad, LA 66356",1/21/2023,Louisiana
4897,Daniel,Carter,Invalid Data,qreed@yahoo.com,"109 Brock Burgs, Farrellberg, ME 69842",3/26/2017,Maine
4898,Alyssa,Boone,(144) 792-0372 ext 5878,thomasmendoza@gmail.com,"288 Stephanie Field, Duarteport, CA 94459",10/31/2021,California
4899,Heather,Kaufman,(315) 848-2805,mwilson@hotmail.com,"584 Anderson Street, Lake Brendaberg, GA 04045",9/20/2015,Georgia
4900,Zachary,Thompson,(281) 246-5129,gcraig@hotmail.com,"01560 Powell Lodge, Keithchester, OK 33906",1/25/2025,Oklahoma
4901,Travis,Robertson,(804) 423-0074,susanmartin@cannon.com,"3246 Webster Pine, Brandichester, ND 90536",3/25/2022,North Dakota
4902,Steven,Jones,(160) 532-2869 ext 62926,karenmcintyre@briggs.biz,"7937 Adams Lodge Apt. 958, Port Thomas, NV 81430",2/23/2018,Nevada
4903,Tanner,Lewis,(247) 403-2266 ext 144,stephanie38@scott.info,"90234 Anthony Trace, South Destinybury, IL 18571",1/18/2019,Illinois
4904,Mary,Villanueva,(065) 203-2336 ext 83221,davidrodriguez@hughes.org,"39061 Timothy Rapid, South Jessica, TN 91940",8/30/2018,Tennessee
4905,Chad,Ferguson,(921) 067-8915 ext 1404,michael78@yahoo.com,"461 Karen Shore Apt. 598, Aaronchester, TN 34506",4/23/2016,Tennessee
4906,Jennifer,Abbott,(163) 537-5239,pamelaknight@mccarty.net,"2834 Richard Cape Apt. 830, Wandaborough, TX 58653",11/15/2016,Texas
4907,Robert,Brandt,(302) 553-8449 ext 666,shannonbrown@yahoo.com,"0928 Danny Squares, East Randy, IA 00528",5/3/2025,Iowa
4908,Blake,Singleton,(192) 669-5402 ext 94068,lewisjonathan@perkins.net,"54933 Michael Circles Suite 919, North Melissaberg, NH 42137",5/14/2023,New Hampshire
4909,David,Williams,(464) 162-9470,marc98@hotmail.com,"709 John Points Apt. 950, Freemanhaven, OK 73218",9/8/2015,Oklahoma
4910,Anthony,Horton,(414) 105-1589 ext 11621,jacobsmary@hotmail.com,"65267 Mora Brooks, Stephentown, WA 23639",2/18/2023,Washington
4911,Douglas,Carter,(050) 669-6856,felicia43@wade-oliver.info,"21289 Larry Key Suite 093, Millerview, NY 47115",9/22/2020,New York
4912,Mariah,Lee,(458) 711-9458 ext 2251,conniemartin@yahoo.com,"026 Alexander Radial Suite 665, Lake Charlesberg, IL 06075",2/5/2025,Illinois
4913,Taylor,Hall,(383) 234-0847 ext 4101,ryan09@miller.com,"13130 Rios Course Apt. 522, South Christina, NJ 13174",6/11/2023,New Jersey
4914,Gerald,Jordan,(082) 200-1314,contreraskyle@hotmail.com,"09076 King Skyway, Port Thomaschester, DE 52123",7/6/2024,Delaware
4915,Tanner,Mathews,(795) 740-9570,kristendiaz@turner.biz,"Unit 3209 Box 1448, DPO AE 20444",3/6/2021,Army
4916,Ryan,Bishop,(663) 554-8773 ext 5494,elizabethlewis@yahoo.com,"2246 Michelle Garden, New Carlosport, NC 66359",2/23/2018,North Carolina
4917,Gail,Roberts,(676) 773-3299 ext 8472,blankenshipstephen@stanley-bruce.org,"1975 Michael Crest Suite 874, Lunaburgh, DC 55417",9/20/2019,District of Columbia
4918,Jeremy,Bryant,(295) 734-8213 ext 2679,wrightbrianna@young-mckenzie.com,"09268 Erin River Suite 103, Julietown, MA 11662",6/14/2016,Massachusetts
4919,David,Weeks,(524) 076-6482,yjohnston@gmail.com,"734 Acosta Fort Apt. 808, Paulmouth, IA 33002",7/3/2021,Iowa
4920,Ashley,Powell,(538) 139-8308 ext 47618,trevorstark@jones-lester.com,"392 Pamela View, Richardchester, WY 39486",10/3/2023,Wyoming
4921,Jocelyn,Reed,(078) 934-6820 ext 5817,collinsjorge@farley-watts.com,"447 Derrick Lakes, Ryanfort, WY 02028",4/12/2017,Wyoming
4922,Sarah,Davis,(134) 641-8274,allenmelanie@gmail.com,"28155 Jason Garden Suite 285, Port Christine, WV 09690",2/12/2016,West Virginia
4923,Dana,Parker,(085) 732-3766 ext 284,david17@walters.com,"PSC 4455, Box 8904, APO AE 43283",6/1/2015,Army
4924,Jacqueline,Moore,(317) 309-9057 ext 1975,patrick22@reynolds.com,"86133 Walter Plaza, Clarkmouth, NJ 46410",4/19/2021,New Jersey
4925,Cathy,Jimenez,(388) 985-6121,tamiscott@gmail.com,"0939 Shirley Lodge, Maxwellstad, LA 88024",3/30/2020,Louisiana
4926,Lisa,Garcia,(527) 571-7097,jasmineschmidt@yahoo.com,"1118 Dawn Gardens Suite 907, Ellisside, NY 71638",7/28/2017,New York
4927,Barbara,Newton,(652) 637-3764 ext 8850,josephsilva@rush.com,"Unit 0051 Box 9277, DPO AE 20845",12/23/2017,Army
4928,Joann,Shaw,(060) 817-9691 ext 13994,frances63@hotmail.com,"546 Miller Way, Matthewborough, WA 26649",10/27/2017,Washington
4929,Donald,Vega,(483) 699-2376 ext 2978,nsutton@yahoo.com,"0248 Micheal Plain Suite 457, South Shannon, NC 67199",2/28/2021,North Carolina
4930,Allison,Owens,(533) 394-6972,joycelane@morales.com,"28425 Foster Inlet, West Deborahborough, RI 81727",5/4/2020,Rhode Island
4931,Daniel,King,(631) 424-9526,gregoryjose@rocha.com,"676 Craig Cove Suite 446, North Ericmouth, DE 48359",1/26/2023,Delaware
4932,Jackie,Silva,(568) 606-6809 ext 3094,butlermichael@gmail.com,"982 Campbell Union, South Jason, ME 90985",2/24/2023,Maine
4933,Keith,Reyes,(176) 101-4409 ext 0368,grosskylie@gray.com,"329 Villa Lake, West Richardport, WI 02672",2/16/2021,Wisconsin
4934,Amanda,King,(723) 535-6379,mcintyrealison@hotmail.com,"97123 Jones Mission Suite 735, North Thomas, AZ 55560",9/30/2022,Arizona
4935,Stephanie,Weber,(562) 500-4755,ebishop@burton-turner.com,"PSC 6660, Box 5833, APO AE 48088",5/3/2024,Army
4936,Helen,Harris,(845) 848-8416,derek02@gmail.com,"6749 Jones Lights, North Jessicafort, MN 44664",7/25/2015,Minnesota
4937,Joyce,Savage,(570) 862-7262,nhartman@hotmail.com,"905 Guy Unions, Farrellchester, NC 36777",10/25/2020,North Carolina
4938,Ryan,Thomas,(499) 776-0382 ext 3751,hurstjoseph@cowan.info,"22037 Torres Via, New Kimberly, NE 66316",12/27/2023,Nebraska
4939,Andrew,Coleman,(328) 298-2569,john86@hotmail.com,"513 Gonzales Pines, Tylerbury, PA 28428",1/22/2022,Pennsylvania
4940,Lucas,Clark,(760) 013-9788,mcconnelljacqueline@oconnor.com,"763 Reed Station, Beardburgh, DC 96237",3/5/2018,District of Columbia
4941,Alexander,Smith,(151) 013-4961 ext 8351,mcastillo@brown.com,"190 Brandy Stravenue Suite 848, West Justin, AZ 77664",12/30/2022,Arizona
4942,Chloe,Hogan,(436) 895-4509,adkinskimberly@gmail.com,"499 Melinda Springs, North Tony, AR 73956",2/12/2022,Arkansas
4943,Scott,Smith,(419) 324-5914 ext 851,shannonpratt@jones.biz,"24735 Young Avenue Apt. 969, South Dustin, MT 17471",7/12/2015,Montana
4944,Michael,Palmer,(567) 235-6117 ext 145,joselane@yahoo.com,"56262 Kelly Divide Suite 896, Abigailhaven, VT 75165",2/7/2017,Vermont
4945,Bethany,Mcbride,Invalid Data,spencer17@gmail.com,"PSC 9279, Box 0419, APO AP 29590",9/9/2019,Army
4946,Christine,Padilla,(169) 131-5063 ext 782,pamela60@brewer.com,"765 Jacob Road, Lake Walter, SD 96519",6/7/2018,South Dakota
4947,Sarah,Hartman,(701) 028-3593 ext 96617,denise66@bell.com,"653 Velazquez Creek Suite 551, Brownburgh, MN 99199",8/14/2022,Minnesota
4948,Katherine,Hamilton,(434) 877-3246,monica07@gmail.com,"988 Lynn Trace Apt. 482, Loganmouth, DE 99019",10/20/2018,Delaware
4949,Desiree,Blanchard,(339) 061-7785,barrettdavid@yates.com,"3975 Shelton Shoals, Andrewberg, MD 18587",10/1/2018,Maryland
4950,Dustin,Mitchell,(190) 441-4861 ext 54577,jnelson@bryant-harris.net,"70240 Munoz Forks, South Jameshaven, HI 60531",6/18/2016,Hawaii
4951,Dawn,Weber,442056085,porterchristopher@burke.biz,"315 Christina Prairie, Youngview, IL 55319",10/26/2022,Illinois
4952,Kenneth,Becker,(259) 371-5872 ext 5232,shannon73@gmail.com,"756 Miranda Hills Apt. 465, North Noah, AZ 48213",10/20/2017,Arizona
4953,Jessica,Alvarado,(266) 311-7065,carla52@lloyd.com,"888 Heather Forest Suite 066, Glassbury, PA 16754",2/7/2018,Pennsylvania
4954,Steven,Franklin,(775) 049-8314,rebekahmorales@mccoy-watson.com,"32124 Bell Light Apt. 033, East Shaneside, UT 04826",11/22/2023,Utah
4955,William,Smith,(006) 182-4964 ext 574,ewingamanda@obrien-nguyen.com,"744 Green Bypass, Meghanborough, CA 49049",8/21/2016,California
4956,Amy,Vargas,(145) 550-8032 ext 568,wkennedy@chen.info,"Unit 3768 Box 7730, DPO AP 50763",1/5/2023,Army
4957,Jennifer,Lopez,(758) 660-6717 ext 1856,marissa41@yahoo.com,"5495 Tara Hills, Melissaburgh, RI 87934",12/29/2019,Rhode Island
4958,Carol,Moreno,(576) 427-4645 ext 144,davidmoore@smith-jackson.com,"293 David Ports Apt. 555, Beckfort, KY 31480",3/30/2019,Kentucky
4959,Paul,Wilson,(788) 530-4413,jharrison@berger.org,"5612 Amber Key, New Whitneytown, OH 20403",5/29/2018,Ohio
4960,Patricia,Barron,(444) 072-9009 ext 506,brandongonzalez@charles.org,"271 Jessica Drives, Port Petermouth, FL 29027",2/25/2025,Florida
4961,Sheryl,Johnson,(459) 081-6356,amy21@yahoo.com,"82687 Smith Ports Apt. 678, Jenkinsport, OR 91586",10/6/2024,Oregon
4962,Brett,Maddox,(417) 719-9646,michael17@gmail.com,"Unit 0631 Box 8193, DPO AP 41711",10/9/2019,Army
4963,Michelle,Marshall,(118) 769-1790,william99@garcia.com,"368 Dougherty Ports Suite 748, Lake Monica, UT 41995",4/5/2017,Utah
4964,Joseph,Mcfarland,(993) 750-9698,lancesmith@yahoo.com,"729 Reyes Field, South Josephport, CA 08265",3/7/2018,California
4965,Patrick,Christensen,(995) 384-1417 ext 39407,shannonjesus@hotmail.com,"0673 Christine Lights Apt. 652, East Andrewmouth, LA 67283",5/22/2019,Louisiana
4966,Jason,Ray,(675) 642-0933,wcastro@lynch.info,"PSC 1742, Box 9282, APO AP 68232",9/26/2021,Army
4967,Linda,Maxwell,(961) 327-2414 ext 601,fprice@gmail.com,"20092 Fowler Port Apt. 734, South Savannah, HI 15173",7/19/2024,Hawaii
4968,Kathryn,Mcdaniel,(536) 348-1212 ext 67303,katherine33@yahoo.com,"PSC 8916, Box 3192, APO AE 66011",8/25/2024,Army
4969,Gregory,Chandler,(219) 132-9564 ext 2989,raymond30@miller-carroll.biz,"049 Bell Landing Suite 818, Petersonhaven, WA 85626",4/10/2022,Washington
4970,Ruth,Black,(867) 971-0190 ext 378,kcollins@yahoo.com,"5141 Christina Flat Suite 850, West Connor, LA 24353",4/20/2016,Louisiana
4971,Deborah,Lopez,(708) 982-4153,castillomonique@yahoo.com,"88268 Stephen Ports Suite 152, Valeriefurt, ID 10117",10/24/2023,Idaho
4972,Kimberly,Green,(781) 570-6604 ext 62959,raymondwilliams@yahoo.com,"3199 Sergio Terrace, South Angelafurt, AK 21275",10/31/2021,Alaska
4973,Timothy,Chavez,(828) 011-5199 ext 13782,enash@gmail.com,"28988 Mckenzie Radial Apt. 925, Seanchester, DE 30695",9/5/2022,Delaware
4974,Brandi,Martin,(239) 695-6621 ext 54658,smithangel@gmail.com,"2145 Ellis Green, East Tomchester, AZ 25766",6/17/2022,Arizona
4975,Eric,Ward,(109) 749-5924 ext 33725,marymonroe@swanson-merritt.biz,"4786 Amanda Via, East Anthonyfurt, LA 72758",4/30/2021,Louisiana
4976,Robert,Suarez,(796) 370-5839,lawrencefernandez@hotmail.com,"52792 Cantrell Crescent, East Wayne, TX 73385",8/11/2016,Texas
4977,Michelle,Moore,(152) 503-2458 ext 3769,james73@hotmail.com,"312 Darren Highway, Tarahaven, NY 77371",9/30/2019,New York
4978,Adrian,Brown,(488) 009-9665,trhodes@sanchez-harrell.com,"76871 Deanna Rest, South Joseph, AR 76984",12/28/2021,Arkansas
4979,Courtney,Hooper,(135) 844-2451,martinroberts@meyer.biz,"25633 Kenneth Knoll Apt. 376, South Tracey, NH 10677",4/10/2017,New Hampshire
4980,Frederick,Allen,(363) 988-3891 ext 354,maria83@hotmail.com,"50116 Nicholson Port, North Emilymouth, NV 56438",12/13/2021,Nevada
4981,Kara,Martinez,(066) 366-0419,nholland@hodges-smith.biz,"094 Gilbert Divide, Butlermouth, WV 21554",5/9/2021,West Virginia
4982,Carrie,Sullivan,(798) 590-1205 ext 83996,gonzalesjulia@hotmail.com,"96118 William Streets Suite 978, North Miguelville, TX 76522",4/30/2017,Texas
4983,Mark,Rodriguez,(592) 526-4833 ext 1138,joshua99@smith.com,"951 Sarah Spurs Suite 884, South Brendafort, NE 38785",6/9/2022,Nebraska
4984,Tiffany,Baldwin,(020) 429-0125 ext 22619,nicholemurphy@robinson.com,"PSC 4903, Box 2170, APO AA 63399",12/23/2024,Army
4985,Edward,Vaughn,(566) 588-8902 ext 1528,harrisonkaren@yahoo.com,"8659 Johnson Land, Brendafort, CA 67273",9/27/2015,California
4986,Richard,Vazquez,(348) 568-4517 ext 820,patricia47@hotmail.com,"Unit 0309 Box 4779, DPO AP 48213",4/26/2021,Army
4987,Laura,Willis,(633) 790-5548 ext 4176,vgarcia@gonzalez.com,"667 Burns Walk, Morrisport, ID 28313",6/3/2023,Idaho
4988,Leonard,Davis,(593) 411-2806,asmith@brown.com,"8126 Amanda Trail Apt. 105, South Johnny, IA 56105",1/2/2020,Iowa
4989,Luis,Morales,(472) 223-0316,wardcasey@anderson.info,"8257 Jonathan Street, Joshuatown, WV 14101",4/16/2016,West Virginia
4990,Timothy,James,(437) 210-6401 ext 53832,josephbutler@hotmail.com,"1425 Wright Trail Suite 373, Port Jessica, DC 66118",7/20/2019,District of Columbia
4991,Joel,Winters,(967) 463-0309 ext 73583,phillip26@hotmail.com,"3435 Valerie Land, Brownhaven, AR 08736",10/19/2024,Arkansas
4992,Bobby,Young,(297) 014-0287 ext 552,nwilliams@espinoza.biz,"3615 Jerry Springs, Russellside, KS 03914",3/13/2021,Kansas
4993,Kurt,Reynolds,(884) 733-7686 ext 4278,rebecca20@gmail.com,"104 Larson Village, Robertchester, MA 46677",4/5/2019,Massachusetts
4994,Allison,Walker,(743) 020-9306 ext 26312,albert62@ward.com,"0731 Carter Canyon, Carlosfurt, NM 18732",1/10/2018,New Mexico
4995,Samuel,Maxwell,(449) 815-5139 ext 5529,jacob74@maxwell.info,"2980 Scott Forge Suite 198, West David, WV 88743",1/24/2022,West Virginia
4996,Toni,Rivera,(931) 263-9930 ext 318,phelpsvanessa@gmail.com,"80759 Brennan Pines Suite 917, Ashleyberg, CO 20495",7/10/2016,Colorado
4997,Mark,Vasquez,(771) 739-2512,stoneamanda@king.com,"389 Christopher Mount Suite 748, Stevenston, AR 51834",6/19/2021,Arkansas
4998,Alyssa,Becker,(126) 870-8435 ext 9585,mreyes@yahoo.com,"4444 Smith Villages, Lake Gilbertbury, ID 13118",6/28/2016,Idaho
4999,Mary,Torres,(584) 018-9295 ext 7963,psexton@gmail.com,"3491 Marc Freeway Apt. 884, Lopezton, MS 61950",2/18/2017,Mississippi
5000,Kimberly,Cook,(872) 272-0453,cmichael@hotmail.com,"02737 Chase Views Suite 603, South Michaelburgh, WV 58848",11/3/2019,West Virginia
